# x_m,y_m,s_m,psi_rad,kappa_radpm,velocity_mps,acceleration_mps2,d_left_m,d_right_m
5.472895,-7.119361,0.000000,0.3588495,1.4521286,0.0000000,0.0000000,1.259672,1.938718
5.545982,-7.087055,0.079909,0.4729042,1.4043512,0.0000000,0.0000000,1.269716,2.156573
5.615050,-7.046858,0.159822,0.5793060,1.2599988,0.0000000,0.0000000,1.287676,1.460097
5.679766,-6.999968,0.239740,0.6720923,1.0628359,0.0000000,0.0000000,1.309409,1.459723
5.740283,-6.947761,0.319664,0.7488029,0.8571393,0.0000000,0.0000000,1.324762,1.876417
5.797074,-6.891517,0.399593,0.8097896,0.6690576,0.0000000,0.0000000,1.325420,1.643507
5.850757,-6.832296,0.479524,0.8569174,0.5102154,0.0000000,0.0000000,1.308436,1.460844
5.901957,-6.770913,0.559457,0.8925796,0.3821099,0.0000000,0.0000000,1.277053,1.317907
5.951235,-6.707975,0.639392,0.9191427,0.2825217,0.0000000,0.0000000,1.238314,1.208836
5.999060,-6.643925,0.719327,0.9387145,0.2071718,0.0000000,0.0000000,1.193861,1.138309
6.045800,-6.579079,0.799262,0.9530403,0.1512640,0.0000000,0.0000000,1.137388,1.081288
6.091741,-6.513664,0.879198,0.9634920,0.1102395,0.0000000,0.0000000,1.069271,1.024641
6.137094,-6.447839,0.959134,0.9710772,0.0795428,0.0000000,0.0000000,1.008509,0.980261
6.182021,-6.381724,1.039069,0.9764768,0.0555572,0.0000000,0.0000000,0.965489,0.944099
6.226652,-6.315408,1.119005,0.9801111,0.0353717,0.0000000,0.0000000,0.931383,0.909322
6.271093,-6.248964,1.198941,0.9822139,0.0172424,0.0000000,0.0000000,0.899011,0.879700
6.315440,-6.182458,1.278877,0.9829303,0.0006824,0.0000000,0.0000000,0.868316,0.853692
6.359783,-6.115949,1.358813,0.9824145,-0.0135883,0.0000000,0.0000000,0.849323,0.830673
6.404193,-6.049485,1.438749,0.9809231,-0.0237263,0.0000000,0.0000000,0.844335,0.813655
6.448724,-5.983102,1.518684,0.9788987,-0.0269262,0.0000000,0.0000000,0.842478,0.802807
6.493388,-5.916808,1.598620,0.9770275,-0.0198915,0.0000000,0.0000000,0.838788,0.794731
6.538145,-5.850577,1.678556,0.9762861,0.0013424,0.0000000,0.0000000,0.833598,0.789136
6.582880,-5.784331,1.758492,0.9779537,0.0403802,0.0000000,0.0000000,0.827913,0.787218
6.627381,-5.717928,1.838428,0.9836041,0.1009926,0.0000000,0.0000000,0.822591,0.788864
6.671322,-5.651153,1.918363,0.9951046,0.1867517,0.0000000,0.0000000,0.817394,0.793296
6.714235,-5.583714,1.998298,1.0146016,0.3010683,0.0000000,0.0000000,0.810400,0.802264
6.755483,-5.515244,2.078232,1.0445510,0.4482890,0.0000000,0.0000000,0.800893,0.822010
6.794216,-5.445324,2.158164,1.0877325,0.6321993,0.0000000,0.0000000,0.791812,0.856200
6.829329,-5.373520,2.238093,1.1472224,0.8564905,0.0000000,0.0000000,0.785751,0.908006
6.859408,-5.299473,2.318017,1.2261655,1.1193138,0.0000000,0.0000000,0.782823,0.983171
6.882727,-5.223036,2.397932,1.3270556,1.4064765,0.0000000,0.0000000,0.782718,1.113603
6.897344,-5.144479,2.477837,1.4502243,1.6782899,0.0000000,0.0000000,0.789421,0.839105
6.901421,-5.064688,2.557732,1.5918468,1.8703163,0.0000000,0.0000000,0.811965,0.830557
6.893736,-4.985170,2.637621,1.7431199,1.9211770,0.0000000,0.0000000,0.860883,0.826284
6.874149,-4.907718,2.717511,1.8925571,1.8240004,0.0000000,0.0000000,0.934048,0.824147
6.843623,-4.833882,2.797408,2.0305519,1.6331944,0.0000000,0.0000000,1.030441,1.114073
6.803775,-4.764621,2.877314,2.1523085,1.4160671,0.0000000,0.0000000,1.162528,0.980836
6.756344,-4.700306,2.957228,2.2575008,1.2176263,0.0000000,0.0000000,0.790617,0.880378
6.702858,-4.640923,3.037147,2.3483255,1.0559414,0.0000000,0.0000000,0.790019,0.809630
6.644528,-4.586286,3.117070,2.4278036,0.9333678,0.0000000,0.0000000,0.790318,0.750650
6.582263,-4.536174,3.196995,2.4988624,0.8450795,0.0000000,0.0000000,0.790467,0.702059
6.516740,-4.490401,3.276923,2.5639763,0.7845097,0.0000000,0.0000000,0.790542,0.667758
6.448466,-4.448842,3.356851,2.6250665,0.7443366,0.0000000,0.0000000,0.619218,0.646851
6.377834,-4.411428,3.436780,2.6835126,0.7183152,0.0000000,0.0000000,0.541029,0.631729
6.305168,-4.378136,3.516709,2.7402209,0.7008296,0.0000000,0.0000000,0.517414,0.623592
6.230750,-4.348968,3.596639,2.7957087,0.6877640,0.0000000,0.0000000,0.523978,0.624052
6.154842,-4.323935,3.676569,2.8502228,0.6764546,0.0000000,0.0000000,0.561145,0.633000
6.077691,-4.303041,3.756499,2.9038628,0.6658804,0.0000000,0.0000000,0.644493,0.649764
5.999538,-4.286281,3.836429,2.9566987,0.6563235,0.0000000,0.0000000,0.793920,0.673504
5.920613,-4.273644,3.916359,3.0088551,0.6488694,0.0000000,0.0000000,0.873003,0.705297
5.841138,-4.265118,3.996289,3.0605401,0.6445226,0.0000000,0.0000000,0.926658,0.741277
5.761330,-4.260700,4.076220,3.1120055,0.6433705,0.0000000,0.0000000,0.968627,0.789146
5.681400,-4.260390,4.156150,-3.1197474,0.6437002,0.0000000,0.0000000,1.002692,0.852333
5.601560,-4.264188,4.236081,-3.0683843,0.6416387,0.0000000,0.0000000,1.030736,0.915897
5.522019,-4.272065,4.316011,-3.0175246,0.6311023,0.0000000,0.0000000,1.054294,0.993615
5.442973,-4.283927,4.395942,-2.9681240,0.6051166,0.0000000,0.0000000,1.074719,1.085641
5.364587,-4.299572,4.475874,-2.9216865,0.5569303,0.0000000,0.0000000,1.093471,1.184885
5.286968,-4.318664,4.555806,-2.8801232,0.4831100,0.0000000,0.0000000,1.111407,1.286639
5.210136,-4.340712,4.635740,-2.8454831,0.3836575,0.0000000,0.0000000,1.129981,1.383649
5.134008,-4.365084,4.715674,-2.8196284,0.2632512,0.0000000,0.0000000,1.151586,1.361505
5.058404,-4.391040,4.795609,-2.8039399,0.1292776,0.0000000,0.0000000,1.180257,1.291406
4.983070,-4.417771,4.875545,-2.7991441,-0.0092903,0.0000000,0.0000000,1.209644,1.242565
4.907718,-4.444450,4.955481,-2.8052478,-0.1434224,0.0000000,0.0000000,1.200481,1.195741
4.832070,-4.470276,5.035416,-2.8215659,-0.2648599,0.0000000,0.0000000,1.137353,1.156681
4.755899,-4.494515,5.115351,-2.8468145,-0.3668851,0.0000000,0.0000000,1.104812,1.123079
4.679057,-4.516534,5.195284,-2.8792685,-0.4451746,0.0000000,0.0000000,1.092973,1.091973
4.601489,-4.535832,5.275217,-2.9169519,-0.4977625,0.0000000,0.0000000,1.073932,1.062271
4.523220,-4.552054,5.355150,-2.9578687,-0.5261004,0.0000000,0.0000000,1.050865,1.033295
4.444342,-4.564994,5.435082,-3.0002047,-0.5332847,0.0000000,0.0000000,1.022588,1.004128
4.364987,-4.574579,5.515014,-3.0424633,-0.5241601,0.0000000,0.0000000,0.990940,0.973797
4.285300,-4.580844,5.594947,-3.0835308,-0.5034712,0.0000000,0.0000000,0.955398,0.941707
4.205426,-4.583906,5.674879,-3.1226496,-0.4753859,0.0000000,0.0000000,0.913213,0.907988
4.125493,-4.583935,5.754813,3.1238270,-0.4431518,0.0000000,0.0000000,0.874685,0.873397
4.045609,-4.581137,5.834746,3.0897754,-0.4088860,0.0000000,0.0000000,0.844714,0.840060
3.965858,-4.575730,5.914680,3.0584880,-0.3739770,0.0000000,0.0000000,0.816247,0.809258
3.886304,-4.567942,5.994614,3.0299858,-0.3391878,0.0000000,0.0000000,0.790451,0.781113
3.806990,-4.557999,6.074549,3.0042407,-0.3049859,0.0000000,0.0000000,0.768857,0.756166
3.727942,-4.546125,6.154483,2.9811936,-0.2716717,0.0000000,0.0000000,0.751032,0.736324
3.649171,-4.532536,6.234418,2.9607633,-0.2395099,0.0000000,0.0000000,0.738448,0.723380
3.570674,-4.517440,6.314353,2.9428486,-0.2087268,0.0000000,0.0000000,0.727953,0.716829
3.492440,-4.501035,6.394289,2.9273277,-0.1796119,0.0000000,0.0000000,0.716272,0.714964
3.414450,-4.483507,6.474224,2.9140523,-0.1525431,0.0000000,0.0000000,0.706345,0.715187
3.336680,-4.465026,6.554160,2.9028461,-0.1278393,0.0000000,0.0000000,0.702719,0.715982
3.259104,-4.445748,6.634096,2.8935067,-0.1058341,0.0000000,0.0000000,0.703055,0.717266
3.181694,-4.425812,6.714031,2.8858092,-0.0867587,0.0000000,0.0000000,0.702936,0.718302
3.104425,-4.405337,6.793967,2.8795129,-0.0707772,0.0000000,0.0000000,0.702223,0.720276
3.027274,-4.384421,6.873903,2.8743669,-0.0579766,0.0000000,0.0000000,0.704796,0.724351
2.950222,-4.363145,6.953839,2.8701205,-0.0482664,0.0000000,0.0000000,0.708957,0.730324
2.873253,-4.341568,7.033774,2.8665320,-0.0415189,0.0000000,0.0000000,0.711464,0.736785
2.796357,-4.319734,7.113710,2.8633759,-0.0374475,0.0000000,0.0000000,0.714390,0.743355
2.719528,-4.297667,7.193646,2.8604512,-0.0357278,0.0000000,0.0000000,0.718199,0.749913
2.642762,-4.275379,7.273582,2.8575846,-0.0359959,0.0000000,0.0000000,0.722923,0.756037
2.566061,-4.252868,7.353518,2.8546331,-0.0378512,0.0000000,0.0000000,0.730634,0.762662
2.489429,-4.230124,7.433454,2.8514837,-0.0409455,0.0000000,0.0000000,0.740547,0.770477
2.412873,-4.207128,7.513389,2.8480514,-0.0449319,0.0000000,0.0000000,0.751303,0.779036
2.336399,-4.183857,7.593325,2.8442761,-0.0495267,0.0000000,0.0000000,0.760896,0.786732
2.260019,-4.160283,7.673261,2.8401191,-0.0544819,0.0000000,0.0000000,0.767452,0.792873
2.183741,-4.136377,7.753197,2.8355599,-0.0595889,0.0000000,0.0000000,0.774409,0.798886
2.107579,-4.112107,7.833133,2.8305934,-0.0646729,0.0000000,0.0000000,0.781945,0.804522
2.031543,-4.087445,7.913068,2.8252277,-0.0695795,0.0000000,0.0000000,0.789435,0.808740
1.955645,-4.062360,7.993004,2.8194821,-0.0741746,0.0000000,0.0000000,0.798536,0.811838
1.879897,-4.036826,8.072940,2.8133868,-0.0783306,0.0000000,0.0000000,0.805924,0.814398
1.804311,-4.010818,8.152876,2.8069810,-0.0819448,0.0000000,0.0000000,0.808348,0.816275
1.728896,-3.984317,8.232811,2.8003119,-0.0849172,0.0000000,0.0000000,0.809009,0.816869
1.653662,-3.957305,8.312747,2.7934334,-0.0871821,0.0000000,0.0000000,0.810986,0.814705
1.578618,-3.929771,8.392683,2.7864040,-0.0886950,0.0000000,0.0000000,0.812832,0.810699
1.503771,-3.901705,8.472619,2.7792844,-0.0894380,0.0000000,0.0000000,0.810320,0.808587
1.429127,-3.873106,8.552554,2.7721351,-0.0894385,0.0000000,0.0000000,0.803948,0.807745
1.354688,-3.843975,8.632490,2.7650138,-0.0887372,0.0000000,0.0000000,0.796979,0.804975
1.280458,-3.814318,8.712426,2.7579734,-0.0874166,0.0000000,0.0000000,0.789384,0.800567
1.206437,-3.784142,8.792362,2.7510596,-0.0855674,0.0000000,0.0000000,0.780238,0.795365
1.132623,-3.753462,8.872297,2.7443105,-0.0832953,0.0000000,0.0000000,0.770133,0.789347
1.059015,-3.722291,8.952233,2.7377553,-0.0807159,0.0000000,0.0000000,0.759756,0.783061
0.985610,-3.690646,9.032169,2.7314141,-0.0779423,0.0000000,0.0000000,0.750112,0.776257
0.912403,-3.658544,9.112105,2.7252974,-0.0750990,0.0000000,0.0000000,0.739653,0.768373
0.839391,-3.626004,9.192040,2.7194056,-0.0723148,0.0000000,0.0000000,0.728832,0.759845
0.766568,-3.593041,9.271976,2.7137278,-0.0697431,0.0000000,0.0000000,0.721249,0.751695
0.693930,-3.559673,9.351912,2.7082402,-0.0675580,0.0000000,0.0000000,0.715642,0.744326
0.621473,-3.525913,9.431848,2.7029029,-0.0659825,0.0000000,0.0000000,0.711249,0.737830
0.549196,-3.491770,9.511783,2.6976567,-0.0652766,0.0000000,0.0000000,0.706737,0.731496
0.477099,-3.457249,9.591719,2.6924200,-0.0657460,0.0000000,0.0000000,0.700962,0.725267
0.405184,-3.422348,9.671655,2.6870846,-0.0677484,0.0000000,0.0000000,0.696556,0.719917
0.333461,-3.387056,9.751591,2.6815141,-0.0716249,0.0000000,0.0000000,0.694637,0.715414
0.261942,-3.351353,9.831527,2.6755439,-0.0777516,0.0000000,0.0000000,0.694030,0.711298
0.190647,-3.315203,9.911462,2.6689826,-0.0864114,0.0000000,0.0000000,0.693199,0.707812
0.119606,-3.278559,9.991398,2.6616189,-0.0978294,0.0000000,0.0000000,0.692243,0.705147
0.048854,-3.241358,10.071334,2.6532274,-0.1121273,0.0000000,0.0000000,0.693860,0.703387
-0.021560,-3.203521,10.151269,2.6435800,-0.1292542,0.0000000,0.0000000,0.699964,0.703940
-0.091578,-3.164957,10.231205,2.6324550,-0.1490958,0.0000000,0.0000000,0.708680,0.707371
-0.161129,-3.125558,10.311140,2.6196467,-0.1713717,0.0000000,0.0000000,0.716952,0.712832
-0.230134,-3.085209,10.391076,2.6049722,-0.1957910,0.0000000,0.0000000,0.726324,0.720295
-0.298497,-3.043783,10.471011,2.5882716,-0.2220653,0.0000000,0.0000000,0.739326,0.730542
-0.366113,-3.001149,10.550946,2.5694044,-0.2500049,0.0000000,0.0000000,0.753593,0.744206
-0.432863,-2.957170,10.630881,2.5482360,-0.2796459,0.0000000,0.0000000,0.768766,0.763173
-0.498611,-2.911710,10.710816,2.5246191,-0.3112712,0.0000000,0.0000000,0.787991,0.790689
-0.563207,-2.864625,10.790750,2.4983697,-0.3455185,0.0000000,0.0000000,0.809435,0.828277
-0.626474,-2.815772,10.870684,2.4692363,-0.3834407,0.0000000,0.0000000,0.835685,0.875029
-0.688212,-2.764999,10.950618,2.4368714,-0.4263850,0.0000000,0.0000000,0.868562,0.927999
-0.748178,-2.712147,11.030551,2.4008026,-0.4761331,0.0000000,0.0000000,0.904742,0.983584
-0.806083,-2.657045,11.110484,2.3604140,-0.5344978,0.0000000,0.0000000,0.949791,1.036609
-0.861574,-2.599513,11.190416,2.3149453,-0.6032783,0.0000000,0.0000000,1.004721,1.081026
-0.914217,-2.539367,11.270346,2.2635144,-0.6837399,0.0000000,0.0000000,1.059271,1.112616
-0.963486,-2.476429,11.350275,2.2051937,-0.7757606,0.0000000,0.0000000,1.127064,1.130665
-1.008751,-2.410555,11.430202,2.1391520,-0.8770663,0.0000000,0.0000000,1.224672,1.136342
-1.049288,-2.341673,11.510127,2.0649000,-0.9813947,0.0000000,0.0000000,1.354221,1.132278
-1.084311,-2.269833,11.590049,1.9826299,-1.0779478,0.0000000,0.0000000,1.490558,1.121884
-1.113048,-2.195259,11.669969,1.8935992,-1.1508396,0.0000000,0.0000000,1.737253,1.109031
-1.134857,-2.118374,11.749887,1.8003324,-1.1841545,0.0000000,0.0000000,1.725218,1.097029
-1.149359,-2.039783,11.829805,1.7064605,-1.1660235,0.0000000,0.0000000,1.516592,1.088130
-1.156542,-1.960187,11.909724,1.6160508,-1.0973502,0.0000000,0.0000000,1.416159,1.083120
-1.156770,-1.880266,11.989646,1.5326877,-0.9893979,0.0000000,0.0000000,1.321739,1.081290
-1.150708,-1.800571,12.069570,1.4587747,-0.8605743,0.0000000,0.0000000,1.248501,1.081223
-1.139187,-1.721478,12.149498,1.3952832,-0.7283868,0.0000000,0.0000000,1.201109,1.081420
-1.123073,-1.643189,12.229428,1.3419597,-0.6059965,0.0000000,0.0000000,1.171385,1.080818
-1.103169,-1.565775,12.309360,1.2977187,-0.5010416,0.0000000,0.0000000,1.145459,1.079005
-1.080160,-1.489225,12.389293,1.2610346,-0.4168651,0.0000000,0.0000000,1.128281,1.075969
-1.054593,-1.413491,12.469227,1.2302388,-0.3536903,0.0000000,0.0000000,1.120798,1.072043
-1.026875,-1.338515,12.549161,1.2037344,-0.3094791,0.0000000,0.0000000,1.116153,1.068021
-0.997296,-1.264255,12.629096,1.1801212,-0.2813447,0.0000000,0.0000000,1.112408,1.065324
-0.966042,-1.190683,12.709031,1.1582653,-0.2655069,0.0000000,0.0000000,1.111447,1.064643
-0.933225,-1.117795,12.788966,1.1373167,-0.2586445,0.0000000,0.0000000,1.113053,1.065821
-0.898903,-1.045604,12.868901,1.1166686,-0.2579861,0.0000000,0.0000000,1.116591,1.068053
-0.863095,-0.974139,12.948836,1.0958884,-0.2619513,0.0000000,0.0000000,1.124729,1.070886
-0.825794,-0.903440,13.028771,1.0746128,-0.2703799,0.0000000,0.0000000,1.133504,1.074258
-0.786968,-0.833568,13.108706,1.0524427,-0.2843363,0.0000000,0.0000000,1.139831,1.078555
-0.746558,-0.764600,13.188640,1.0288506,-0.3059583,0.0000000,0.0000000,1.147363,1.084340
-0.704465,-0.696647,13.268575,1.0031142,-0.3379945,0.0000000,0.0000000,1.154463,1.091823
-0.660539,-0.629863,13.348509,0.9742973,-0.3830440,0.0000000,0.0000000,1.165644,1.100491
-0.614577,-0.564466,13.428443,0.9412647,-0.4434868,0.0000000,0.0000000,1.185141,1.109293
-0.566312,-0.500749,13.508375,0.9027521,-0.5201867,0.0000000,0.0000000,1.208670,1.117005
-0.515429,-0.439105,13.588307,0.8574854,-0.6125273,0.0000000,0.0000000,1.237862,1.122962
-0.461581,-0.380035,13.668237,0.8043598,-0.7169116,0.0000000,0.0000000,1.279065,1.126503
-0.404438,-0.324150,13.748165,0.7426964,-0.8262856,0.0000000,0.0000000,1.334312,1.127987
-0.343737,-0.272154,13.828091,0.6725531,-0.9292817,0.0000000,0.0000000,1.399122,1.128100
-0.279361,-0.224789,13.908015,0.5950123,-1.0116029,0.0000000,0.0000000,1.492523,1.128168
-0.211392,-0.182744,13.987937,0.5122987,-1.0589074,0.0000000,0.0000000,1.583408,1.129547
-0.140135,-0.146552,14.067858,0.4275725,-1.0620420,0.0000000,0.0000000,1.621003,1.132634
-0.066084,-0.116486,14.147780,0.3443367,-1.0215520,0.0000000,0.0000000,1.550059,1.137075
0.010161,-0.092522,14.227703,0.2657292,-0.9460596,0.0000000,0.0000000,1.430520,1.140890
0.087996,-0.074362,14.307628,0.1939688,-0.8500092,0.0000000,0.0000000,1.343944,1.141859
0.166886,-0.061519,14.387556,0.1301657,-0.7467694,0.0000000,0.0000000,1.274416,1.137547
0.246402,-0.053408,14.467486,0.0744686,-0.6470478,0.0000000,0.0000000,1.211188,1.126381
0.326235,-0.049428,14.547417,0.0263481,-0.5571032,0.0000000,0.0000000,1.153577,1.108228
0.406166,-0.049020,14.627349,-0.0151050,-0.4801638,0.0000000,0.0000000,1.106102,1.083605
0.486054,-0.051693,14.707282,-0.0509496,-0.4167410,0.0000000,0.0000000,1.061277,1.054068
0.565809,-0.057039,14.787216,-0.0822382,-0.3661471,0.0000000,0.0000000,1.023263,1.020710
0.645373,-0.064729,14.867151,-0.1099289,-0.3267088,0.0000000,0.0000000,0.994264,0.984337
0.724708,-0.074503,14.947085,-0.1348323,-0.2963998,0.0000000,0.0000000,0.968335,0.946862
0.803788,-0.086161,15.027020,-0.1575986,-0.2732343,0.0000000,0.0000000,0.944414,0.911126
0.882593,-0.099549,15.106955,-0.1787193,-0.2552219,0.0000000,0.0000000,0.921785,0.878144
0.961109,-0.114546,15.186890,-0.1985431,-0.2407844,0.0000000,0.0000000,0.902165,0.847877
1.039321,-0.131053,15.266825,-0.2173024,-0.2285847,0.0000000,0.0000000,0.886561,0.821084
1.117219,-0.148988,15.346760,-0.2351377,-0.2176641,0.0000000,0.0000000,0.874159,0.800154
1.194792,-0.168276,15.426695,-0.2521244,-0.2073539,0.0000000,0.0000000,0.862613,0.787742
1.272035,-0.188847,15.506631,-0.2682943,-0.1972248,0.0000000,0.0000000,0.852717,0.782186
1.348944,-0.210633,15.586566,-0.2836522,-0.1870366,0.0000000,0.0000000,0.845281,0.780567
1.425519,-0.233567,15.666502,-0.2981887,-0.1766738,0.0000000,0.0000000,0.840310,0.781452
1.501763,-0.257579,15.746437,-0.3118891,-0.1661137,0.0000000,0.0000000,0.836749,0.783684
1.577681,-0.282602,15.826372,-0.3247377,-0.1553624,0.0000000,0.0000000,0.832951,0.786072
1.653282,-0.308565,15.906308,-0.3367208,-0.1444583,0.0000000,0.0000000,0.830280,0.787884
1.728579,-0.335399,15.986244,-0.3478282,-0.1334521,0.0000000,0.0000000,0.828898,0.788852
1.803585,-0.363035,16.066179,-0.3580543,-0.1224073,0.0000000,0.0000000,0.827297,0.790061
1.878318,-0.391404,16.146115,-0.3673985,-0.1113882,0.0000000,0.0000000,0.825883,0.792380
1.952795,-0.420437,16.226051,-0.3758661,-0.1004715,0.0000000,0.0000000,0.824594,0.794522
2.027036,-0.450067,16.305986,-0.3834682,-0.0897350,0.0000000,0.0000000,0.824636,0.795408
2.101063,-0.480230,16.385922,-0.3902226,-0.0792619,0.0000000,0.0000000,0.826513,0.795748
2.174897,-0.510861,16.465858,-0.3961538,-0.0691353,0.0000000,0.0000000,0.828758,0.796916
2.248560,-0.541900,16.545794,-0.4012923,-0.0594307,0.0000000,0.0000000,0.830666,0.798891
2.322075,-0.573289,16.625729,-0.4056749,-0.0502229,0.0000000,0.0000000,0.832914,0.799291
2.395463,-0.604974,16.705665,-0.4093432,-0.0415597,0.0000000,0.0000000,0.836484,0.796395
2.468745,-0.636903,16.785601,-0.4123424,-0.0334806,0.0000000,0.0000000,0.841349,0.792246
2.541942,-0.669028,16.865537,-0.4147195,-0.0259946,0.0000000,0.0000000,0.845009,0.790618
2.615071,-0.701306,16.945473,-0.4165214,-0.0190869,0.0000000,0.0000000,0.846888,0.793875
2.688150,-0.733696,17.025409,-0.4177929,-0.0127279,0.0000000,0.0000000,0.849766,0.802087
2.761196,-0.766161,17.105344,-0.4185757,-0.0068582,0.0000000,0.0000000,0.851905,0.812167
2.834225,-0.798667,17.185280,-0.4189066,-0.0014189,0.0000000,0.0000000,0.848022,0.819885
2.907249,-0.831181,17.265216,-0.4188169,0.0036619,0.0000000,0.0000000,0.840550,0.824023
2.980283,-0.863674,17.345152,-0.4183328,0.0084510,0.0000000,0.0000000,0.837346,0.826454
3.053339,-0.896118,17.425088,-0.4174752,0.0130055,0.0000000,0.0000000,0.840952,0.828041
3.126428,-0.928486,17.505024,-0.4162610,0.0173734,0.0000000,0.0000000,0.847553,0.828289
3.199562,-0.960752,17.584959,-0.4147041,0.0215818,0.0000000,0.0000000,0.853675,0.827695
3.272752,-0.992893,17.664895,-0.4128167,0.0256415,0.0000000,0.0000000,0.858423,0.827026
3.346007,-1.024884,17.744831,-0.4106111,0.0295427,0.0000000,0.0000000,0.862280,0.826729
3.419338,-1.056701,17.824767,-0.4081013,0.0332520,0.0000000,0.0000000,0.865113,0.827251
3.492752,-1.088324,17.904703,-0.4053046,0.0367201,0.0000000,0.0000000,0.867516,0.828288
3.566260,-1.119732,17.984639,-0.4022433,0.0398749,0.0000000,0.0000000,0.870349,0.829807
3.639866,-1.150906,18.064574,-0.3989457,0.0426319,0.0000000,0.0000000,0.872970,0.833066
3.713578,-1.181829,18.144510,-0.3954472,0.0449009,0.0000000,0.0000000,0.874664,0.837303
3.787401,-1.212487,18.224446,-0.3917908,0.0465815,0.0000000,0.0000000,0.876180,0.840586
3.861337,-1.242872,18.304382,-0.3880268,0.0475954,0.0000000,0.0000000,0.878160,0.843462
3.935388,-1.272976,18.384318,-0.3842114,0.0478660,0.0000000,0.0000000,0.880221,0.847849
4.009553,-1.302796,18.464253,-0.3804057,0.0473521,0.0000000,0.0000000,0.882500,0.853356
4.083830,-1.332337,18.544189,-0.3766730,0.0460404,0.0000000,0.0000000,0.885307,0.859650
4.158215,-1.361605,18.624125,-0.3730767,0.0439411,0.0000000,0.0000000,0.888814,0.866958
4.232702,-1.390612,18.704061,-0.3696773,0.0411099,0.0000000,0.0000000,0.892605,0.873452
4.307283,-1.419375,18.783997,-0.3665311,0.0376093,0.0000000,0.0000000,0.896794,0.879630
4.381951,-1.447914,18.863932,-0.3636877,0.0335323,0.0000000,0.0000000,0.902426,0.888474
4.456695,-1.476254,18.943868,-0.3611895,0.0289732,0.0000000,0.0000000,0.909346,0.898223
4.531504,-1.504420,19.023804,-0.3590713,0.0240248,0.0000000,0.0000000,0.916081,0.905455
4.606366,-1.532444,19.103740,-0.3573605,0.0187780,0.0000000,0.0000000,0.922469,0.911104
4.681271,-1.560355,19.183676,-0.3560783,0.0133040,0.0000000,0.0000000,0.929044,0.917592
4.756205,-1.588186,19.263612,-0.3552402,0.0076643,0.0000000,0.0000000,0.936727,0.924914
4.831157,-1.615972,19.343547,-0.3548579,0.0019014,0.0000000,0.0000000,0.945668,0.932718
4.906112,-1.643746,19.423483,-0.3549401,-0.0039566,0.0000000,0.0000000,0.954097,0.939068
4.981059,-1.671545,19.503419,-0.3554936,-0.0098934,0.0000000,0.0000000,0.960923,0.942531
5.055983,-1.699402,19.583355,-0.3565247,-0.0159051,0.0000000,0.0000000,0.969338,0.946065
5.130872,-1.727355,19.663291,-0.3580394,-0.0219932,0.0000000,0.0000000,0.981265,0.951810
5.205712,-1.755440,19.743227,-0.3600441,-0.0281627,0.0000000,0.0000000,0.994004,0.957786
5.280488,-1.783693,19.823162,-0.3625453,-0.0344183,0.0000000,0.0000000,1.004612,0.961806
5.355187,-1.812151,19.903098,-0.3655499,-0.0407560,0.0000000,0.0000000,1.014411,0.964574
5.429792,-1.840853,19.983034,-0.3690637,-0.0471609,0.0000000,0.0000000,1.022817,0.968523
5.504288,-1.869836,20.062970,-0.3730907,-0.0535961,0.0000000,0.0000000,1.030194,0.974043
5.578660,-1.899138,20.142906,-0.3776309,-0.0600001,0.0000000,0.0000000,1.038856,0.978701
5.652890,-1.928797,20.222842,-0.3826778,-0.0662738,0.0000000,0.0000000,1.047108,0.981597
5.726962,-1.958847,20.302777,-0.3882157,-0.0722851,0.0000000,0.0000000,1.052763,0.984667
5.800860,-1.989325,20.382713,-0.3942165,-0.0778545,0.0000000,0.0000000,1.057704,0.988612
5.874566,-2.020262,20.462649,-0.4006362,-0.0827679,0.0000000,0.0000000,1.061336,0.992535
5.948067,-2.051684,20.542585,-0.4074129,-0.0867855,0.0000000,0.0000000,1.062117,0.996126
6.021348,-2.083615,20.622520,-0.4144641,-0.0896370,0.0000000,0.0000000,1.062003,0.999390
6.094400,-2.116068,20.702456,-0.4216873,-0.0910874,0.0000000,0.0000000,1.061112,1.002544
6.167213,-2.149051,20.782392,-0.4289609,-0.0909002,0.0000000,0.0000000,1.059159,1.004668
6.239786,-2.182560,20.862327,-0.4361483,-0.0889286,0.0000000,0.0000000,1.054882,1.004470
6.312120,-2.216583,20.942263,-0.4431038,-0.0850991,0.0000000,0.0000000,1.047539,1.003054
6.384222,-2.251095,21.022199,-0.4496797,-0.0794317,0.0000000,0.0000000,1.040400,1.002895
6.456104,-2.286063,21.102135,-0.4557358,-0.0720916,0.0000000,0.0000000,1.035152,1.003917
6.527784,-2.321442,21.182071,-0.4611477,-0.0633159,0.0000000,0.0000000,1.030089,1.003479
6.599284,-2.357184,21.262006,-0.4658157,-0.0534778,0.0000000,0.0000000,1.023865,1.000498
6.670631,-2.393229,21.341942,-0.4696717,-0.0429996,0.0000000,0.0000000,1.017725,0.995955
6.741854,-2.429520,21.421878,-0.4726838,-0.0323639,0.0000000,0.0000000,1.012310,0.990850
6.812983,-2.465996,21.501814,-0.4748587,-0.0220515,0.0000000,0.0000000,1.006740,0.985236
6.884047,-2.502597,21.581750,-0.4762407,-0.0125274,0.0000000,0.0000000,1.001025,0.978745
6.955073,-2.539270,21.661685,-0.4769088,-0.0041886,0.0000000,0.0000000,0.995168,0.971914
7.026087,-2.575969,21.741621,-0.4769702,0.0026541,0.0000000,0.0000000,0.988794,0.966872
7.097108,-2.612655,21.821557,-0.4765533,0.0077762,0.0000000,0.0000000,0.982522,0.962352
7.168150,-2.649297,21.901493,-0.4757990,0.0110972,0.0000000,0.0000000,0.976257,0.955862
7.239224,-2.685879,21.981429,-0.4748519,0.0125988,0.0000000,0.0000000,0.969522,0.948063
7.310334,-2.722391,22.061365,-0.4738529,0.0123953,0.0000000,0.0000000,0.962574,0.939659
7.381480,-2.758833,22.141300,-0.4729320,0.0106467,0.0000000,0.0000000,0.955742,0.930151
7.452656,-2.795216,22.221236,-0.4722042,0.0075625,0.0000000,0.0000000,0.948944,0.919521
7.523853,-2.831558,22.301172,-0.4717665,0.0033886,0.0000000,0.0000000,0.942309,0.907707
7.595059,-2.867881,22.381108,-0.4716971,-0.0016516,0.0000000,0.0000000,0.936579,0.895221
7.666261,-2.904213,22.461044,-0.4720559,-0.0073253,0.0000000,0.0000000,0.931994,0.884255
7.737441,-2.940588,22.540980,-0.4728857,-0.0134359,0.0000000,0.0000000,0.927928,0.876490
7.808582,-2.977040,22.620915,-0.4742140,-0.0197999,0.0000000,0.0000000,0.923274,0.870111
7.879665,-3.013604,22.700851,-0.4760546,-0.0262509,0.0000000,0.0000000,0.916602,0.864292
7.950671,-3.050317,22.780787,-0.4784078,-0.0326275,0.0000000,0.0000000,0.908054,0.858068
8.021581,-3.087215,22.860723,-0.4812613,-0.0387666,0.0000000,0.0000000,0.900469,0.850768
8.092377,-3.124333,22.940659,-0.4845893,-0.0445008,0.0000000,0.0000000,0.895794,0.844819
8.163041,-3.161701,23.020595,-0.4883519,-0.0496402,0.0000000,0.0000000,0.892026,0.841280
8.233556,-3.199349,23.100530,-0.4924944,-0.0540055,0.0000000,0.0000000,0.887206,0.838926
8.303908,-3.237299,23.180466,-0.4969475,-0.0574098,0.0000000,0.0000000,0.882193,0.836969
8.374087,-3.275572,23.260402,-0.5016292,-0.0597285,0.0000000,0.0000000,0.877025,0.835866
8.444082,-3.314177,23.340338,-0.5064506,-0.0609028,0.0000000,0.0000000,0.870489,0.835839
8.513889,-3.353123,23.420274,-0.5113231,-0.0610085,0.0000000,0.0000000,0.863468,0.835712
8.583505,-3.392407,23.500209,-0.5161727,-0.0603293,0.0000000,0.0000000,0.857842,0.834121
8.652932,-3.432026,23.580145,-0.5209577,-0.0593907,0.0000000,0.0000000,0.853709,0.830493
8.722169,-3.471975,23.660081,-0.5256916,-0.0590509,0.0000000,0.0000000,0.849166,0.825250
8.791216,-3.512252,23.740017,-0.5304692,-0.0604852,0.0000000,0.0000000,0.843958,0.819509
8.860066,-3.552866,23.819953,-0.5354957,-0.0652784,0.0000000,0.0000000,0.839349,0.813985
8.928700,-3.593843,23.899888,-0.5411116,-0.0752326,0.0000000,0.0000000,0.834655,0.808025
8.997082,-3.635238,23.979824,-0.5478162,-0.0925183,0.0000000,0.0000000,0.829773,0.801059
9.065151,-3.677147,24.059760,-0.5562802,-0.1192532,0.0000000,0.0000000,0.826710,0.791553
9.132810,-3.719713,24.139695,-0.5673437,-0.1575563,0.0000000,0.0000000,0.825685,0.778524
9.199921,-3.763140,24.219631,-0.5820089,-0.2093716,0.0000000,0.0000000,0.825247,0.765648
9.266286,-3.807697,24.299566,-0.6014080,-0.2760046,0.0000000,0.0000000,0.824959,0.756853
9.331641,-3.853720,24.379500,-0.6267688,-0.3585454,0.0000000,0.0000000,0.827162,0.752008
9.395641,-3.901611,24.459434,-0.6593595,-0.4569224,0.0000000,0.0000000,0.834079,0.749801
9.457838,-3.951817,24.539366,-0.7004089,-0.5702349,0.0000000,0.0000000,0.846239,0.748761
9.517673,-4.004814,24.619297,-0.7509994,-0.6957346,0.0000000,0.0000000,0.866913,0.748143
9.574463,-4.061058,24.699225,-0.8118947,-0.8282202,0.0000000,0.0000000,0.896555,0.747675
9.627409,-4.120932,24.779151,-0.8833096,-0.9591739,0.0000000,0.0000000,0.937416,0.746982
9.675624,-4.184673,24.859073,-0.9646416,-1.0766665,0.0000000,0.0000000,0.991743,0.746085
9.718208,-4.252302,24.938993,-1.0542717,-1.1671386,0.0000000,0.0000000,1.047449,0.744917
9.754346,-4.323582,25.018910,-1.1495655,-1.2186545,0.0000000,0.0000000,1.041426,0.743404
9.783427,-4.398020,25.098827,-1.2472547,-1.2271929,0.0000000,0.0000000,1.009358,0.741717
9.805122,-4.474935,25.178743,-1.3440844,-1.1970870,0.0000000,0.0000000,0.981194,0.739075
9.819401,-4.553567,25.258662,-1.4375085,-1.1417890,0.0000000,0.0000000,0.935466,0.734686
9.826468,-4.633174,25.338582,-1.5261245,-1.0765518,0.0000000,0.0000000,0.879432,0.727710
9.826666,-4.713096,25.418503,-1.6096961,-1.0153754,0.0000000,0.0000000,0.834115,0.717862
9.820373,-4.792771,25.498426,-1.6888973,-0.9670509,0.0000000,0.0000000,0.802049,0.705021
9.807931,-4.871720,25.578351,-1.7648984,-0.9352148,0.0000000,0.0000000,0.775966,0.689530
9.789613,-4.949518,25.658275,-1.8389420,-0.9180275,0.0000000,0.0000000,0.753061,0.671722
9.765634,-5.025761,25.738200,-1.9119653,-0.9096679,0.0000000,0.0000000,0.735341,0.652350
9.736181,-5.100061,25.818125,-1.9843132,-0.9011230,0.0000000,0.0000000,0.730143,0.632374
9.701468,-5.172055,25.898051,-2.0555958,-0.8829956,0.0000000,0.0000000,0.732373,0.613052
9.661782,-5.241432,25.977977,-2.1247312,-0.8473516,0.0000000,0.0000000,0.743357,0.595799
9.617510,-5.307978,26.057904,-2.1901969,-0.7910915,0.0000000,0.0000000,0.756910,0.581405
9.569138,-5.371607,26.137833,-2.2504066,-0.7157289,0.0000000,0.0000000,0.764730,0.569349
9.517217,-5.432378,26.217763,-2.3040651,-0.6270679,0.0000000,0.0000000,0.729380,0.558069
9.462321,-5.490476,26.297694,-2.3504052,-0.5325213,0.0000000,0.0000000,0.658824,0.546150
9.405000,-5.546186,26.377627,-2.3892364,-0.4391264,0.0000000,0.0000000,0.588245,0.533445
9.345755,-5.599846,26.457561,-2.4208627,-0.3522125,0.0000000,0.0000000,0.538405,0.522295
9.285015,-5.651809,26.537495,-2.4459300,-0.2749928,0.0000000,0.0000000,0.515786,0.513897
9.223139,-5.702416,26.617430,-2.4652622,-0.2087094,0.0000000,0.0000000,0.510082,0.507489
9.160421,-5.751976,26.697366,-2.4797123,-0.1528367,0.0000000,0.0000000,0.506618,0.502234
9.097097,-5.800758,26.777302,-2.4900506,-0.1058305,0.0000000,0.0000000,0.500624,0.497012
9.033358,-5.848997,26.857237,-2.4968846,-0.0651565,0.0000000,0.0000000,0.489121,0.492704
8.969366,-5.896901,26.937173,-2.5006134,-0.0281376,0.0000000,0.0000000,0.470857,0.490975
8.905266,-5.944660,27.017109,-2.5014188,0.0079863,0.0000000,0.0000000,0.449703,0.489811
8.841197,-5.992461,27.097045,-2.4992809,0.0455044,0.0000000,0.0000000,0.434406,0.487493
8.777304,-6.040497,27.176981,-2.4940166,0.0862073,0.0000000,0.0000000,0.430699,0.484885
8.713747,-6.088976,27.256916,-2.4853304,0.1311232,0.0000000,0.0000000,0.432838,0.483174
8.650705,-6.138122,27.336852,-2.4728689,0.1806663,0.0000000,0.0000000,0.434654,0.483815
8.588382,-6.188177,27.416787,-2.4562729,0.2345731,0.0000000,0.0000000,0.434561,0.486593
8.527011,-6.239395,27.496722,-2.4352265,0.2920228,0.0000000,0.0000000,0.432480,0.490110
8.466855,-6.292032,27.576656,-2.4094973,0.3517495,0.0000000,0.0000000,0.428584,0.494252
8.408202,-6.346340,27.656590,-2.3789736,0.4120013,0.0000000,0.0000000,0.423137,0.498087
8.351369,-6.402548,27.736524,-2.3436947,0.4707519,0.0000000,0.0000000,0.416051,0.501270
8.296688,-6.460851,27.816456,-2.3038748,0.5256488,0.0000000,0.0000000,0.406980,0.506167
8.244500,-6.521394,27.896388,-2.2599150,0.5743723,0.0000000,0.0000000,0.396291,0.513961
8.195138,-6.584262,27.976320,-2.2124043,0.6145306,0.0000000,0.0000000,0.387121,0.520834
8.148913,-6.649471,28.056250,-2.1620966,0.6443894,0.0000000,0.0000000,0.386036,0.522724
8.106096,-6.716966,28.136181,-2.1098658,0.6626767,0.0000000,0.0000000,0.395192,0.523524
8.066902,-6.786626,28.216111,-2.0566492,0.6690654,0.0000000,0.0000000,0.408597,0.524512
8.031476,-6.858277,28.296041,-2.0033733,0.6641615,0.0000000,0.0000000,0.420287,0.523799
7.999891,-6.931702,28.375971,-1.9508951,0.6490949,0.0000000,0.0000000,0.428150,0.520952
7.972147,-7.006663,28.455902,-1.8999509,0.6257588,0.0000000,0.0000000,0.432168,0.517285
7.948179,-7.082916,28.535833,-1.8511281,0.5959864,0.0000000,0.0000000,0.433348,0.513815
7.927864,-7.160223,28.615764,-1.8048631,0.5617345,0.0000000,0.0000000,0.433011,0.508176
7.911037,-7.238364,28.695696,-1.7614465,0.5246888,0.0000000,0.0000000,0.431976,0.500851
7.897498,-7.317141,28.775629,-1.7210453,0.4862616,0.0000000,0.0000000,0.430437,0.491459
7.887031,-7.396386,28.855562,-1.6837230,0.4476300,0.0000000,0.0000000,0.428355,0.480192
7.879405,-7.475955,28.935495,-1.6494598,0.4097043,0.0000000,0.0000000,0.425375,0.473084
7.874391,-7.555731,29.015429,-1.6181685,0.3732557,0.0000000,0.0000000,0.421978,0.471823
7.871760,-7.635622,29.095363,-1.5897072,0.3388846,0.0000000,0.0000000,0.419894,0.467151
7.871298,-7.715555,29.175298,-1.5638883,0.3071353,0.0000000,0.0000000,0.418945,0.457411
7.872800,-7.795476,29.255232,-1.5404874,0.2783775,0.0000000,0.0000000,0.417453,0.447453
7.876084,-7.875343,29.335167,-1.5192540,0.2528991,0.0000000,0.0000000,0.415019,0.441961
7.880986,-7.955128,29.415102,-1.4999234,0.2307655,0.0000000,0.0000000,0.413419,0.440013
7.887361,-8.034809,29.495038,-1.4822357,0.2117894,0.0000000,0.0000000,0.415746,0.435229
7.895088,-8.114370,29.574973,-1.4659570,0.1955116,0.0000000,0.0000000,0.422045,0.427561
7.904058,-8.193800,29.654908,-1.4509063,0.1810645,0.0000000,0.0000000,0.427821,0.425256
7.914178,-8.273092,29.734844,-1.4369848,0.1672561,0.0000000,0.0000000,0.427632,0.435739
7.925356,-8.352242,29.814779,-1.4242064,0.1524630,0.0000000,0.0000000,0.419564,0.448110
7.937495,-8.431251,29.894715,-1.4127238,0.1348367,0.0000000,0.0000000,0.414408,0.452646
7.950480,-8.510125,29.974650,-1.4028490,0.1122335,0.0000000,0.0000000,0.422645,0.449641
7.964164,-8.588881,30.054586,-1.3950612,0.0826172,0.0000000,0.0000000,0.438243,0.441790
7.978359,-8.667546,30.134522,-1.3900024,0.0439541,0.0000000,0.0000000,0.454559,0.442675
7.992818,-8.746163,30.214458,-1.3884622,-0.0054187,0.0000000,0.0000000,0.472785,0.447834
8.007232,-8.824789,30.294394,-1.3913432,-0.0666625,0.0000000,0.0000000,0.494841,0.452665
8.021212,-8.903492,30.374329,-1.3996273,-0.1406054,0.0000000,0.0000000,0.521932,0.464919
8.034294,-8.982350,30.454265,-1.4143270,-0.2271846,0.0000000,0.0000000,0.557792,0.487993
8.045929,-9.061434,30.534199,-1.4364350,-0.3259716,0.0000000,0.0000000,0.604374,0.518410
8.055488,-9.140794,30.614133,-1.4668663,-0.4354563,0.0000000,0.0000000,0.655516,0.552725
8.062271,-9.220438,30.694066,-1.5063742,-0.5531220,0.0000000,0.0000000,0.716604,0.590203
8.065523,-9.300303,30.773997,-1.5554506,-0.6749537,0.0000000,0.0000000,0.853455,0.630040
8.064466,-9.380225,30.853926,-1.6141991,-0.7952615,0.0000000,0.0000000,0.886618,0.669760
8.058345,-9.459917,30.933852,-1.6822131,-0.9069731,0.0000000,0.0000000,0.870265,0.703699
8.046486,-9.538956,31.013776,-1.7585071,-1.0026637,0.0000000,0.0000000,0.860655,0.729357
8.028362,-9.616796,31.093698,-1.8415838,-1.0769094,0.0000000,0.0000000,0.857544,0.747590
8.003641,-9.692796,31.173618,-1.9296425,-1.1275074,0.0000000,0.0000000,0.853925,0.759879
7.972204,-9.766273,31.253537,-2.0209228,-1.1576414,0.0000000,0.0000000,0.848775,0.768144
7.934130,-9.836538,31.333456,-2.1140301,-1.1732837,0.0000000,0.0000000,0.848035,0.774086
7.889652,-9.902936,31.413373,-2.2081045,-1.1818714,0.0000000,0.0000000,0.850778,0.778271
7.839115,-9.964846,31.493291,-2.3027884,-1.1885527,0.0000000,0.0000000,0.857787,0.781449
7.782937,-10.021685,31.573209,-2.3979733,-1.1944339,0.0000000,0.0000000,0.879705,0.783773
7.721601,-10.072918,31.653126,-2.4934686,-1.1963423,0.0000000,0.0000000,0.916644,0.785366
7.655663,-10.118073,31.733043,-2.5886847,-1.1874508,0.0000000,0.0000000,0.975129,0.786532
7.585753,-10.156796,31.812961,-2.6824643,-1.1603466,0.0000000,0.0000000,1.046401,0.787525
7.512568,-10.188905,31.892880,-2.7731602,-1.1101624,0.0000000,0.0000000,1.074782,0.788096
7.436833,-10.214429,31.972801,-2.8589065,-1.0363025,0.0000000,0.0000000,1.034360,0.788211
7.359248,-10.233623,32.052724,-2.9380040,-0.9435571,0.0000000,0.0000000,0.979947,0.787353
7.280438,-10.246931,32.132650,-3.0092210,-0.8388963,0.0000000,0.0000000,0.924390,0.785185
7.200912,-10.254934,32.212578,-3.0719216,-0.7302734,0.0000000,0.0000000,0.870857,0.781330
7.121053,-10.258282,32.292508,-3.1260367,-0.6239362,0.0000000,0.0000000,0.843160,0.775677
7.041124,-10.257639,32.372439,3.1112559,-0.5244498,0.0000000,0.0000000,0.819686,0.768816
6.961291,-10.253636,32.452372,3.0729389,-0.4343293,0.0000000,0.0000000,0.802443,0.762517
6.881645,-10.246853,32.532306,3.0413948,-0.3549509,0.0000000,0.0000000,0.789681,0.759518
6.802225,-10.237802,32.612241,3.0157524,-0.2866460,0.0000000,0.0000000,0.778438,0.760888
6.723034,-10.226922,32.692176,2.9951338,-0.2292461,0.0000000,0.0000000,0.771674,0.765320
6.644057,-10.214582,32.772111,2.9786835,-0.1823461,0.0000000,0.0000000,0.766636,0.769707
6.565270,-10.201082,32.852046,2.9655956,-0.1451177,0.0000000,0.0000000,0.763583,0.771780
6.486646,-10.186660,32.931982,2.9551272,-0.1168054,0.0000000,0.0000000,0.761586,0.773494
6.408162,-10.171496,33.011918,2.9466079,-0.0963471,0.0000000,0.0000000,0.757489,0.776435
6.329798,-10.155720,33.091853,2.9394518,-0.0826990,0.0000000,0.0000000,0.753517,0.779308
6.251542,-10.139421,33.171789,2.9331567,-0.0748067,0.0000000,0.0000000,0.751196,0.781851
6.173385,-10.122650,33.251725,2.9273069,-0.0715555,0.0000000,0.0000000,0.748753,0.783756
6.095327,-10.105428,33.331661,2.9215683,-0.0720259,0.0000000,0.0000000,0.745457,0.782500
6.017369,-10.087754,33.411596,2.9156791,-0.0753222,0.0000000,0.0000000,0.744163,0.776843
5.939520,-10.069608,33.491532,2.9094411,-0.0807541,0.0000000,0.0000000,0.743120,0.766601
5.861790,-10.050959,33.571468,2.9027059,-0.0877615,0.0000000,0.0000000,0.736305,0.755354
5.784194,-10.031764,33.651404,2.8953661,-0.0958801,0.0000000,0.0000000,0.726575,0.746285
5.706746,-10.011974,33.731339,2.8873458,-0.1047885,0.0000000,0.0000000,0.717765,0.737422
5.629468,-9.991535,33.811275,2.8785917,-0.1142415,0.0000000,0.0000000,0.708760,0.726606
5.552379,-9.970391,33.891211,2.8690671,-0.1240651,0.0000000,0.0000000,0.698367,0.713169
5.475504,-9.948483,33.971146,2.8587485,-0.1341092,0.0000000,0.0000000,0.687543,0.698618
5.398869,-9.925753,34.051082,2.8476240,-0.1442294,0.0000000,0.0000000,0.677583,0.684663
5.322500,-9.902140,34.131017,2.8356942,-0.1542579,0.0000000,0.0000000,0.669264,0.670374
5.246429,-9.877588,34.210953,2.8229758,-0.1639612,0.0000000,0.0000000,0.661759,0.658321
5.170685,-9.852042,34.290888,2.8095074,-0.1730233,0.0000000,0.0000000,0.654878,0.652403
5.095302,-9.825452,34.370824,2.7953588,-0.1809798,0.0000000,0.0000000,0.650964,0.650659
5.020310,-9.797776,34.450759,2.7806415,-0.1872535,0.0000000,0.0000000,0.648039,0.650008
4.945741,-9.768983,34.530695,2.7655204,-0.1910830,0.0000000,0.0000000,0.644530,0.649906
4.871618,-9.739058,34.610630,2.7502251,-0.1916131,0.0000000,0.0000000,0.642467,0.650826
4.797961,-9.708005,34.690565,2.7350565,-0.1879117,0.0000000,0.0000000,0.642547,0.652496
4.724777,-9.675854,34.770501,2.7203899,-0.1790546,0.0000000,0.0000000,0.645031,0.655418
4.652057,-9.642665,34.850436,2.7066591,-0.1644942,0.0000000,0.0000000,0.649461,0.660133
4.579777,-9.608528,34.930372,2.6943296,-0.1439937,0.0000000,0.0000000,0.656172,0.666937
4.507893,-9.573566,35.010307,2.6838533,-0.1181254,0.0000000,0.0000000,0.664849,0.677852
4.436339,-9.537931,35.090243,2.6756070,-0.0882000,0.0000000,0.0000000,0.673134,0.693477
4.365038,-9.501794,35.170179,2.6698228,-0.0565196,0.0000000,0.0000000,0.680650,0.711410
4.293902,-9.465334,35.250115,2.6665156,-0.0262288,0.0000000,0.0000000,0.688944,0.730109
4.222844,-9.428720,35.330051,2.6654192,-0.0012011,0.0000000,0.0000000,0.699235,0.748914
4.151795,-9.392091,35.409986,2.6659479,0.0144269,0.0000000,0.0000000,0.709239,0.766254
4.080710,-9.355530,35.489922,2.6671959,0.0167991,0.0000000,0.0000000,0.719229,0.780387
4.009584,-9.319050,35.569858,2.6679781,0.0027713,0.0000000,0.0000000,0.728847,0.790564
3.938458,-9.282569,35.649794,2.6669329,-0.0289229,0.0000000,0.0000000,0.738073,0.794403
3.867426,-9.245907,35.729730,2.6626628,-0.0779137,0.0000000,0.0000000,0.749208,0.792359
3.796630,-9.208790,35.809665,2.6539152,-0.1409517,0.0000000,0.0000000,0.761753,0.788576
3.726261,-9.170869,35.889601,2.6397864,-0.2125559,0.0000000,0.0000000,0.774714,0.784777
3.656548,-9.131759,35.969536,2.6199202,-0.2845080,0.0000000,0.0000000,0.789925,0.780012
3.587737,-9.091083,36.049470,2.5946823,-0.3469724,0.0000000,0.0000000,0.808830,0.773595
3.520069,-9.048532,36.129404,2.5652630,-0.3891469,0.0000000,0.0000000,0.829929,0.765318
3.453740,-9.003924,36.209338,2.5336485,-0.4019115,0.0000000,0.0000000,0.853954,0.755364
3.388857,-8.957239,36.289272,2.5024170,-0.3795606,0.0000000,0.0000000,0.881381,0.743336
3.325395,-8.908637,36.369206,2.4744099,-0.3212210,0.0000000,0.0000000,0.911056,0.727579
3.263181,-8.858447,36.449141,2.4523239,-0.2313881,0.0000000,0.0000000,0.945912,0.706824
3.201889,-8.807135,36.529077,2.4383928,-0.1171707,0.0000000,0.0000000,0.980563,0.682798
3.141069,-8.755264,36.609012,2.4342010,0.0122929,0.0000000,0.0000000,1.011189,0.657166
3.080193,-8.703458,36.688948,2.4406264,0.1484687,0.0000000,0.0000000,1.034634,0.629339
3.018708,-8.652376,36.768883,2.4578766,0.2831348,0.0000000,0.0000000,1.040895,0.600307
2.956090,-8.602693,36.848818,2.4855426,0.4090970,0.0000000,0.0000000,1.016911,0.572864
2.891892,-8.555071,36.928751,2.5226568,0.5195835,0.0000000,0.0000000,0.942016,0.548635
2.825785,-8.510138,37.008682,2.5677635,0.6091456,0.0000000,0.0000000,0.628165,0.525911
2.757585,-8.468453,37.088613,2.6190316,0.6738227,0.0000000,0.0000000,0.427372,0.510740
2.687254,-8.430474,37.168543,2.6744011,0.7118283,0.0000000,0.0000000,0.383320,0.503758
2.614890,-8.396532,37.248472,2.7317905,0.7243930,0.0000000,0.0000000,0.373973,0.501117
2.540692,-8.366811,37.328401,2.7892825,0.7143936,0.0000000,0.0000000,0.377133,0.503713
2.464925,-8.341355,37.408330,2.8452718,0.6867681,0.0000000,0.0000000,0.393870,0.511907
2.387878,-8.320080,37.488260,2.8985454,0.6463986,0.0000000,0.0000000,0.435529,0.524807
2.309837,-8.302804,37.568191,2.9482713,0.5979525,0.0000000,0.0000000,0.539492,0.542306
2.231059,-8.289271,37.648123,2.9939495,0.5450775,0.0000000,0.0000000,0.850000,0.566909
2.151766,-8.279179,37.728055,3.0353221,0.4901849,0.0000000,0.0000000,1.027957,0.597839
2.072138,-8.272200,37.807988,3.0722811,0.4346132,0.0000000,0.0000000,1.017932,0.632412
1.992316,-8.267990,37.887922,3.1047847,0.3786838,0.0000000,0.0000000,1.006540,0.670849
1.912402,-8.266198,37.967856,3.1327910,0.3220723,0.0000000,0.0000000,0.993816,0.711559
1.832467,-8.266461,38.047791,-3.1269680,0.2640748,0.0000000,0.0000000,0.977652,0.755899
1.752556,-8.268410,38.127726,-3.1082674,0.2038251,0.0000000,0.0000000,0.955113,0.801773
1.672686,-8.271657,38.207662,-3.0944994,0.1406547,0.0000000,0.0000000,0.926822,0.847794
1.592858,-8.275798,38.287597,-3.0859118,0.0742069,0.0000000,0.0000000,0.895541,0.895362
1.513055,-8.280409,38.367533,-3.0827613,0.0046177,0.0000000,0.0000000,0.860891,0.942856
1.433254,-8.285047,38.447469,-3.0852720,-0.0674333,0.0000000,0.0000000,0.822500,0.988457
1.353429,-8.289254,38.527405,-3.0935954,-0.1408186,0.0000000,0.0000000,0.782293,1.026415
1.273562,-8.292562,38.607340,-3.1077758,-0.2139791,0.0000000,0.0000000,0.744603,1.055818
1.193651,-8.294505,38.687275,-3.1277255,-0.2851770,0.0000000,0.0000000,0.709173,1.076866
1.113716,-8.294631,38.767210,3.1299710,-0.3525795,0.0000000,0.0000000,0.672655,1.084060
1.033811,-8.292510,38.847143,3.0993081,-0.4146553,0.0000000,0.0000000,0.636839,1.067900
0.954019,-8.287749,38.927077,3.0639486,-0.4701153,0.0000000,0.0000000,0.606423,1.010909
0.874463,-8.280002,39.007009,3.0244442,-0.5183903,0.0000000,0.0000000,0.581145,0.898720
0.795295,-8.268974,39.086942,2.9813729,-0.5593914,0.0000000,0.0000000,0.554585,0.749373
0.716699,-8.254425,39.166873,2.9352963,-0.5936160,0.0000000,0.0000000,0.532860,0.553224
0.638880,-8.236172,39.246804,2.8867184,-0.6219992,0.0000000,0.0000000,0.519481,0.483544
0.562063,-8.214079,39.326735,2.8360677,-0.6455062,0.0000000,0.0000000,0.514804,0.467348
0.486487,-8.188059,39.406665,2.7836934,-0.6651427,0.0000000,0.0000000,0.515169,0.465547
0.412399,-8.158063,39.486595,2.7298857,-0.6813950,0.0000000,0.0000000,0.517458,0.469628
0.340052,-8.124083,39.566525,2.6749202,-0.6941258,0.0000000,0.0000000,0.525285,0.479614
0.269698,-8.086147,39.646454,2.6191154,-0.7024077,0.0000000,0.0000000,0.539596,0.498904
0.201580,-8.044331,39.726384,2.5629096,-0.7041688,0.0000000,0.0000000,0.563611,0.530080
0.135916,-7.998757,39.806313,2.5069370,-0.6965727,0.0000000,0.0000000,0.594474,0.573690
0.072881,-7.949611,39.886243,2.4520911,-0.6759623,0.0000000,0.0000000,0.630016,0.649430
0.012579,-7.897146,39.966173,2.3995645,-0.6385087,0.0000000,0.0000000,0.666749,0.677273
-0.044983,-7.841688,40.046104,2.3508207,-0.5812670,0.0000000,0.0000000,0.715466,0.663352
-0.099925,-7.783632,40.126036,2.3075223,-0.5021997,0.0000000,0.0000000,0.771590,0.656391
-0.152511,-7.723432,40.205969,2.2713989,-0.4016871,0.0000000,0.0000000,0.826045,0.652910
-0.203154,-7.661588,40.285904,2.2440943,-0.2815033,0.0000000,0.0000000,0.869254,0.651170
-0.252408,-7.598629,40.365839,2.2270360,-0.1452988,0.0000000,0.0000000,0.905179,0.650300
-0.300936,-7.535110,40.445775,2.2213139,0.0021334,0.0000000,0.0000000,0.958164,0.649865
-0.349480,-7.471602,40.525710,2.2275963,0.1550494,0.0000000,0.0000000,0.999381,0.913111
-0.398806,-7.408701,40.605646,2.2460433,0.3064976,0.0000000,0.0000000,1.002818,0.845076
-0.449649,-7.347021,40.685580,2.2762236,0.4486498,0.0000000,0.0000000,0.976751,0.773665
-0.502656,-7.287192,40.765512,2.3170519,0.5729837,0.0000000,0.0000000,0.931664,0.705117
-0.558326,-7.229835,40.845443,2.3668201,0.6724313,0.0000000,0.0000000,0.876121,0.642319
-0.616974,-7.175530,40.925372,2.4233499,0.7422659,0.0000000,0.0000000,0.813253,0.591761
-0.678718,-7.124773,41.005300,2.4842999,0.7831080,0.0000000,0.0000000,0.735445,0.550604
-0.743499,-7.077957,41.085228,2.5475286,0.7993228,0.0000000,0.0000000,0.580949,0.514706
-0.811127,-7.035356,41.165156,2.6113647,0.7983093,0.0000000,0.0000000,0.385620,0.487326
-0.881329,-6.997143,41.245083,2.6747149,0.7871485,0.0000000,0.0000000,0.349898,0.469304
-0.953791,-6.963414,41.325011,2.7369484,0.7703480,0.0000000,0.0000000,0.338816,0.461066
-1.028190,-6.934201,41.404940,2.7976534,0.7488738,0.0000000,0.0000000,0.335975,0.458458
-1.104201,-6.909484,41.484869,2.8563441,0.7199179,0.0000000,0.0000000,0.336000,0.461149
-1.181505,-6.889164,41.564798,2.9122088,0.6781213,0.0000000,0.0000000,0.631562,0.473003
-1.259792,-6.873042,41.644729,2.9639921,0.6177415,0.0000000,0.0000000,0.645481,0.493620
-1.338777,-6.860779,41.724660,3.0100180,0.5339969,0.0000000,0.0000000,0.672786,0.519567
-1.418212,-6.851871,41.804593,3.0483708,0.4256852,0.0000000,0.0000000,0.766667,0.548676
-1.497904,-6.845646,41.884527,3.0771492,0.2943856,0.0000000,0.0000000,0.981892,0.584074
-1.577719,-6.841278,41.964462,3.0947047,0.1448543,0.0000000,0.0000000,1.024765,0.623863
-1.657581,-6.837822,42.044398,3.0998346,-0.0165078,0.0000000,0.0000000,1.019975,0.663079
-1.737437,-6.834256,42.124334,3.0918958,-0.1821170,0.0000000,0.0000000,0.996247,0.693527
-1.817232,-6.829533,42.204269,3.0708945,-0.3433398,0.0000000,0.0000000,0.964300,0.711142
-1.896868,-6.822637,42.284202,3.0375613,-0.4907090,0.0000000,0.0000000,0.928137,0.720096
-1.976173,-6.812648,42.364134,2.9933975,-0.6144120,0.0000000,0.0000000,0.895970,0.727187
-2.054896,-6.798812,42.444064,2.9406069,-0.7066734,0.0000000,0.0000000,0.869127,0.735349
-2.132721,-6.780593,42.523993,2.8818820,-0.7629881,0.0000000,0.0000000,0.848593,0.745105
-2.209300,-6.757699,42.603921,2.8200033,-0.7856460,0.0000000,0.0000000,0.831215,0.757284
-2.284302,-6.730072,42.683849,2.7573774,-0.7816898,0.0000000,0.0000000,0.823823,0.774475
-2.357439,-6.697831,42.763777,2.6956753,-0.7625019,0.0000000,0.0000000,0.820639,0.803005
-2.428479,-6.661200,42.843706,2.6356397,-0.7399537,0.0000000,0.0000000,0.822336,0.863444
-2.497226,-6.620427,42.923635,2.5770990,-0.7250642,0.0000000,0.0000000,0.830664,1.006000
-2.563487,-6.575726,43.003564,2.5190964,-0.7264792,0.0000000,0.0000000,0.846640,1.104000
-2.627027,-6.527237,43.083492,2.4600667,-0.7507712,0.0000000,0.0000000,0.870628,0.991891
-2.687527,-6.475003,43.163421,2.3980135,-0.8021749,0.0000000,0.0000000,0.903788,0.988201
-2.744533,-6.418980,43.243347,2.3307056,-0.8823463,0.0000000,0.0000000,0.949834,0.986356
-2.797427,-6.359063,43.323272,2.2559039,-0.9898471,0.0000000,0.0000000,1.016583,0.985434
-2.845404,-6.295143,43.403193,2.1717304,-1.1171286,0.0000000,0.0000000,1.095370,1.148000
-2.887486,-6.227203,43.483111,2.0772197,-1.2489272,0.0000000,0.0000000,1.198669,1.116177
-2.922610,-6.155422,43.563025,1.9730335,-1.3597777,0.0000000,0.0000000,1.319215,1.060329
-2.949795,-6.080277,43.642935,1.8619971,-1.4208322,0.0000000,0.0000000,1.468927,1.024305
-2.968372,-6.002557,43.722845,1.7489845,-1.4093976,0.0000000,0.0000000,1.455752,0.999271
-2.978178,-5.923249,43.802757,1.6397431,-1.3261777,0.0000000,0.0000000,1.345276,0.984511
-2.979598,-5.843346,43.882672,1.5392017,-1.1911261,0.0000000,0.0000000,1.248175,0.978019
-2.973442,-5.763664,43.962592,1.4502787,-1.0348764,0.0000000,0.0000000,1.164891,0.976411
-2.960721,-5.684759,44.042516,1.3736569,-0.8828974,0.0000000,0.0000000,1.102851,0.976992
-2.942447,-5.606949,44.122443,1.3083059,-0.7526064,0.0000000,0.0000000,1.074882,0.978096
-2.919496,-5.530385,44.202373,1.2521409,-0.6529065,0.0000000,0.0000000,1.060313,0.979336
-2.892547,-5.455134,44.282303,1.2025295,-0.5885528,0.0000000,0.0000000,1.050505,0.980361
-2.862052,-5.381248,44.362235,1.1565677,-0.5615573,0.0000000,0.0000000,1.044027,0.980912
-2.828236,-5.308822,44.442167,1.1112305,-0.5729214,0.0000000,0.0000000,1.042719,0.981199
-2.791104,-5.238040,44.522098,1.0634114,-0.6236751,0.0000000,0.0000000,1.059135,0.982141
-2.750455,-5.169217,44.602028,1.0099846,-0.7132890,0.0000000,0.0000000,1.097513,0.983974
-2.705919,-5.102847,44.681956,0.9479002,-0.8404127,0.0000000,0.0000000,1.141715,0.986391
-2.657006,-5.039637,44.761881,0.8744179,-0.9987086,0.0000000,0.0000000,1.196154,0.987741
-2.603198,-4.980544,44.841802,0.7875968,-1.1745890,0.0000000,0.0000000,1.278184,0.987212
-2.544100,-4.926749,44.921717,0.6870790,-1.3420668,0.0000000,0.0000000,1.391341,0.989397
-2.479617,-4.879551,45.001627,0.5749588,-1.4657030,0.0000000,0.0000000,1.562676,1.000916
-2.410108,-4.840136,45.081534,0.4561106,-1.5109890,0.0000000,0.0000000,1.078324,1.027037
-2.336396,-4.809286,45.161441,0.3372403,-1.4662518,0.0000000,0.0000000,1.570992,1.069908
-2.259604,-4.787183,45.241351,0.2248398,-1.3485300,0.0000000,0.0000000,1.343811,1.133342
-2.180883,-4.773421,45.321266,0.1234022,-1.1911950,0.0000000,0.0000000,1.205580,0.988569
-2.101206,-4.767192,45.401186,0.0348338,-1.0258933,0.0000000,0.0000000,1.110912,0.988155
-2.021282,-4.767520,45.481111,-0.0409910,-0.8719149,0.0000000,0.0000000,1.042746,0.987948
-1.941574,-4.773433,45.561038,-0.1053172,-0.7379306,0.0000000,0.0000000,0.998473,0.987844
-1.862353,-4.784057,45.640968,-0.1597948,-0.6253421,0.0000000,0.0000000,0.964605,0.987528
-1.783764,-4.798646,45.720899,-0.2060630,-0.5324383,0.0000000,0.0000000,0.939367,1.136000
-1.705870,-4.816582,45.800832,-0.2455579,-0.4558213,0.0000000,0.0000000,0.922973,0.921907
-1.628683,-4.837358,45.880766,-0.2794536,-0.3923098,0.0000000,0.0000000,0.913439,0.845060
-1.552189,-4.860553,45.960700,-0.3086704,-0.3387344,0.0000000,0.0000000,0.905928,0.821389
-1.476352,-4.885819,46.040634,-0.3339027,-0.2926027,0.0000000,0.0000000,0.900182,0.817093
-1.401129,-4.912857,46.120569,-0.3556671,-0.2519625,0.0000000,0.0000000,0.897496,0.827098
-1.326467,-4.941408,46.200504,-0.3743435,-0.2153320,0.0000000,0.0000000,0.897638,0.847081
-1.252308,-4.971243,46.280440,-0.3902149,-0.1817777,0.0000000,0.0000000,0.898140,0.865856
-1.178592,-5.002156,46.360375,-0.4035017,-0.1506610,0.0000000,0.0000000,0.897824,0.877399
-1.105254,-5.033955,46.440311,-0.4143853,-0.1216501,0.0000000,0.0000000,0.896750,0.883725
-1.032229,-5.066469,46.520246,-0.4230287,-0.0946081,0.0000000,0.0000000,0.895097,0.887249
-0.959453,-5.099535,46.600182,-0.4295871,-0.0694848,0.0000000,0.0000000,0.894644,0.889257
-0.886863,-5.133008,46.680118,-0.4342173,-0.0463627,0.0000000,0.0000000,0.895857,0.889184
-0.814398,-5.166751,46.760054,-0.4370827,-0.0253290,0.0000000,0.0000000,0.896699,0.885561
-0.742003,-5.200642,46.839990,-0.4383531,-0.0064588,0.0000000,0.0000000,0.895767,0.879824
-0.669626,-5.234574,46.919925,-0.4382049,0.0101689,0.0000000,0.0000000,0.893307,0.875026
-0.597223,-5.268448,46.999861,-0.4368170,0.0245555,0.0000000,0.0000000,0.889484,0.870736
-0.524754,-5.302183,47.079797,-0.4343686,0.0367038,0.0000000,0.0000000,0.885322,0.865568
-0.452187,-5.335707,47.159733,-0.4310343,0.0467217,0.0000000,0.0000000,0.882141,0.858797
-0.379497,-5.368962,47.239669,-0.4269786,0.0547520,0.0000000,0.0000000,0.879782,0.851321
-0.306663,-5.401899,47.319604,-0.4223528,0.0609845,0.0000000,0.0000000,0.876836,0.843994
-0.233670,-5.434483,47.399540,-0.4172906,0.0656717,0.0000000,0.0000000,0.872103,0.836068
-0.160507,-5.466685,47.479476,-0.4119063,0.0690461,0.0000000,0.0000000,0.866300,0.827400
-0.087168,-5.498483,47.559412,-0.4062942,0.0713687,0.0000000,0.0000000,0.859513,0.819070
-0.013649,-5.529863,47.639348,-0.4005296,0.0728620,0.0000000,0.0000000,0.850866,0.811939
0.060051,-5.560815,47.719283,-0.3946710,0.0737203,0.0000000,0.0000000,0.840994,0.804670
0.133932,-5.591333,47.799219,-0.3887628,0.0741041,0.0000000,0.0000000,0.830681,0.799383
0.207992,-5.621413,47.879155,-0.3828385,0.0741220,0.0000000,0.0000000,0.820120,0.796686
0.282229,-5.651054,47.959091,-0.3769244,0.0738503,0.0000000,0.0000000,0.810752,0.792510
0.356640,-5.680256,48.039026,-0.3710422,0.0733232,0.0000000,0.0000000,0.803510,0.786618
0.431220,-5.709022,48.118962,-0.3652123,0.0725427,0.0000000,0.0000000,0.797322,0.780248
0.505966,-5.737356,48.198898,-0.3594556,0.0714896,0.0000000,0.0000000,0.791562,0.774432
0.580873,-5.765262,48.278834,-0.3537958,0.0701195,0.0000000,0.0000000,0.786203,0.770131
0.655934,-5.792748,48.358770,-0.3482602,0.0683820,0.0000000,0.0000000,0.781192,0.766297
0.731145,-5.819824,48.438705,-0.3428804,0.0662211,0.0000000,0.0000000,0.777680,0.762893
0.806497,-5.846502,48.518641,-0.3376925,0.0635809,0.0000000,0.0000000,0.776363,0.759979
0.881984,-5.872797,48.598577,-0.3327362,0.0604258,0.0000000,0.0000000,0.776018,0.757583
0.957597,-5.898727,48.678513,-0.3280540,0.0567242,0.0000000,0.0000000,0.776048,0.756665
1.033327,-5.924315,48.758448,-0.3236894,0.0524772,0.0000000,0.0000000,0.778267,0.757651
1.109163,-5.949586,48.838384,-0.3196856,0.0476999,0.0000000,0.0000000,0.782938,0.760292
1.185095,-5.974568,48.918320,-0.3160834,0.0424274,0.0000000,0.0000000,0.787677,0.763259
1.261111,-5.999293,48.998256,-0.3129201,0.0367183,0.0000000,0.0000000,0.792235,0.766059
1.337199,-6.023794,49.078192,-0.3102282,0.0306332,0.0000000,0.0000000,0.798291,0.770033
1.413347,-6.048110,49.158128,-0.3080346,0.0242497,0.0000000,0.0000000,0.806545,0.776974
1.489542,-6.072278,49.238063,-0.3063603,0.0176425,0.0000000,0.0000000,0.815278,0.785612
1.565770,-6.096339,49.317999,-0.3052198,0.0108910,0.0000000,0.0000000,0.823686,0.795241
1.642020,-6.120334,49.397935,-0.3046216,0.0040765,0.0000000,0.0000000,0.833125,0.806128
1.718277,-6.144304,49.477871,-0.3045672,-0.0027158,0.0000000,0.0000000,0.842642,0.817861
1.794529,-6.168290,49.557807,-0.3050511,-0.0093908,0.0000000,0.0000000,0.851778,0.830454
1.870764,-6.192333,49.637743,-0.3060597,-0.0158428,0.0000000,0.0000000,0.862007,0.842192
1.946967,-6.216473,49.717678,-0.3075699,-0.0219445,0.0000000,0.0000000,0.874088,0.851841
2.023129,-6.240745,49.797614,-0.3095486,-0.0275610,0.0000000,0.0000000,0.885738,0.861010
2.099237,-6.265185,49.877550,-0.3119503,-0.0325298,0.0000000,0.0000000,0.896494,0.870631
2.175282,-6.289822,49.957486,-0.3147170,-0.0366933,0.0000000,0.0000000,0.907108,0.879687
2.251254,-6.314680,50.037422,-0.3177779,-0.0398912,0.0000000,0.0000000,0.916376,0.886483
2.327147,-6.339780,50.117358,-0.3210498,-0.0419727,0.0000000,0.0000000,0.925031,0.891986
2.402956,-6.365133,50.197293,-0.3244395,-0.0428375,0.0000000,0.0000000,0.933759,0.898366
2.478678,-6.390744,50.277229,-0.3278462,-0.0423978,0.0000000,0.0000000,0.943219,0.905108
2.554313,-6.416610,50.357165,-0.3311653,-0.0406458,0.0000000,0.0000000,0.954033,0.911887
2.629864,-6.442720,50.437101,-0.3342929,-0.0376072,0.0000000,0.0000000,0.963303,0.918081
2.705337,-6.469057,50.517037,-0.3371293,-0.0333600,0.0000000,0.0000000,0.968695,0.922919
2.780739,-6.495593,50.596972,-0.3395831,-0.0280350,0.0000000,0.0000000,0.972914,0.927575
2.856083,-6.522297,50.676908,-0.3415736,-0.0217687,0.0000000,0.0000000,0.977553,0.933217
2.931380,-6.549132,50.756844,-0.3430326,-0.0147348,0.0000000,0.0000000,0.981821,0.938869
3.006645,-6.576054,50.836780,-0.3439050,-0.0070915,0.0000000,0.0000000,0.985439,0.943255
3.081896,-6.603019,50.916716,-0.3441483,0.0010036,0.0000000,0.0000000,0.988559,0.945826
3.157148,-6.629978,50.996652,-0.3437322,0.0094066,0.0000000,0.0000000,0.990827,0.947850
3.232422,-6.656880,51.076587,-0.3426371,0.0179939,0.0000000,0.0000000,0.992527,0.951453
3.307733,-6.683673,51.156523,-0.3408528,0.0266488,0.0000000,0.0000000,0.993651,0.956658
3.383102,-6.710306,51.236459,-0.3383781,0.0352681,0.0000000,0.0000000,0.993956,0.963187
3.458545,-6.736726,51.316395,-0.3352200,0.0437483,0.0000000,0.0000000,0.994297,0.970558
3.534080,-6.762883,51.396331,-0.3313936,0.0519886,0.0000000,0.0000000,0.995814,0.977834
3.609723,-6.788726,51.476267,-0.3269228,0.0598711,0.0000000,0.0000000,0.998351,0.984135
3.685489,-6.814207,51.556202,-0.3218406,0.0672869,0.0000000,0.0000000,1.001318,0.989533
3.761391,-6.839281,51.636138,-0.3161891,0.0741119,0.0000000,0.0000000,1.005350,0.995127
3.837439,-6.863905,51.716074,-0.3100211,0.0802124,0.0000000,0.0000000,1.010429,1.001974
3.913643,-6.888042,51.796010,-0.3033985,0.0854870,0.0000000,0.0000000,1.016817,1.009878
3.990011,-6.911659,51.875945,-0.2963920,0.0898177,0.0000000,0.0000000,1.025115,1.017625
4.066545,-6.934728,51.955881,-0.2890804,0.0931190,0.0000000,0.0000000,1.034332,1.025056
4.143249,-6.957228,52.035817,-0.2815435,0.0954549,0.0000000,0.0000000,1.043842,1.032489
4.220122,-6.979142,52.115753,-0.2738474,0.0971029,0.0000000,0.0000000,1.053724,1.041802
4.297163,-7.000460,52.195688,-0.2660237,0.0986477,0.0000000,0.0000000,1.064634,1.053516
4.374370,-7.021168,52.275624,-0.2580387,0.1011392,0.0000000,0.0000000,1.078595,1.066388
4.451742,-7.041248,52.355560,-0.2497513,0.1062119,0.0000000,0.0000000,1.095544,1.083420
4.529284,-7.060666,52.435495,-0.2408633,0.1161685,0.0000000,0.0000000,1.113665,1.105181
4.607004,-7.079355,52.515431,-0.2308600,0.1341162,0.0000000,0.0000000,1.134304,1.128716
4.684923,-7.097197,52.595367,-0.2189604,0.1636123,0.0000000,0.0000000,1.160997,1.157295
4.763072,-7.114002,52.675302,-0.2040662,0.2090468,0.0000000,0.0000000,1.191866,1.191478
4.841494,-7.129478,52.755237,-0.1847296,0.2747641,0.0000000,0.0000000,1.218921,1.234753
4.920242,-7.143202,52.835172,-0.1591437,0.3654166,0.0000000,0.0000000,1.238155,1.294370
4.999360,-7.154589,52.915105,-0.1251451,0.4852763,0.0000000,0.0000000,1.250562,1.370872
5.078862,-7.162866,52.995037,-0.0803009,0.6368399,0.0000000,0.0000000,1.257261,1.459349
5.158682,-7.167054,53.074966,-0.0221032,0.8195331,0.0000000,0.0000000,1.258879,1.551354
5.238599,-7.165986,53.154891,0.0515400,1.0236050,0.0000000,0.0000000,1.256984,1.617879
5.318158,-7.158396,53.234810,0.1413949,1.2257428,0.0000000,0.0000000,1.254679,1.696987
5.396596,-7.143111,53.314724,0.2456129,1.3838087,0.0000000,0.0000000,1.255208,1.800181
