# s_m,x_m,y_m,psi_rad,kappa_radpm,vx_mps,ax_mps2
0.000000,-69.433670,53.881934,0.023972,0.014749,20.000000,0.000000
0.346158,-69.087612,53.890232,0.029082,0.010258,20.000000,0.000000
0.691721,-68.742251,53.902048,0.031066,-0.000157,20.000000,0.000000
1.036886,-68.397221,53.911686,0.028969,-0.005556,20.000000,0.000000
1.381654,-68.052608,53.922032,0.027233,-0.004825,20.000000,-6.403925
1.726093,-67.708272,53.930453,0.025644,-0.004610,19.889406,-9.870512
2.070233,-67.364256,53.939687,0.024060,-0.010345,19.717880,-9.303813
2.414114,-67.020453,53.947005,0.018524,-0.012643,19.554948,-9.426785
2.757756,-66.676853,53.952422,0.015370,-0.009303,19.388582,-9.347994
3.101200,-66.333448,53.957565,0.012132,-0.013974,19.222281,-7.849824
3.444456,-65.990207,53.960753,0.005772,-0.022568,19.081590,-4.676068
3.787535,-65.647128,53.961527,-0.003359,-0.028226,18.997330,1.704018
4.130437,-65.304240,53.958449,-0.013591,-0.028009,19.028063,4.683000
4.473178,-64.961556,53.952208,-0.022562,-0.022602,19.112229,7.435118
4.815770,-64.619088,53.942987,-0.029079,-0.016345,19.245044,8.611989
5.158228,-64.276797,53.932290,-0.033758,-0.014064,19.397686,8.796443
5.500569,-63.934682,53.919874,-0.038710,-0.014312,19.552314,8.639634
5.842808,-63.592732,53.905797,-0.043556,-0.014926,19.702959,8.319548
6.184959,-63.250943,53.890074,-0.048926,-0.016269,19.846906,8.009353
6.527033,-62.909329,53.872334,-0.054687,-0.016530,19.984476,0.907453
6.869042,-62.567885,53.852682,-0.060234,-0.016041,20.000000,0.000000
7.210997,-62.226608,53.831161,-0.065658,-0.015556,20.000000,0.000000
7.552907,-61.885496,53.807813,-0.070872,-0.014992,20.000000,0.000000
7.894782,-61.544541,53.782741,-0.075910,-0.014637,20.000000,0.000000
8.236633,-61.203742,53.755962,-0.080879,-0.014401,20.000000,0.000000
8.578467,-60.863094,53.727506,-0.085756,-0.014127,20.000000,0.000000
8.920292,-60.522596,53.697406,-0.090537,-0.013847,20.000000,0.000000
9.262118,-60.182245,53.665694,-0.095222,-0.013550,20.000000,0.000000
9.603951,-59.842037,53.632406,-0.099801,-0.013244,20.000000,0.000000
9.945797,-59.501969,53.597576,-0.104276,-0.012942,20.000000,0.000000
10.287663,-59.162040,53.561240,-0.108649,-0.012641,20.000000,0.000000
10.629555,-58.822244,53.523433,-0.112919,-0.012339,20.000000,0.000000
10.971479,-58.482580,53.484188,-0.117087,-0.012038,20.000000,0.000000
11.313439,-58.143045,53.443542,-0.121151,-0.011735,20.000000,0.000000
11.655439,-57.803635,53.401528,-0.125113,-0.011433,20.000000,0.000000
11.997484,-57.464347,53.358182,-0.128972,-0.011130,20.000000,0.000000
12.339578,-57.125179,53.313538,-0.132728,-0.010828,20.000000,0.000000
12.681724,-56.786127,53.267631,-0.136381,-0.010525,20.000000,0.000000
13.023924,-56.447188,53.220495,-0.139931,-0.010223,20.000000,0.000000
13.366182,-56.108360,53.172166,-0.143378,-0.009921,20.000000,0.000000
13.708499,-55.769639,53.122678,-0.146722,-0.009618,20.000000,0.000000
14.050877,-55.431023,53.072066,-0.149964,-0.009316,20.000000,0.000000
14.393318,-55.092507,53.020365,-0.153102,-0.009014,20.000000,0.000000
14.735822,-54.754090,52.967609,-0.156138,-0.008712,20.000000,0.000000
15.078391,-54.415768,52.913833,-0.159071,-0.008411,20.000000,0.000000
15.421025,-54.077539,52.859072,-0.161901,-0.008110,20.000000,0.000000
15.763724,-53.739398,52.803361,-0.164629,-0.007809,20.000000,0.000000
16.106489,-53.401344,52.746734,-0.167254,-0.007509,20.000000,0.000000
16.449317,-53.063373,52.689226,-0.169777,-0.007209,20.000000,0.000000
16.792210,-52.725482,52.630873,-0.172198,-0.006909,20.000000,0.000000
17.135166,-52.387668,52.571708,-0.174516,-0.006610,20.000000,0.000000
17.478183,-52.049929,52.511766,-0.176732,-0.006312,20.000000,0.000000
17.821262,-51.712260,52.451083,-0.178846,-0.006013,20.000000,0.000000
18.164398,-51.374659,52.389692,-0.180859,-0.005715,20.000000,0.000000
18.507592,-51.037124,52.327630,-0.182769,-0.005418,20.000000,0.000000
18.850841,-50.699650,52.264929,-0.184578,-0.005121,20.000000,0.000000
19.194142,-50.362236,52.201626,-0.186284,-0.004824,20.000000,0.000000
19.537494,-50.024877,52.137755,-0.187890,-0.004527,20.000000,0.000000
19.880893,-49.687572,52.073351,-0.189394,-0.004231,20.000000,0.000000
20.224337,-49.350316,52.008448,-0.190796,-0.003936,20.000000,0.000000
20.567823,-49.013108,51.943081,-0.192097,-0.003640,20.000000,0.000000
20.911347,-48.675943,51.877285,-0.193297,-0.003345,20.000000,0.000000
21.254908,-48.338819,51.811095,-0.194396,-0.003050,20.000000,0.000000
21.598500,-48.001733,51.744545,-0.195393,-0.002756,20.000000,0.000000
21.942121,-47.664682,51.677671,-0.196290,-0.002462,20.000000,0.000000
22.285768,-47.327663,51.610506,-0.197085,-0.002168,20.000000,0.000000
22.629437,-46.990672,51.543087,-0.197780,-0.001874,20.000000,0.000000
22.973123,-46.653708,51.475446,-0.198373,-0.001580,20.000000,0.000000
23.316824,-46.316766,51.407620,-0.198866,-0.001286,20.000000,0.000000
23.660535,-45.979844,51.339643,-0.199257,-0.000993,20.000000,0.000000
24.004253,-45.642938,51.271549,-0.199548,-0.000700,20.000000,0.000000
24.347973,-45.306047,51.203374,-0.199738,-0.000406,20.000000,0.000000
24.691693,-44.969166,51.135152,-0.199828,-0.000113,20.000000,0.000000
25.035407,-44.632292,51.066918,-0.199816,0.000181,20.000000,0.000000
25.379112,-44.295424,50.998707,-0.199703,0.000474,20.000000,0.000000
25.722804,-43.958557,50.930554,-0.199490,0.000767,20.000000,0.000000
26.066480,-43.621688,50.862492,-0.199176,0.001061,20.000000,0.000000
26.410134,-43.284816,50.794557,-0.198761,0.001355,20.000000,0.000000
26.753764,-42.947936,50.726785,-0.198245,0.001649,20.000000,0.000000
27.097365,-42.611045,50.659208,-0.197628,0.001943,20.000000,0.000000
27.440934,-42.274141,50.591863,-0.196910,0.002237,20.000000,0.000000
27.784467,-41.937220,50.524784,-0.196090,0.002532,20.000000,0.000000
28.127961,-41.600280,50.458005,-0.195170,0.002827,20.000000,0.000000
28.471412,-41.263318,50.391562,-0.194149,0.003122,20.000000,0.000000
28.814816,-40.926330,50.325490,-0.193026,0.003417,20.000000,0.000000
29.158171,-40.589313,50.259822,-0.191802,0.003713,20.000000,0.000000
29.501473,-40.252265,50.194594,-0.190476,0.004009,20.000000,0.000000
29.844719,-39.915182,50.129840,-0.189049,0.004306,20.000000,0.000000
30.187906,-39.578062,50.065595,-0.187521,0.004603,20.000000,0.000000
30.531032,-39.240901,50.001895,-0.185890,0.004900,20.000000,0.000000
30.874093,-38.903696,49.938773,-0.184158,0.005198,20.000000,0.000000
31.217088,-38.566445,49.876265,-0.182324,0.005496,20.000000,0.000000
31.560015,-38.229144,49.814405,-0.180388,0.005795,20.000000,0.000000
31.902871,-37.891791,49.753228,-0.178350,0.006094,20.000000,0.000000
32.245654,-37.554381,49.692769,-0.176210,0.006394,20.000000,0.000000
32.588363,-37.216913,49.633062,-0.173967,0.006694,20.000000,0.000000
32.930997,-36.879383,49.574142,-0.171622,0.006994,20.000000,0.000000
33.273554,-36.541789,49.516045,-0.169174,0.007295,20.000000,0.000000
33.616034,-36.204126,49.458804,-0.166625,0.007595,20.000000,0.000000
33.958436,-35.866393,49.402454,-0.163972,0.007898,20.000000,0.000000
34.300760,-35.528586,49.347030,-0.161217,0.008205,20.000000,0.000000
34.643005,-35.190702,49.292568,-0.158356,0.008515,20.000000,0.000000
34.985172,-34.852738,49.239102,-0.155389,0.008824,20.000000,0.000000
35.327261,-34.514691,49.186669,-0.152318,0.009122,20.000000,0.000000
35.669274,-34.176557,49.135304,-0.149149,0.009401,20.000000,0.000000
36.011211,-33.838335,49.085037,-0.145888,0.009663,20.000000,0.000000
36.353074,-33.500022,49.035899,-0.142541,0.009930,20.000000,-3.436841
36.694865,-33.161616,48.987918,-0.139099,0.010240,19.941179,-9.446390
37.036586,-32.823113,48.941129,-0.135542,0.010617,19.778639,-9.408312
37.378240,-32.484509,48.895576,-0.131844,0.011041,19.615448,-9.368788
37.719830,-32.145800,48.851308,-0.127998,0.011449,19.451612,-9.336268
38.061359,-31.806980,48.808377,-0.124023,0.011808,19.286991,-9.313575
38.402831,-31.468046,48.766818,-0.119933,0.012120,19.121385,-9.300260
38.744250,-31.128996,48.726672,-0.115746,0.012388,18.954598,-9.292567
39.085620,-30.789827,48.687964,-0.111474,0.012653,18.786495,-9.287450
39.426946,-30.450538,48.650727,-0.107108,0.012908,18.616989,-9.288994
39.768234,-30.111126,48.614991,-0.102663,0.013110,18.445917,-9.304127
40.109490,-29.771590,48.580779,-0.098160,0.013212,18.272976,-9.331238
40.450720,-29.431928,48.548105,-0.093646,0.013268,18.097886,-9.363702
40.791931,-29.092140,48.516964,-0.089106,0.013300,17.920476,-9.401900
41.133132,-28.752225,48.487379,-0.084570,0.013271,17.740564,-9.445929
41.474340,-28.412172,48.459322,-0.080050,0.013204,17.557948,-9.493953
41.815584,-28.071960,48.432807,-0.075559,0.013090,17.372451,-9.544801
42.156891,-27.731571,48.407798,-0.071116,0.012944,17.183906,-9.598933
42.498288,-27.390984,48.384298,-0.066723,0.012730,16.992132,-9.658208
42.839801,-27.050181,48.362266,-0.062422,0.012430,16.796896,-9.718743
43.181458,-26.709146,48.341680,-0.058231,0.012108,16.598035,-9.774782
43.523283,-26.367860,48.322489,-0.054147,0.011807,16.395495,-9.827605
43.865301,-26.026306,48.304670,-0.050158,0.011460,16.189188,-9.880160
44.207536,-25.684468,48.288183,-0.046306,0.011053,15.978959,-9.930618
44.550014,-25.342328,48.272976,-0.042589,0.010631,15.764679,-9.976543
44.892757,-24.999870,48.259009,-0.039021,0.010216,15.546263,-10.000000
45.235789,-24.657076,48.246223,-0.035583,0.009859,15.324023,-10.000000
45.579133,-24.313930,48.234590,-0.032254,0.009419,15.098304,-10.000000
45.922811,-23.970413,48.224067,-0.029113,0.008796,14.868936,-10.000000
46.266844,-23.626510,48.214572,-0.026205,0.008073,14.635729,-10.000000
46.611256,-23.282204,48.206029,-0.023555,0.007336,14.398484,-10.000000
46.956068,-22.937478,48.198339,-0.021148,0.006988,14.156980,-10.000000
47.301301,-22.592315,48.191437,-0.018733,0.007314,13.910983,-10.000000
47.646975,-22.246693,48.185397,-0.016095,0.008183,13.660232,-10.000000
47.993112,-21.900594,48.180302,-0.013073,0.009357,13.404448,-10.000000
48.339729,-21.554000,48.176341,-0.009614,0.009880,13.143321,-10.000000
48.686846,-21.206893,48.173633,-0.006219,0.009438,12.876511,-10.000000
49.034482,-20.859261,48.172021,-0.003057,0.008438,12.603643,-10.000000
49.382657,-20.511086,48.171506,-0.000347,0.007377,12.324298,-10.000000
49.731388,-20.162355,48.171779,0.002085,0.006598,12.038011,-10.000000
50.080695,-19.813050,48.172961,0.004259,0.005977,11.744256,-10.000000
50.430596,-19.463154,48.174757,0.006264,0.005367,11.442444,-10.000000
50.781110,-19.112649,48.177348,0.008019,0.003459,11.131902,-10.000000
51.132257,-18.761515,48.180383,0.008693,-0.004536,10.811860,-10.000000
51.484041,-18.409745,48.183459,0.004836,-0.022188,10.481442,-9.776445
51.836123,-18.057663,48.183787,-0.006928,-0.040142,10.147729,-9.183816
52.187997,-17.705827,48.178582,-0.023446,-0.056024,9.824119,-9.169189
52.539137,-17.354868,48.167307,-0.046358,-0.047657,9.490731,-10.000000
52.889067,-17.005582,48.146097,-0.056837,-0.002850,9.114570,-10.000000
53.237036,-16.658101,48.127662,-0.048252,0.022544,8.724448,-10.000000
53.583080,-16.312384,48.112622,-0.041203,0.034035,8.318360,-10.000000
53.927467,-15.968258,48.099223,-0.024745,0.012951,7.893502,-10.000000
54.271738,-15.624007,48.095585,-0.032350,-0.042003,7.444593,-9.738997
54.614231,-15.282018,48.077015,-0.053594,-0.094247,6.982184,-8.380748
54.957382,-14.939347,48.058856,-0.097109,-0.183434,6.557375,-6.988117
55.298124,-14.602015,48.010772,-0.179304,-0.211618,6.183597,-6.721789
55.637497,-14.270613,47.937648,-0.240735,-0.251091,5.802972,-5.548954
55.976760,-13.943132,47.849020,-0.350200,-0.328345,5.468946,-4.323309
56.316001,-13.635642,47.705722,-0.462773,-0.363928,5.193851,-3.893287
56.652906,-13.338321,47.547275,-0.599473,-0.418302,4.934851,-0.110265
56.982884,-13.088429,47.331776,-0.743543,-0.419556,4.927472,1.046121
57.291556,-12.868483,47.115208,-0.871886,-0.408686,4.992574,3.193972
57.577823,-12.707486,46.878503,-0.983064,-0.376160,5.172471,0.998797
57.846589,-12.560745,46.653332,-1.075657,-0.364963,5.224112,-3.825000
58.122314,-12.449625,46.400990,-1.172154,-0.393701,5.018172,-3.694865
58.429644,-12.334449,46.116058,-1.302949,-0.444626,4.786540,-0.128991
58.751433,-12.284199,45.798217,-1.451772,-0.446243,4.777860,1.418287
59.088882,-12.256222,45.461930,-1.603536,-0.428285,4.877001,3.967035
59.423969,-12.306065,45.130570,-1.740032,-0.370050,5.142349,4.473217
59.761572,-12.369501,44.798980,-1.854003,-0.330798,5.428084,5.421794
60.099541,-12.494008,44.484781,-1.962187,-0.262834,5.755770,5.958404
60.439173,-12.627962,44.172682,-2.032773,-0.243613,6.097230,6.249970
60.781683,-12.797569,43.875114,-2.127784,-0.196136,6.438756,8.313355
61.127110,-12.991354,43.589165,-2.168319,-0.096381,6.870290,9.510000
61.474422,-13.187300,43.302406,-2.194685,-0.054678,7.335309,9.510000
61.825050,-13.398967,43.022876,-2.206552,-0.008633,7.776612,9.510000
62.178616,-13.605410,42.735837,-2.200925,-0.013777,8.197593,9.510000
62.535798,-13.817766,42.448638,-2.216147,-0.052201,8.601984,9.099218
62.896183,-14.036994,42.162603,-2.238357,-0.077659,8.975108,7.719107
63.258941,-14.265402,41.880781,-2.272308,-0.091273,9.281859,7.476935
63.623039,-14.505990,41.607496,-2.304779,-0.072835,9.570663,8.591427
63.987682,-14.753500,41.339722,-2.325472,-0.050806,9.892582,9.256169
64.351962,-15.005322,41.076500,-2.341857,-0.041048,10.227750,9.470723
64.714911,-15.260289,40.818189,-2.355353,-0.035866,10.558487,9.492463
65.075550,-15.516537,40.564424,-2.367832,-0.035380,10.877883,9.378445
65.433275,-15.774114,40.316187,-2.380783,-0.036176,11.182046,9.223772
65.788105,-16.032615,40.073120,-2.393607,-0.036773,11.471003,9.034974
66.140124,-16.292265,39.835425,-2.406775,-0.038071,11.744993,8.757765
66.489433,-16.552956,39.602924,-2.420306,-0.040248,12.002633,8.308491
66.836152,-16.814939,39.375813,-2.434791,-0.044024,12.240287,7.608209
67.180421,-17.078399,39.154205,-2.450730,-0.048454,12.452436,-4.410321
67.522397,-17.343807,38.938551,-2.468043,-0.052305,12.330723,-6.462813
67.862257,-17.611310,38.728917,-2.486391,-0.056150,12.151289,-5.967852
68.200197,-17.881227,38.525574,-2.506098,-0.060579,11.984167,-5.325248
68.536439,-18.153849,38.328759,-2.527226,-0.065165,11.833813,-4.490009
68.871223,-18.429515,38.138790,-2.549816,-0.069962,11.706099,-3.450387
69.204812,-18.708528,37.955942,-2.573974,-0.073940,11.607357,-2.486023
69.537491,-18.991257,37.780615,-2.599061,-0.076123,11.535885,-1.914239
69.869573,-19.277788,37.612749,-2.624554,-0.077287,11.480648,-1.364387
70.201406,-19.568341,37.452464,-2.650346,-0.077821,11.441144,-0.823167
70.533370,-19.863039,37.299645,-2.676182,-0.078148,11.417235,-0.691756
70.865885,-20.162096,37.154278,-2.702247,-0.078425,11.397070,0.275243
71.199249,-20.465628,37.016440,-2.728388,-0.078314,11.405118,0.910165
71.533585,-20.773549,36.886189,-2.754531,-0.077949,11.431768,1.755340
71.868978,-21.085759,36.763659,-2.780589,-0.077216,11.483152,2.042074
72.205487,-21.402089,36.648884,-2.806411,-0.075747,11.542839,2.649540
72.543144,-21.722355,36.541917,-2.831657,-0.073502,11.620086,3.245098
72.881968,-22.046288,36.442575,-2.856137,-0.071131,11.714326,3.702083
73.221958,-22.373652,36.350780,-2.879945,-0.068795,11.821285,4.105695
73.563095,-22.704188,36.266398,-2.903000,-0.066241,11.939179,4.545916
73.905348,-23.037640,36.189281,-2.925220,-0.063278,12.068790,5.039888
74.248670,-23.373738,36.119222,-2.946389,-0.059902,12.211319,5.515323
74.593004,-23.712201,36.055906,-2.966419,-0.056608,12.365862,5.872939
74.938284,-24.052766,35.999043,-2.985434,-0.053899,12.528773,6.077147
75.284431,-24.395184,35.948377,-3.003694,-0.051897,12.695563,6.162109
75.631354,-24.739229,35.903776,-3.021409,-0.050358,12.862849,6.194646
75.978951,-25.084669,35.865110,-3.038675,-0.048959,13.029174,6.228962
76.327109,-25.431277,35.832299,-3.055479,-0.047532,13.194571,6.283732
76.675704,-25.778816,35.805186,-3.071801,-0.046073,13.359552,6.353865
77.024602,-26.127049,35.783661,-3.087622,-0.044623,13.524472,6.424148
77.373662,-26.475737,35.767536,-3.102953,-0.043266,13.689272,6.486936
77.722734,-26.824641,35.756693,-3.117834,-0.041980,13.853700,6.542165
78.071662,-27.173521,35.750954,-3.132261,-0.040784,14.017506,6.588811
78.420281,-27.522140,35.750184,3.136896,-0.039663,14.180425,6.634412
78.768421,-27.870256,35.754227,3.123282,-0.038565,14.342380,6.687413
79.115906,-28.217632,35.762920,3.110063,-0.037469,14.503496,6.752681
79.462552,-28.564027,35.776108,3.097267,-0.036350,14.664003,6.830972
79.808174,-28.909207,35.793595,3.084893,-0.035222,14.824131,6.921807
80.152580,-29.252934,35.815211,3.072959,-0.034070,14.984081,7.024770
80.495667,-29.595069,35.840742,3.061472,-0.032905,15.144071,7.138649
80.837555,-29.935700,35.870032,3.050426,-0.031720,15.304383,7.262281
81.178394,-30.274951,35.902897,3.039822,-0.030524,15.465273,7.396385
81.518325,-30.612938,35.939194,3.029651,-0.029293,15.627002,7.545345
81.857486,-30.949785,35.978756,3.019934,-0.028004,15.789913,7.710929
82.196010,-31.285608,36.021436,3.010678,-0.026650,15.954374,7.889286
82.534024,-31.620526,36.067071,3.001908,-0.025254,16.120651,8.076016
82.871649,-31.954659,36.115504,2.993619,-0.023817,16.288914,6.722722
83.209002,-32.288122,36.166585,2.985835,-0.022335,16.427556,-8.566634
83.546196,-32.621036,36.220145,2.978555,-0.020833,16.250765,-8.895205
83.883340,-32.953514,36.276041,2.971789,-0.019249,16.065162,-9.183990
84.220539,-33.285676,36.334101,2.965577,-0.017594,15.871224,-9.436866
84.557893,-33.617641,36.394160,2.959923,-0.015817,15.669353,-9.660179
84.895501,-33.949528,36.456047,2.954902,-0.013838,15.459816,-9.849469
85.233457,-34.281465,36.519550,2.950574,-0.011792,15.242983,-9.996727
85.571856,-34.613580,36.584459,2.946926,-0.009822,15.019414,-10.000000
85.910786,-34.945999,36.650572,2.943921,-0.008213,14.792031,-10.000000
86.250336,-35.278847,36.717703,2.941354,-0.007236,14.560673,-10.000000
86.590591,-35.612222,36.785787,2.939002,-0.006612,14.325085,-10.000000
86.931637,-35.946215,36.854786,2.936849,-0.005951,14.084997,-10.000000
87.273557,-36.280922,36.924645,2.934938,-0.004936,13.840114,-10.000000
87.616433,-36.616440,36.995297,2.933468,-0.003312,13.590115,-10.000000
87.960350,-36.952894,37.066554,2.932661,-0.001360,13.334651,-10.000000
88.305390,-37.290414,37.138197,2.932528,0.000402,13.073335,-10.000000
88.651638,-37.629129,37.210027,2.932938,0.002288,12.805746,-10.000000
88.999179,-37.969155,37.281911,2.934113,0.004768,12.531413,-10.000000
89.348098,-38.310652,37.353494,2.936254,0.007931,12.249814,-10.000000
89.698480,-38.653765,37.424498,2.939654,0.011846,11.960364,-10.000000
90.050412,-38.998694,37.494357,2.944566,0.016234,11.662403,-10.000000
90.403934,-39.345568,37.562593,2.951102,0.020816,11.355228,-9.895020
90.758596,-39.694062,37.628443,2.959315,0.025484,11.041850,-9.773680
91.113715,-40.043583,37.691253,2.969205,0.030484,10.722910,-9.618460
91.468640,-40.393572,37.750239,2.980980,0.037116,10.399670,-9.366164
91.822768,-40.743496,37.804645,2.995551,0.046821,10.075688,-8.948637
92.175546,-41.092929,37.853107,3.014119,0.059882,9.757342,-8.327692
92.526475,-41.441455,37.894101,3.037746,0.075386,9.453088,-7.547240
92.875103,-41.788657,37.925617,3.066926,0.090945,9.170524,-6.751547
93.221045,-42.134003,37.945908,3.100985,0.104579,8.912195,-6.028685
93.563995,-42.476867,37.953578,3.139034,0.116922,8.677105,-5.344328
93.903752,-42.816573,37.947654,-3.102319,0.128484,8.465259,-4.635150
94.240234,-43.152422,37.927033,-3.057228,0.139576,8.278968,-3.836664
94.573514,-43.483773,37.891232,-3.008817,0.149818,8.123051,-2.998316
94.903839,-43.809976,37.839209,-2.957832,0.157767,8.000195,-2.377190
95.231689,-44.130654,37.771004,-2.905049,0.162882,7.902176,-2.202971
95.557811,-44.445505,37.686010,-2.851449,0.166623,7.810731,-2.169737
95.883300,-44.754809,37.584651,-2.796665,0.170934,7.719784,-2.013494
96.209589,-45.058648,37.465714,-2.740290,0.174788,7.634206,-1.313214
96.538266,-45.357502,37.328910,-2.682365,0.177415,7.577457,-0.919270
96.869919,-45.650303,37.173149,-2.623205,0.179320,7.537115,-0.734848
97.204726,-45.936153,36.998835,-2.562849,0.180887,7.504401,0.707739
97.542573,-46.213144,36.805402,-2.501498,0.179363,7.536196,2.177382
97.883257,-46.480111,36.593754,-2.441072,0.174781,7.633993,2.391450
98.226465,-46.735748,36.364753,-2.381882,0.168675,7.740761,2.717856
98.571832,-46.979140,36.119726,-2.324832,0.162579,7.861087,2.850914
98.918958,-47.209634,35.860171,-2.269203,0.157401,7.985984,2.761597
99.267388,-47.426210,35.587227,-2.215263,0.153443,8.105578,1.934564
99.616683,-47.628664,35.302587,-2.162052,0.151924,8.188520,-0.222295
99.966356,-47.815676,35.007126,-2.108992,0.152250,8.179022,-2.318442
100.315949,-47.986976,34.702378,-2.055500,0.154914,8.079318,-2.562315
100.664978,-48.141074,34.389208,-2.000681,0.159028,7.967856,-2.599355
101.012992,-48.277371,34.068994,-1.944558,0.163811,7.853503,-2.523963
101.359558,-48.394574,33.742848,-1.886814,0.169100,7.741322,-2.318199
101.704293,-48.492126,33.412203,-1.827574,0.174642,7.637391,-1.763010
102.046875,-48.569049,33.078369,-1.766705,0.178335,7.557896,-0.009770
102.387070,-48.624971,32.742802,-1.705765,0.178356,7.557456,1.225810
102.724787,-48.660226,32.406930,-1.645786,0.175807,7.612036,1.642137
103.060137,-48.675374,32.071922,-1.587477,0.172528,7.684040,1.714041
103.393546,-48.671377,31.738538,-1.530516,0.169251,7.758056,2.265474
103.725986,-48.648572,31.406880,-1.474979,0.164281,7.854534,2.578490
104.058934,-48.607742,31.076445,-1.421406,0.158650,7.963084,2.778872
104.393575,-48.549246,30.746957,-1.369202,0.153832,8.079019,3.022541
104.730684,-48.473281,30.418518,-1.318142,0.147552,8.204170,3.671729
105.070686,-48.380039,30.091551,-1.269310,0.138068,8.354951,4.518883
105.413771,-48.270502,29.766423,-1.223803,0.126793,8.538496,5.315125
105.759916,-48.145708,29.443556,-1.181870,0.114906,8.751316,6.104252
106.108944,-48.006948,29.123296,-1.143858,0.101414,8.991476,7.003450
106.460544,-47.855635,28.805921,-1.110741,0.085076,9.261288,8.004351
106.814311,-47.693802,28.491340,-1.083770,0.065696,9.562155,8.930099
107.169756,-47.523747,28.179215,-1.064078,0.046119,9.888535,9.510000
107.526315,-47.348270,27.868824,-1.050884,0.029976,10.225697,9.510000
107.883359,-47.169231,27.559914,-1.042661,0.017603,10.552529,9.510000
108.240197,-46.988529,27.252212,-1.038307,0.007909,10.869357,9.510000
108.596081,-46.807397,26.945872,-1.037026,0.000623,11.176396,9.510000
108.950223,-46.627281,26.640955,-1.037875,-0.004501,11.473779,9.510000
109.301808,-46.448851,26.338011,-1.040217,-0.008669,11.761579,9.510000
109.650031,-46.273155,26.037361,-1.043961,-0.012543,12.039849,9.510000
109.994194,-46.100720,25.739512,-1.048920,-0.015405,12.308693,9.510000
110.334278,-45.932054,25.444200,-1.054504,-0.016784,12.568705,9.510000
110.670885,-45.766667,25.151025,-1.060269,-0.017485,12.820866,9.510000
111.004615,-45.604504,24.859342,-1.066216,-0.017605,13.066069,9.510000
111.336053,-45.445099,24.568755,-1.071968,-0.016495,13.305116,9.510000
111.665768,-45.288212,24.278758,-1.077109,-0.014228,13.538732,9.510000
111.994324,-45.133161,23.989088,-1.081322,-0.011480,13.767586,9.510000
112.322278,-44.979547,23.699336,-1.084638,-0.008644,13.992287,4.370796
112.650186,-44.826722,23.409219,-1.086987,-0.005712,14.094344,-10.000000
112.978603,-44.674254,23.118338,-1.088386,-0.002089,13.859372,-10.000000
113.308090,-44.521509,22.826395,-1.088364,0.002965,13.619561,-10.000000
113.639214,-44.367773,22.533123,-1.086438,0.008972,13.374227,-10.000000
113.972545,-44.212112,22.238371,-1.082422,0.014688,13.122627,-9.890232
114.308660,-44.053677,21.941940,-1.076628,0.019612,12.866811,-9.703125
114.648141,-43.891679,21.643604,-1.069200,0.023473,12.608203,-9.563761
114.991579,-43.725314,21.343151,-1.060625,0.026349,12.344945,-9.456310
115.339577,-43.554036,21.040220,-1.051008,0.029291,12.075434,-9.338101
115.692552,-43.377148,20.734767,-1.040107,0.032793,11.799317,-9.195895
116.049869,-43.194543,20.427634,-1.027707,0.036813,11.517473,-9.041209
116.410558,-43.006103,20.120084,-1.013655,0.041086,11.230763,-8.894727
116.773674,-42.811833,19.813307,-0.997942,0.045371,10.939397,-8.791372
117.138297,-42.611658,19.508545,-0.980602,0.049048,10.642337,-8.767300
117.503543,-42.405661,19.206932,-0.962102,0.051767,10.337064,-8.786620
117.868577,-42.194105,18.909453,-0.942754,0.054858,10.021979,-8.740343
118.232622,-41.977303,18.617006,-0.922061,0.060579,9.699294,-8.506879
118.594963,-41.755263,18.330668,-0.898695,0.071119,9.376115,-8.009001
118.954938,-41.527602,18.051827,-0.870611,0.086168,9.063413,-7.278327
119.311912,-41.293346,17.782467,-0.836814,0.102880,8.772064,-6.474269
119.665302,-41.051856,17.524460,-0.797410,0.118131,8.507245,-5.786464
120.014585,-40.802595,17.279782,-0.753696,0.130908,8.266256,-5.205453
120.359337,-40.545919,17.049626,-0.706451,0.143286,8.046229,-4.602777
120.699233,-40.281963,16.835486,-0.655497,0.155446,7.849387,-3.931037
121.034071,-40.011212,16.638482,-0.601490,0.167008,7.679867,-3.162435
121.363807,-39.734237,16.459567,-0.544456,0.177196,7.542865,-2.453272
121.688587,-39.451573,16.299619,-0.485520,0.184206,7.436482,-2.036880
122.008819,-39.164018,16.158693,-0.425716,0.188656,7.348246,-1.666882
122.325243,-38.872007,16.036817,-0.365571,0.192415,7.276114,-1.459169
122.639029,-38.575716,15.933504,-0.304699,0.195802,7.212912,-0.954333
122.951844,-38.274553,15.848922,-0.243183,0.198075,7.171405,-0.620472
123.265292,-37.968164,15.782775,-0.180899,0.199585,7.144234,-0.242385
123.580495,-37.656470,15.735876,-0.117897,0.200184,7.133532,0.301582
123.898296,-37.339863,15.708355,-0.054298,0.199433,7.146955,1.808526
124.219212,-37.019026,15.701230,0.009413,0.195001,7.227706,2.458626
124.543590,-36.694917,15.714426,0.071522,0.187530,7.337219,2.914047
124.871606,-36.368606,15.747829,0.131774,0.179090,7.466357,3.306445
125.203306,-36.041206,15.801070,0.189715,0.170492,7.611832,3.530220
125.538629,-35.713813,15.873566,0.245555,0.163135,7.765791,3.669103
125.877406,-35.387575,15.964879,0.299750,0.155675,7.924237,4.023459
126.219380,-35.063649,16.074507,0.351608,0.145964,8.096009,4.585391
126.564243,-34.742963,16.201356,0.400090,0.135110,8.289030,5.059938
126.911645,-34.426229,16.344071,0.445223,0.125694,8.498452,5.279293
127.261199,-34.114099,16.501436,0.487767,0.118885,8.712892,5.176831
127.612485,-33.807253,16.672453,0.528610,0.115395,8.919170,4.750868
127.965047,-33.506443,16.856338,0.569051,0.114073,9.105028,4.237987
128.318388,-33.212714,17.052738,0.609198,0.112133,9.268033,3.975535
128.671988,-32.926789,17.260777,0.648388,0.108847,9.418489,4.166834
129.025319,-32.649355,17.479575,0.686205,0.103271,9.573530,4.740770
129.377862,-32.380778,17.707946,0.721331,0.096015,9.746545,5.361914
129.729188,-32.120873,17.944334,0.753802,0.088884,9.937942,5.860972
130.079320,-31.869415,18.187975,0.783653,0.082382,10.142333,6.285045
130.428689,-31.625438,18.438044,0.811399,0.076020,10.356569,6.759841
130.777538,-31.388747,18.694311,0.836715,0.068635,10.581817,7.385631
131.125963,-31.158363,18.955697,0.859253,0.059332,10.822270,8.251682
131.473924,-30.934032,19.221691,0.878032,0.045639,11.084406,9.211205
131.821317,-30.714277,19.490744,0.890985,0.029013,11.369427,9.510000
132.167975,-30.497725,19.761441,0.898162,0.011558,11.655784,-8.359221
132.513691,-30.282896,20.032306,0.898973,-0.006238,11.405151,-10.000000
132.858231,-30.068100,20.301696,0.893835,-0.022679,11.098949,-9.648955
133.201354,-29.852128,20.568322,0.883350,-0.038649,10.796532,-8.881252
133.542829,-29.633687,20.830789,0.867341,-0.055402,10.511881,-7.800577
133.882461,-29.411569,21.087719,0.845574,-0.072170,10.256754,-6.511000
134.220104,-29.184484,21.337590,0.818421,-0.085913,10.040130,-5.335738
134.555696,-28.951547,21.579172,0.787711,-0.095076,9.860170,-4.437156
134.889295,-28.712450,21.811812,0.754797,-0.101902,9.708887,-3.741415
135.221158,-28.466887,22.035042,0.719925,-0.106977,9.580147,-3.185324
135.551798,-28.214423,22.248549,0.683995,-0.111244,9.469574,-2.571640
135.882147,-27.954667,22.452650,0.646503,-0.115259,9.379432,-2.040240
136.213374,-27.686456,22.647006,0.607850,-0.117600,9.307104,-1.224082
136.546190,-27.409669,22.831818,0.568473,-0.118717,9.263228,-0.130659
136.880987,-27.123958,23.006340,0.528629,-0.118838,9.258505,1.976111
137.217998,-26.829676,23.170578,0.488647,-0.116770,9.330158,2.737316
137.557266,-26.526948,23.323741,0.449653,-0.111115,9.429168,3.801988
137.898777,-26.216674,23.466430,0.412974,-0.103970,9.565880,4.568788
138.242406,-25.899509,23.598667,0.378386,-0.097542,9.728617,5.158205
138.587963,-25.576328,23.720995,0.345712,-0.090600,9.910141,5.906705
138.935179,-25.247809,23.833394,0.315582,-0.080980,10.114974,6.833772
139.283748,-24.914969,23.936924,0.289324,-0.069397,10.347792,7.703300
139.633319,-24.578735,24.032562,0.267095,-0.058023,10.604833,8.341585
139.983501,-24.240062,24.121600,0.248691,-0.049117,10.876793,8.696067
140.333865,-23.899764,24.204985,0.232662,-0.043873,11.153395,8.832280
140.683941,-23.558514,24.283095,0.217941,-0.041001,11.427255,8.855094
141.033270,-23.216922,24.356206,0.203975,-0.039266,11.694821,8.848904
141.381746,-22.875191,24.424441,0.190541,-0.037523,11.955589,8.878882
141.729448,-22.533358,24.488053,0.177856,-0.035241,12.211081,8.951226
142.076449,-22.191460,24.547346,0.166063,-0.032826,12.462852,9.016726
142.422821,-21.849534,24.602667,0.155099,-0.031008,12.710978,9.044769
142.768633,-21.507594,24.654271,0.144602,-0.029723,12.954711,9.060737
143.113948,-21.165630,24.702256,0.134559,-0.028393,13.194020,9.081278
143.458824,-20.823650,24.746861,0.125008,-0.027193,13.429296,9.085039
143.803317,-20.481648,24.788207,0.115815,-0.026384,13.660360,9.059870
144.147475,-20.139619,24.826438,0.106841,-0.025900,13.886739,9.012505
144.491343,-19.797551,24.861576,0.097996,-0.025595,14.108144,8.963878
144.834960,-19.455440,24.893700,0.089246,-0.025173,14.324804,8.952849
145.178359,-19.113277,24.922807,0.080702,-0.024261,14.537840,8.998506
145.521570,-18.771070,24.949051,0.072589,-0.022964,14.748748,9.081202
145.864621,-18.428827,24.972578,0.064943,-0.021521,14.958483,9.179112
146.207535,-18.086556,24.993568,0.057827,-0.020041,15.167449,9.278482
146.550333,-17.744265,25.012208,0.051201,-0.018631,15.375721,9.375939
146.893033,-17.401960,25.028651,0.045055,-0.017230,15.583295,9.472647
147.235651,-17.059645,25.043075,0.039393,-0.015864,15.790189,9.510000
147.578200,-16.717327,25.055634,0.034186,-0.014534,15.995166,9.510000
147.920689,-16.375010,25.066489,0.029437,-0.013260,16.197515,9.510000
148.263127,-16.032698,25.075794,0.025104,-0.012043,16.397337,9.510000
148.605521,-15.690395,25.083679,0.021190,-0.010845,16.594728,9.510000
148.947873,-15.348108,25.090302,0.017679,-0.009655,16.789774,9.510000
149.290186,-15.005838,25.095782,0.014579,-0.008503,16.982559,9.510000
149.632460,-14.663593,25.100283,0.011857,-0.007490,17.173159,9.510000
149.974696,-14.321377,25.103899,0.009452,-0.006595,17.361645,9.510000
150.316891,-13.979194,25.106752,0.007343,-0.005746,17.548084,9.510000
150.659042,-13.637050,25.108924,0.005520,-0.004944,17.732539,9.510000
151.001147,-13.294948,25.110529,0.003961,-0.004248,17.915072,9.510000
151.343209,-12.952888,25.111634,0.002614,-0.003608,18.095740,9.510000
151.685232,-12.610866,25.112317,0.001492,-0.003005,18.274602,9.510000
152.027220,-12.268878,25.112654,0.000559,-0.002527,18.451713,9.510000
152.369177,-11.926920,25.112699,-0.000236,-0.002172,18.627124,9.510000
152.711109,-11.584989,25.112493,-0.000927,-0.001878,18.800885,9.510000
153.053018,-11.243080,25.112065,-0.001520,-0.001581,18.973043,9.510000
153.394908,-10.901190,25.111454,-0.002008,-0.001311,19.143645,9.510000
153.736785,-10.559315,25.110692,-0.002416,-0.001119,19.312732,9.510000
154.078650,-10.217450,25.109801,-0.002773,-0.001005,19.480347,9.510000
154.420510,-9.875593,25.108796,-0.003104,-0.000954,19.646528,9.510000
154.762366,-9.533738,25.107679,-0.003425,-0.000896,19.811314,9.510000
155.104223,-9.191883,25.106454,-0.003717,-0.000750,19.974742,1.476763
155.446085,-8.850024,25.105138,-0.003938,-0.000506,20.000000,0.000000
155.787955,-8.508157,25.103762,-0.004063,-0.000211,20.000000,0.000000
156.129836,-8.166278,25.102360,-0.004083,0.000080,20.000000,0.000000
156.471734,-7.824383,25.100970,-0.004008,0.000336,20.000000,0.000000
156.813651,-7.482469,25.099619,-0.003853,0.000563,20.000000,0.000000
157.155591,-7.140531,25.098335,-0.003623,0.000780,20.000000,0.000000
157.497558,-6.798567,25.097142,-0.003320,0.000996,20.000000,0.000000
157.839555,-6.456571,25.096064,-0.002942,0.001219,20.000000,0.000000
158.181587,-6.114541,25.095130,-0.002486,0.001447,20.000000,0.000000
158.523656,-5.772472,25.094364,-0.001952,0.001675,20.000000,0.000000
158.865768,-5.430361,25.093794,-0.001340,0.001903,20.000000,0.000000
159.207925,-5.088204,25.093447,-0.000649,0.002130,20.000000,0.000000
159.550132,-4.745997,25.093350,0.000118,0.002357,20.000000,0.000000
159.892393,-4.403736,25.093528,0.000964,0.002583,20.000000,0.000000
160.234712,-4.061417,25.094009,0.001886,0.002808,20.000000,0.000000
160.577093,-3.719038,25.094820,0.002887,0.003034,20.000000,0.000000
160.919539,-3.376593,25.095986,0.003964,0.003259,20.000000,0.000000
161.262057,-3.034079,25.097535,0.005119,0.003484,20.000000,0.000000
161.604649,-2.691493,25.099493,0.006351,0.003708,20.000000,0.000000
161.947320,-2.348830,25.101887,0.007660,0.003932,20.000000,0.000000
162.290075,-2.006087,25.104743,0.009046,0.004155,20.000000,0.000000
162.632919,-1.663259,25.108089,0.010508,0.004376,20.000000,0.000000
162.975856,-1.320344,25.111949,0.012047,0.004595,20.000000,0.000000
163.318891,-0.977337,25.116352,0.013660,0.004814,20.000000,0.000000
163.662030,-0.634234,25.121322,0.015350,0.005040,20.000000,-3.830916
164.005277,-0.291032,25.126888,0.017119,0.005280,19.934144,-10.000000
164.348638,0.052273,25.133076,0.018975,0.005530,19.761146,-10.000000
164.692118,0.395685,25.139920,0.020917,0.005765,19.586559,-10.000000
165.035723,0.739207,25.147447,0.022936,0.005962,19.410337,-10.000000
165.379458,1.082844,25.155683,0.025016,0.006078,19.232433,-10.000000
165.723330,1.426599,25.164646,0.027115,0.006129,19.052796,-10.000000
166.067344,1.770477,25.174333,0.029231,0.006242,18.871374,-10.000000
166.411508,2.114482,25.184760,0.031411,0.006451,18.688111,-10.000000
166.755826,2.458619,25.195955,0.033673,0.006887,18.502949,-9.997282
167.100307,2.802891,25.207949,0.036155,0.007634,18.315877,-9.948399
167.444957,3.147299,25.220865,0.038933,0.008362,18.127712,-9.909855
167.789783,3.491843,25.234786,0.041920,0.008855,17.938216,-9.898141
168.134791,3.836525,25.249774,0.045041,0.008999,17.746823,-9.911963
168.479988,4.181347,25.265863,0.048131,0.008932,17.552964,-9.930573
168.825382,4.526316,25.283000,0.051210,0.008958,17.356458,-9.945236
169.170980,4.871433,25.301233,0.054321,0.008979,17.157288,-9.972745
169.516790,5.216703,25.320540,0.057418,0.008652,16.955093,-10.000000
169.862820,5.562132,25.340935,0.060307,0.007977,16.749764,-10.000000
170.209078,5.907733,25.362264,0.062941,0.007166,16.541747,-10.000000
170.555575,6.253515,25.384509,0.065271,0.006146,16.330936,-10.000000
170.902318,6.599496,25.407481,0.067202,0.004897,16.117215,-10.000000
171.249269,6.945643,25.431091,0.068669,0.003521,15.900490,-10.000000
171.596350,7.291892,25.455102,0.069646,0.002022,15.680688,-10.000000
171.943479,7.638169,25.479401,0.070073,0.000100,15.457729,-10.000000
172.290574,7.984412,25.503709,0.069715,-0.002183,15.231530,-10.000000
172.637553,8.330558,25.527749,0.068558,-0.004576,15.001997,-10.000000
172.984337,8.676545,25.551234,0.066540,-0.007132,14.769030,-10.000000
173.330846,9.022316,25.573847,0.063612,-0.009831,14.532517,-10.000000
173.677006,9.367813,25.595266,0.059728,-0.012688,14.292335,-9.898870
174.022747,9.712981,25.615148,0.054831,-0.015769,14.050835,-9.741754
174.368001,10.057766,25.633135,0.048830,-0.018978,13.809388,-9.570850
174.712707,10.402115,25.648825,0.041734,-0.022070,13.568380,-9.403970
175.056811,10.745972,25.661874,0.033625,-0.024955,13.327755,-9.234502
175.400265,11.089278,25.671940,0.024573,-0.028043,13.087621,-9.031717
175.743029,11.431974,25.678734,0.014378,-0.031682,12.848903,-8.805469
176.085072,11.774004,25.681785,0.002873,-0.035253,12.612320,-8.617806
176.426372,12.115303,25.680698,-0.009716,-0.038152,12.376918,-8.529382
176.766919,12.455804,25.675161,-0.023142,-0.039955,12.139967,-8.536501
177.106713,12.795445,25.664955,-0.036899,-0.041203,11.898634,-8.548302
177.445776,13.134183,25.650118,-0.051114,-0.043161,11.652496,-8.528387
177.784145,13.471974,25.630345,-0.066138,-0.045404,11.402157,-8.502995
178.121875,13.808784,25.605436,-0.081810,-0.047857,11.147455,-8.470754
178.459044,14.144594,25.575195,-0.098434,-0.050691,10.888232,-8.440547
178.795746,14.479369,25.539213,-0.115965,-0.053592,10.624015,-8.428576
179.132102,14.813105,25.497321,-0.134500,-0.056526,10.353728,-8.434804
179.468246,15.145764,25.449039,-0.153972,-0.059567,10.076163,-8.457331
179.804345,15.477364,25.394228,-0.174534,-0.062737,9.789998,-8.459767
180.140577,15.807843,25.332296,-0.196139,-0.067206,9.495008,-8.341804
180.477158,16.137237,25.263116,-0.219739,-0.075314,9.194553,-8.026692
180.814212,16.465226,25.185473,-0.246886,-0.087412,8.895445,-7.468900
181.151232,16.790804,25.098399,-0.278720,-0.103632,8.607822,-6.675087
181.487498,17.112431,25.000263,-0.316750,-0.121373,8.342984,-5.762375
181.822352,17.428402,24.889403,-0.360278,-0.137953,8.108408,-4.883349
182.155232,17.737131,24.764925,-0.408977,-0.151897,7.905387,-4.198855
182.485664,18.036806,24.625711,-0.461126,-0.162704,7.727889,-3.709701
182.813319,18.326278,24.472207,-0.516132,-0.172358,7.568967,-3.035509
183.138025,18.603954,24.303890,-0.573608,-0.183106,7.437605,-2.340266
183.459822,18.869083,24.121516,-0.634538,-0.189304,7.335652,-1.343909
183.778997,19.119891,23.924115,-0.694852,-0.192371,7.276943,-2.169419
184.096195,19.357718,23.714226,-0.756852,-0.197504,7.181757,1.326209
184.412450,19.580149,23.489411,-0.819701,-0.194344,7.239922,1.404114
184.729288,19.789584,23.251666,-0.879589,-0.191100,7.301111,-0.274775
185.048757,19.985581,22.999385,-0.940850,-0.191731,7.289078,1.908729
185.373530,20.168934,22.731319,-1.002653,-0.187359,7.373633,2.399023
185.705889,20.338989,22.445760,-1.063714,-0.180713,7.480985,2.548966
186.046589,20.495647,22.143213,-1.124281,-0.175544,7.596184,3.088118
186.395332,20.636566,21.824209,-1.184842,-0.164665,7.736661,4.563668
186.751398,20.760850,21.490538,-1.240583,-0.143485,7.943920,6.112569
187.113882,20.869472,21.144712,-1.288242,-0.118847,8.218107,7.371445
187.481705,20.964419,20.789355,-1.327646,-0.093750,8.541665,8.496465
187.853622,21.047545,20.426846,-1.357821,-0.065355,8.903932,9.489142
188.228273,21.122209,20.059710,-1.376616,-0.035030,9.294635,9.510000
188.604184,21.192372,19.690405,-1.384205,-0.007087,9.671612,9.510000
188.979795,21.261624,19.321233,-1.381945,0.014910,10.034152,9.510000
189.353485,21.333038,18.954431,-1.372973,0.028594,10.382282,9.510000
189.723573,21.407801,18.591973,-1.360595,0.034865,10.715916,9.422668
190.088343,21.486367,18.235765,-1.347280,0.037139,11.032002,9.196056
190.446159,21.567966,17.887377,-1.333708,0.038722,11.326343,8.967658
190.796178,21.652615,17.547747,-1.319867,0.039942,11.600162,8.761021
191.139318,21.740076,17.215942,-1.306065,0.040266,11.856486,8.564806
191.476793,21.830694,16.890860,-1.292513,0.040869,12.097814,-7.872758
191.809765,21.924248,16.571301,-1.278706,0.041179,11.879153,-8.727226
192.139309,22.021463,16.256422,-1.265279,0.039361,11.634529,-9.076834
192.466475,22.121774,15.945014,-1.252905,0.035534,11.376424,-9.444214
192.792249,22.225545,15.636209,-1.242119,0.030739,11.102687,-9.707608
193.117611,22.331953,15.328739,-1.232921,0.027606,10.814466,-9.841532
193.443495,22.441420,15.021791,-1.224166,0.026741,10.513719,-9.851164
193.770830,22.553869,14.714377,-1.215477,0.030364,10.202403,-9.764667
194.100547,22.669999,14.405788,-1.204263,0.036096,9.881795,-9.800514
194.433636,22.791402,14.095611,-1.191604,0.032713,9.545731,-10.000000
194.771162,22.918236,13.782823,-1.182315,0.022890,9.185340,-10.000000
195.114179,23.049179,13.465781,-1.176004,-0.005479,8.803983,-10.000000
195.463839,23.184650,13.143431,-1.185805,-0.054568,8.397435,-9.012330
195.820721,23.314500,12.811011,-1.214155,-0.100400,8.005264,-7.524698
196.185250,23.436485,12.467498,-1.258132,-0.139141,7.654953,-6.687102
196.553740,23.539882,12.113811,-1.316580,-0.152289,7.325983,-6.534866
196.921556,23.621572,11.755181,-1.370973,-0.173037,6.990192,-5.341382
197.283931,23.684780,11.398361,-1.444101,-0.217913,6.707579,-3.316673
197.636783,23.711836,11.046549,-1.527961,-0.238841,6.530776,1.954503
197.975217,23.714365,10.708124,-1.610232,-0.231655,6.631287,0.173454
198.296646,23.685850,10.387962,-1.680118,-0.230274,6.639690,-2.436107
198.603446,23.645837,10.083783,-1.754208,-0.239179,6.526154,0.378335
198.902976,23.575421,9.792648,-1.822863,-0.230369,6.543495,-3.422569
199.203926,23.496090,9.502341,-1.891645,-0.245807,6.384143,-2.837972
199.507856,23.384935,9.219467,-1.970607,-0.260985,6.247575,1.364536
199.817848,23.257200,8.937015,-2.052004,-0.255448,6.314918,2.904639
200.131903,23.096550,8.667160,-2.129750,-0.239621,6.457756,2.457796
200.452322,22.920819,8.399229,-2.204316,-0.235383,6.578577,3.676940
200.777431,22.714937,8.147618,-2.281502,-0.208741,6.757846,4.685662
201.108199,22.493076,7.902290,-2.341624,-0.192452,6.983424,4.599080
201.444111,22.250731,7.669684,-2.409742,-0.185036,7.201249,5.232533
201.784885,21.989934,7.450340,-2.467056,-0.156664,7.444744,6.839141
202.130176,21.715078,7.241341,-2.517411,-0.120757,7.755463,8.545790
202.479553,21.426439,7.044488,-2.551188,-0.069818,8.131334,9.510000
202.832365,21.131779,6.850448,-2.566669,-0.044357,8.533995,9.510000
203.188278,20.831669,6.659115,-2.582641,-0.049884,8.921802,9.288124
203.546763,20.526126,6.471618,-2.602313,-0.061379,9.287511,8.613099
203.907075,20.214922,6.290022,-2.626787,-0.069151,9.615855,8.171941
204.268326,19.898142,6.116377,-2.652269,-0.066096,9.918110,8.286934
204.629603,19.577229,5.950438,-2.674607,-0.057918,10.215511,8.569196
204.989964,19.253804,5.791515,-2.694114,-0.051250,10.513452,8.757678
205.348434,18.929201,5.639418,-2.711484,-0.046494,10.807932,8.847509
205.704137,18.604699,5.493736,-2.727330,-0.043455,11.095295,8.873662
206.057031,18.280562,5.354206,-2.742264,-0.041175,11.374027,8.901271
206.407405,17.956780,5.220313,-2.756269,-0.038627,11.645001,8.973703
206.755538,17.633286,5.091671,-2.769228,-0.035632,11.910253,9.086035
207.101697,17.310080,4.967721,-2.780992,-0.032456,12.171464,9.209543
207.446132,16.987118,4.848009,-2.791629,-0.029502,12.429350,9.328510
207.789086,16.664365,4.732043,-2.801260,-0.026716,12.684133,9.436318
208.130785,16.341741,4.619474,-2.809910,-0.024288,12.935841,9.510000
208.471444,16.019204,4.509846,-2.817826,-0.022103,13.183904,9.510000
208.811265,15.696621,4.402987,-2.824945,-0.019579,13.426791,9.510000
209.150443,15.373965,4.298419,-2.831114,-0.017199,13.664914,9.510000
209.489161,15.051140,4.195882,-2.836599,-0.015217,13.898644,9.510000
209.827596,14.728065,4.095079,-2.841415,-0.013157,14.128317,9.510000
210.165919,14.404645,3.995772,-2.845501,-0.010988,14.354241,9.510000
210.504300,14.080809,3.897628,-2.848849,-0.009085,14.576702,9.510000
210.842878,13.756487,3.800415,-2.851650,-0.007409,14.795945,9.510000
211.181676,13.431707,3.703968,-2.853869,-0.005879,15.012126,9.510000
211.520689,13.106540,3.608072,-2.855636,-0.004696,15.225373,9.510000
211.859914,12.781012,3.512654,-2.857054,-0.003683,15.435803,9.510000
212.199345,12.455172,3.417564,-2.858135,-0.003085,15.643529,9.510000
212.538979,12.129045,3.322735,-2.859149,-0.002855,15.848654,9.510000
212.878812,11.802628,3.228194,-2.860075,-0.002480,16.051276,9.510000
213.218839,11.475948,3.133861,-2.860835,-0.002148,16.251485,9.510000
213.559056,11.149018,3.039709,-2.861537,-0.002138,16.449368,9.510000
213.899460,10.821843,2.945731,-2.862290,-0.002465,16.645005,9.510000
214.240047,10.494417,2.851970,-2.863215,-0.003033,16.838472,9.510000
214.580811,10.166724,2.758499,-2.864356,-0.003535,17.029841,9.510000
214.921748,9.838747,2.665389,-2.865625,-0.003692,17.219178,9.510000
215.262853,9.510488,2.572657,-2.866875,-0.003512,17.406548,9.510000
215.604122,9.181960,2.480278,-2.868021,-0.003177,17.592012,9.510000
215.945551,8.853178,2.388211,-2.869044,-0.002878,17.775625,9.510000
216.287134,8.524160,2.296420,-2.869987,-0.002711,17.957443,9.510000
216.628867,8.194912,2.204892,-2.870897,-0.002632,18.137517,9.510000
216.970746,7.865442,2.113621,-2.871787,-0.002581,18.315896,9.510000
217.312765,7.535756,2.022603,-2.872662,-0.002523,18.492627,9.510000
217.654920,7.205860,1.931835,-2.873513,-0.002442,18.667754,9.510000
217.997206,6.875762,1.841309,-2.874333,-0.002348,18.841319,9.510000
218.339618,6.545470,1.751014,-2.875120,-0.002253,19.013363,9.510000
218.682151,6.214992,1.660942,-2.875876,-0.002160,19.183925,9.510000
219.024801,5.884334,1.571084,-2.876600,-0.002069,19.353040,9.510000
219.367562,5.553505,1.481432,-2.877294,-0.001980,19.520745,9.510000
219.710430,5.222512,1.391976,-2.877958,-0.001891,19.687073,9.510000
220.053400,4.891363,1.302708,-2.878591,-0.001802,19.852056,8.592889
220.396467,4.560066,1.213620,-2.879194,-0.001713,20.000000,0.000000
220.739625,4.228627,1.124703,-2.879767,-0.001625,20.000000,0.000000
221.082871,3.897055,1.035948,-2.880310,-0.001536,20.000000,0.000000
221.426198,3.565357,0.947347,-2.880822,-0.001448,20.000000,0.000000
221.769602,3.233541,0.858892,-2.881304,-0.001360,20.000000,0.000000
222.113078,2.901614,0.770572,-2.881756,-0.001272,20.000000,0.000000
222.456621,2.569584,0.682381,-2.882178,-0.001184,20.000000,0.000000
222.800226,2.237458,0.594309,-2.882570,-0.001097,20.000000,0.000000
223.143887,1.905245,0.506348,-2.882932,-0.001009,20.000000,0.000000
223.487600,1.572951,0.418488,-2.883264,-0.000922,20.000000,0.000000
223.831359,1.240584,0.330722,-2.883566,-0.000835,20.000000,0.000000
224.175160,0.908153,0.243041,-2.883838,-0.000748,20.000000,0.000000
224.518996,0.575663,0.155437,-2.884080,-0.000661,20.000000,0.000000
224.862864,0.243124,0.067900,-2.884292,-0.000573,20.000000,0.000000
225.206758,-0.089458,-0.019579,-2.884474,-0.000485,20.000000,0.000000
225.550673,-0.422074,-0.107006,-2.884626,-0.000397,20.000000,0.000000
225.894603,-0.754718,-0.194393,-2.884748,-0.000312,20.000000,0.000000
226.238545,-1.087381,-0.281747,-2.884840,-0.000230,20.000000,0.000000
226.582491,-1.420056,-0.369076,-2.884906,-0.000150,20.000000,0.000000
226.926438,-1.752736,-0.456387,-2.884944,-0.000069,20.000000,0.000000
227.270380,-2.085414,-0.543690,-2.884953,0.000020,20.000000,0.000000
227.614312,-2.418081,-0.630991,-2.884930,0.000121,20.000000,0.000000
227.958228,-2.750730,-0.718303,-2.884870,0.000229,20.000000,0.000000
228.302125,-3.083353,-0.805635,-2.884773,0.000334,20.000000,0.000000
228.645996,-3.415941,-0.893000,-2.884640,0.000430,20.000000,0.000000
228.989836,-3.748486,-0.980406,-2.884477,0.000515,20.000000,0.000000
229.333640,-4.080981,-1.067862,-2.884286,0.000593,20.000000,0.000000
229.677404,-4.413418,-1.155376,-2.884069,0.000673,20.000000,0.000000
230.021121,-4.745791,-1.242954,-2.883823,0.000750,20.000000,0.000000
230.364788,-5.078092,-1.330607,-2.883554,0.000813,20.000000,0.000000
230.708398,-5.410314,-1.418337,-2.883265,0.000862,20.000000,0.000000
231.051947,-5.742450,-1.506151,-2.882961,0.000904,20.000000,0.000000
231.395429,-6.074494,-1.594050,-2.882643,0.000941,20.000000,0.000000
231.738840,-6.406442,-1.682041,-2.882315,0.000968,20.000000,0.000000
232.082180,-6.738291,-1.770122,-2.881979,0.000987,20.000000,0.000000
232.425451,-7.070044,-1.858299,-2.881637,0.000999,20.000000,0.000000
232.768656,-7.401703,-1.946572,-2.881293,0.001003,20.000000,0.000000
233.111797,-7.733268,-2.034944,-2.880948,0.000991,20.000000,0.000000
233.454875,-8.064744,-2.123413,-2.880612,0.000969,20.000000,0.000000
233.797894,-8.396132,-2.211976,-2.880283,0.000950,20.000000,0.000000
234.140855,-8.727436,-2.300632,-2.879961,0.000928,20.000000,0.000000
234.483760,-9.058658,-2.389380,-2.879647,0.000897,20.000000,0.000000
234.826613,-9.389802,-2.478217,-2.879346,0.000854,20.000000,0.000000
235.169414,-9.720870,-2.567137,-2.879061,0.000804,20.000000,0.000000
235.512167,-10.051866,-2.656136,-2.878795,0.000756,20.000000,0.000000
235.854873,-10.382794,-2.745208,-2.878543,0.000720,20.000000,0.000000
236.197534,-10.713658,-2.834349,-2.878302,0.000693,20.000000,0.000000
236.540154,-11.044460,-2.923559,-2.878068,0.000671,20.000000,0.000000
236.882734,-11.375203,-3.012834,-2.877842,0.000649,20.000000,0.000000
237.225276,-11.705890,-3.102172,-2.877624,0.000623,20.000000,0.000000
237.567783,-12.036523,-3.191573,-2.877415,0.000594,20.000000,0.000000
237.910256,-12.367106,-3.281031,-2.877217,0.000564,20.000000,0.000000
238.252698,-12.697642,-3.370546,-2.877029,0.000533,20.000000,0.000000
238.595111,-13.028133,-3.460113,-2.876852,0.000504,20.000000,0.000000
238.937498,-13.358583,-3.549730,-2.876684,0.000475,20.000000,0.000000
239.279860,-13.688995,-3.639394,-2.876526,0.000446,20.000000,0.000000
239.622199,-14.019372,-3.729103,-2.876379,0.000417,20.000000,0.000000
239.964519,-14.349716,-3.818854,-2.876241,0.000388,20.000000,0.000000
240.306820,-14.680031,-3.908644,-2.876113,0.000359,20.000000,0.000000
240.649106,-15.010320,-3.998471,-2.875995,0.000330,20.000000,-7.879348
240.991378,-15.340586,-4.088331,-2.875887,0.000301,19.864698,-10.000000
241.333639,-15.670831,-4.178222,-2.875789,0.000271,19.691649,-10.000000
241.675891,-16.001059,-4.268142,-2.875701,0.000242,19.517069,-10.000000
242.018135,-16.331273,-4.358087,-2.875624,0.000213,19.340918,-10.000000
242.360375,-16.661475,-4.448055,-2.875556,0.000184,19.163150,-10.000000
242.702612,-16.991670,-4.538043,-2.875498,0.000155,18.983719,-10.000000
243.044848,-17.321859,-4.628048,-2.875450,0.000126,18.802575,-10.000000
243.387086,-17.652046,-4.718068,-2.875412,0.000096,18.619669,-10.000000
243.729328,-17.982233,-4.808100,-2.875384,0.000067,18.434946,-10.000000
244.071576,-18.312424,-4.898141,-2.875366,0.000038,18.248350,-10.000000
244.413832,-18.642622,-4.988188,-2.875358,0.000009,18.059822,-10.000000
244.756099,-18.972830,-5.078239,-2.875360,-0.000020,17.869299,-10.000000
245.098378,-19.303051,-5.168291,-2.875372,-0.000049,17.676715,-10.000000
245.440671,-19.633287,-5.258341,-2.875394,-0.000079,17.482001,-10.000000
245.782982,-19.963542,-5.348387,-2.875426,-0.000108,17.285085,-10.000000
246.125312,-20.293819,-5.438426,-2.875468,-0.000139,17.085888,-10.000000
246.467663,-20.624120,-5.528455,-2.875520,-0.000169,16.884328,-10.000000
246.810037,-20.954449,-5.618470,-2.875583,-0.000197,16.680319,-10.000000
247.152437,-21.284809,-5.708470,-2.875656,-0.000223,16.473769,-10.000000
247.494865,-21.615203,-5.798452,-2.875736,-0.000246,16.264578,-10.000000
247.837323,-21.945634,-5.888414,-2.875824,-0.000271,16.052643,-10.000000
248.179813,-22.276103,-5.978354,-2.875921,-0.000299,15.837851,-10.000000
248.522338,-22.606615,-6.068270,-2.876029,-0.000336,15.620085,-10.000000
248.864898,-22.937173,-6.158157,-2.876152,-0.000382,15.399215,-10.000000
249.207498,-23.267779,-6.248011,-2.876291,-0.000425,15.175106,-10.000000
249.550139,-23.598439,-6.337828,-2.876443,-0.000467,14.947610,-10.000000
249.892822,-23.929154,-6.427603,-2.876610,-0.000511,14.716568,-10.000000
250.235551,-24.259928,-6.517332,-2.876793,-0.000561,14.481809,-10.000000
250.578327,-24.590766,-6.607010,-2.876995,-0.000614,14.243148,-10.000000
250.921153,-24.921670,-6.696631,-2.877214,-0.000599,14.000384,-10.000000
251.264031,-25.252645,-6.786191,-2.877406,-0.000436,13.753297,-10.000000
251.606963,-25.583685,-6.875712,-2.877513,-0.000186,13.501650,-10.000000
251.949951,-25.914786,-6.965230,-2.877533,0.000010,13.245180,-10.000000
252.292997,-26.245941,-7.054768,-2.877507,-0.000160,12.983600,-10.000000
252.636106,-26.577153,-7.144335,-2.877643,-0.001127,12.716591,-10.000000
252.979306,-26.908481,-7.233823,-2.878280,-0.002500,12.443781,-10.000000
253.322657,-27.240041,-7.323031,-2.879359,-0.003524,12.164730,-10.000000
253.666220,-27.571912,-7.411898,-2.880700,-0.003103,11.878948,-10.000000
254.010055,-27.904177,-7.500341,-2.881492,-0.000118,11.585883,-10.000000
254.354222,-28.236772,-7.588837,-2.880783,0.002585,11.284917,-10.000000
254.698780,-28.569610,-7.677937,-2.879712,0.002686,10.975346,-10.000000
255.043789,-28.902828,-7.767364,-2.878930,0.001875,10.656361,-10.000000
255.389311,-29.236457,-7.857235,-2.878417,0.000168,10.327032,-10.000000
255.735405,-29.570631,-7.947286,-2.878813,0.006336,9.986276,-10.000000
256.082132,-29.905494,-8.037207,-2.874037,0.027771,9.632817,-9.750924
256.429570,-30.240088,-8.130804,-2.859558,0.048633,9.274454,-9.209349
256.777886,-30.573731,-8.230834,-2.840222,0.066688,8.921881,-9.213047
257.127285,-30.906324,-8.337896,-2.813076,0.058578,8.553472,-10.000000
257.478342,-31.236633,-8.456796,-2.799141,-0.001087,8.132696,-10.000000
257.830237,-31.568456,-8.573944,-2.813751,-0.056483,7.687838,-9.180555
258.183177,-31.903883,-8.683738,-2.838962,-0.120137,7.254136,-7.611649
258.535895,-32.241982,-8.784233,-2.898923,-0.172921,6.874078,-6.889902
258.885548,-32.584939,-8.852332,-2.960741,-0.187277,6.514201,-6.456059
259.229420,-32.924117,-8.908960,-3.029602,-0.234484,6.163983,-4.831623
259.565409,-33.259554,-8.928200,-3.121189,-0.288413,5.894738,-3.087994
259.889760,-33.583854,-8.922423,3.061676,-0.311098,5.722303,-1.041630
260.200686,-33.891530,-8.877587,2.963942,-0.317376,5.665423,-0.774516
260.494332,-34.178569,-8.815646,2.869221,-0.321938,5.625135,3.416669
260.772766,-34.441480,-8.723979,2.781570,-0.291541,5.791786,2.078732
261.040750,-34.689796,-8.623206,2.712659,-0.287667,5.887182,-2.987360
261.310725,-34.930248,-8.500451,2.631239,-0.308263,5.748556,-1.732500
261.600361,-35.177762,-8.350031,2.544350,-0.315489,5.660592,-2.980396
261.918655,-35.432341,-8.158979,2.441581,-0.337927,5.490448,-0.323205
262.262144,-35.683176,-7.924317,2.319836,-0.340434,5.470191,4.606637
262.622433,-35.910460,-7.644764,2.199902,-0.274539,5.765624,6.355227
262.995204,-36.113927,-7.332419,2.116037,-0.212341,6.162833,7.064102
263.376247,-36.301208,-7.000576,2.038469,-0.181637,6.585133,8.181373
263.760198,-36.458430,-6.650291,1.976187,-0.106180,7.046024,9.510000
264.142548,-36.603380,-6.296481,1.956708,-0.017891,7.544453,9.510000
264.518472,-36.743846,-5.947786,1.962954,0.051535,8.004302,9.038761
264.884982,-36.887113,-5.610438,1.995667,0.101963,8.407998,7.180437
265.242293,-37.042124,-5.288503,2.036855,0.106545,8.707797,7.130903
265.592020,-37.204785,-4.978905,2.070693,0.089117,8.989631,8.096408
265.935520,-37.374368,-4.680185,2.098403,0.068042,9.293853,8.961882
266.274162,-37.548199,-4.389562,2.116887,0.049027,9.614855,9.403186
266.609287,-37.724281,-4.104424,2.131331,0.041368,9.937199,9.488406
266.942187,-37.903337,-3.823780,2.144460,0.039261,10.250137,9.379809
267.274145,-38.085102,-3.546007,2.157384,0.041270,10.549536,9.156674
267.606381,-38.270974,-3.270631,2.171823,0.043084,10.834069,9.057832
267.939963,-38.461605,-2.996885,2.186043,0.040101,11.109461,9.244630
268.275120,-38.656935,-2.724531,2.198645,0.033117,11.384943,9.510000
268.611770,-38.856222,-2.453204,2.208308,0.025443,11.662762,9.510000
268.949829,-39.058517,-2.182353,2.215823,0.020804,11.935237,9.510000
269.289204,-39.263505,-1.911881,2.222406,0.018172,12.202655,9.510000
269.629795,-39.470892,-1.641709,2.228183,0.015780,12.465266,9.510000
269.971498,-39.680420,-1.371785,2.233177,0.012918,12.723287,9.510000
270.314203,-39.891799,-1.102034,2.237029,0.009425,12.976913,9.510000
270.657796,-40.104571,-0.832249,2.239650,0.006222,13.226315,9.510000
271.002160,-40.318391,-0.562309,2.241313,0.003686,13.471645,9.510000
271.347176,-40.532946,-0.292119,2.242193,0.001631,13.713039,9.510000
271.692722,-40.747976,-0.021631,2.242440,-0.000241,13.950617,9.510000
272.038675,-40.963247,0.249186,2.242026,-0.002279,14.184489,9.510000
272.384910,-41.178483,0.520392,2.240862,-0.004262,14.414754,9.510000
272.731306,-41.393397,0.792057,2.239074,-0.005996,14.641502,9.510000
273.077739,-41.607783,1.064186,2.236707,-0.007610,14.864815,9.510000
273.424090,-41.821381,1.336830,2.233801,-0.009008,15.084772,9.510000
273.770246,-42.034012,1.609982,2.230468,-0.010113,15.301445,9.510000
274.116144,-42.245511,1.883686,2.226802,-0.011071,15.514935,9.510000
274.461791,-42.455823,2.157986,2.222811,-0.011864,15.725375,9.510000
274.807196,-42.664833,2.432977,2.218603,-0.012488,15.932891,9.510000
275.152370,-42.872545,2.708659,2.214187,-0.013013,16.137603,9.510000
275.497321,-43.078846,2.985121,2.209622,-0.013134,16.339620,9.510000
275.842059,-43.283773,3.262337,2.205129,-0.013129,16.539048,9.510000
276.186591,-43.487334,3.540304,2.200573,-0.013327,16.735983,9.510000
276.530928,-43.689491,3.819052,2.195948,-0.013315,16.930517,9.510000
276.875076,-43.890248,4.098577,2.191406,-0.012905,17.122736,9.510000
277.219045,-44.089652,4.378850,2.187068,-0.012275,17.312723,9.510000
277.562842,-44.287774,4.659820,2.182964,-0.011744,17.500554,9.510000
277.906476,-44.484679,4.941446,2.178995,-0.011485,17.686303,9.510000
278.249956,-44.680384,5.223718,2.175073,-0.011386,17.870039,9.510000
278.593290,-44.874903,5.506632,2.171175,-0.011353,18.051829,9.510000
278.936485,-45.068241,5.790187,2.167279,-0.011360,18.231733,9.510000
279.279549,-45.260399,6.074385,2.163379,-0.011338,18.409812,9.510000
279.622491,-45.451378,6.359228,2.159501,-0.011252,18.586122,9.510000
279.965316,-45.641194,6.644709,2.155663,-0.011131,18.760716,9.510000
280.308033,-45.829858,6.930823,2.151871,-0.010996,18.933646,9.510000
280.650649,-46.017387,7.217559,2.148127,-0.010865,19.104960,9.503836
280.993169,-46.203797,7.504913,2.144427,-0.010746,19.274595,9.492537
281.335602,-46.389101,7.792876,2.140767,-0.010632,19.442508,9.481322
281.677954,-46.573311,8.081444,2.137146,-0.010520,19.608748,9.470714
282.020231,-46.756441,8.370610,2.133565,-0.010406,19.773372,9.461035
282.362440,-46.938504,8.660368,2.130024,-0.010289,19.936437,3.709635
282.704586,-47.119512,8.950712,2.126524,-0.010171,20.000000,0.000000
283.046676,-47.299480,9.241637,2.123064,-0.010052,20.000000,0.000000
283.388715,-47.478419,9.533136,2.119647,-0.009933,20.000000,0.000000
283.730709,-47.656344,9.825202,2.116270,-0.009813,20.000000,0.000000
284.072664,-47.833268,10.117831,2.112935,-0.009693,20.000000,0.000000
284.414586,-48.009203,10.411015,2.109641,-0.009572,20.000000,0.000000
284.756478,-48.184163,10.704749,2.106389,-0.009451,20.000000,0.000000
285.098347,-48.358161,10.999026,2.103179,-0.009329,20.000000,0.000000
285.440198,-48.531210,11.293841,2.100011,-0.009206,20.000000,0.000000
285.782035,-48.703324,11.589187,2.096885,-0.009083,20.000000,0.000000
286.123863,-48.874515,11.885058,2.093801,-0.008960,20.000000,0.000000
286.465686,-49.044798,12.181448,2.090760,-0.008837,20.000000,0.000000
286.807510,-49.214184,12.478352,2.087760,-0.008712,20.000000,0.000000
287.149338,-49.382687,12.775762,2.084803,-0.008588,20.000000,0.000000
287.491174,-49.550321,13.073674,2.081889,-0.008463,20.000000,0.000000
287.833023,-49.717098,13.372079,2.079017,-0.008338,20.000000,0.000000
288.174889,-49.883033,13.670974,2.076188,-0.008213,20.000000,0.000000
288.516775,-50.048136,13.970351,2.073401,-0.008088,20.000000,0.000000
288.858685,-50.212423,14.270205,2.070658,-0.007962,20.000000,0.000000
289.200622,-50.375907,14.570529,2.067957,-0.007836,20.000000,0.000000
289.542591,-50.538600,14.871317,2.065299,-0.007709,20.000000,0.000000
289.884593,-50.700515,15.172563,2.062684,-0.007582,20.000000,0.000000
290.226634,-50.861666,15.474261,2.060112,-0.007456,20.000000,0.000000
290.568715,-51.022067,15.776405,2.057583,-0.007332,20.000000,0.000000
290.910839,-51.181729,16.078989,2.055096,-0.007209,20.000000,0.000000
291.253010,-51.340667,16.382008,2.052650,-0.007087,20.000000,0.000000
291.595231,-51.498891,16.685454,2.050246,-0.006957,20.000000,0.000000
291.937503,-51.656416,16.989322,2.047888,-0.006812,20.000000,0.000000
292.279829,-51.813257,17.293606,2.045582,-0.006657,20.000000,0.000000
292.622213,-51.969430,17.598297,2.043329,-0.006508,20.000000,0.000000
292.964656,-52.124951,17.903388,2.041125,-0.006386,20.000000,0.000000
293.307160,-52.279834,18.208872,2.038955,-0.006312,20.000000,0.000000
293.649728,-52.434085,18.514747,2.036801,-0.006260,20.000000,0.000000
293.992362,-52.587709,18.821011,2.034665,-0.006198,20.000000,0.000000
294.335064,-52.740712,19.127661,2.032554,-0.006107,20.000000,0.000000
294.677835,-52.893102,19.434694,2.030479,-0.005978,20.000000,0.000000
295.020677,-53.044894,19.742103,2.028455,-0.005825,20.000000,0.000000
295.363592,-53.196103,20.049880,2.026485,-0.005667,20.000000,0.000000
295.706582,-53.346748,20.358016,2.024568,-0.005502,20.000000,0.000000
296.049648,-53.496841,20.666506,2.022710,-0.005300,20.000000,0.000000
296.392791,-53.646407,20.975339,2.020931,-0.005045,20.000000,0.000000
296.736014,-53.795470,21.284502,2.019247,-0.004753,20.000000,0.000000
297.079316,-53.944063,21.593980,2.017668,-0.004441,20.000000,0.000000
297.422700,-54.092219,21.903758,2.016198,-0.004100,20.000000,0.000000
297.766160,-54.239969,22.213814,2.014852,-0.003723,20.000000,0.000000
298.109689,-54.387353,22.524121,2.013640,-0.003330,20.000000,0.000000
298.453277,-54.534406,22.834649,2.012564,-0.002902,20.000000,0.000000
298.796916,-54.681168,23.145371,2.011646,-0.002414,20.000000,0.000000
299.140594,-54.827689,23.456252,2.010905,-0.001893,20.000000,0.000000
299.484304,-54.974021,23.767256,2.010345,-0.001373,20.000000,0.000000
299.828036,-55.120217,24.078347,2.009961,-0.000854,20.000000,0.000000
300.171778,-55.266324,24.389493,2.009758,-0.000298,20.000000,0.000000
300.515523,-55.412399,24.700657,2.009756,0.000302,20.000000,0.000000
300.859260,-55.558502,25.011798,2.009965,0.000929,20.000000,0.000000
301.202978,-55.704696,25.322876,2.010395,0.001554,20.000000,0.000000
301.546670,-55.851047,25.633851,2.011034,0.002137,20.000000,0.000000
301.890324,-55.997611,25.944684,2.011863,0.002680,20.000000,0.000000
302.233932,-56.144443,26.255339,2.012876,0.003209,20.000000,0.000000
302.577484,-56.291592,26.565783,2.014068,0.003737,20.000000,0.000000
302.920971,-56.439112,26.875978,2.015443,0.004277,20.000000,0.000000
303.264384,-56.587055,27.185891,2.017006,0.004830,20.000000,0.000000
303.607715,-56.735476,27.495483,2.018760,0.005390,20.000000,0.000000
303.950956,-56.884430,27.804718,2.020707,0.005951,20.000000,0.000000
304.294098,-57.033973,28.113561,2.022845,0.006511,20.000000,0.000000
304.637135,-57.184159,28.421973,2.025174,0.007070,20.000000,0.000000
304.980059,-57.335043,28.729919,2.027695,0.007631,20.000000,0.000000
305.322863,-57.486680,29.037362,2.030407,0.008193,20.000000,0.000000
305.665542,-57.639123,29.344266,2.033311,0.008757,20.000000,0.000000
306.008090,-57.792428,29.650594,2.036407,0.009323,20.000000,0.000000
306.350503,-57.946648,29.956310,2.039697,0.009890,20.000000,0.000000
306.692775,-58.101840,30.261377,2.043179,0.010460,20.000000,0.000000
307.034904,-58.258057,30.565760,2.046856,0.011031,20.000000,0.000000
307.376887,-58.415355,30.869420,2.050726,0.011604,20.000000,0.000000
307.718721,-58.573786,31.172322,2.054791,0.012179,20.000000,0.000000
308.060405,-58.733408,31.474430,2.059051,0.012755,20.000000,0.000000
308.401939,-58.894273,31.775707,2.063505,0.013332,20.000000,0.000000
308.743322,-59.056436,32.076116,2.068156,0.013912,20.000000,0.000000
309.084557,-59.219953,32.375621,2.073002,0.014491,20.000000,0.000000
309.425645,-59.384878,32.674186,2.078044,0.015073,20.000000,-0.009290
309.766589,-59.551265,32.971773,2.083282,0.015654,19.999842,-8.143585
310.107394,-59.719169,33.268348,2.088716,0.016237,19.860587,-8.033972
310.448065,-59.888644,33.563872,2.094347,0.016820,19.722298,-7.924467
310.788608,-60.059746,33.858310,2.100174,0.017403,19.584989,-7.815277
311.129030,-60.232528,34.151625,2.106198,0.017987,19.448671,-7.706675
311.469341,-60.407045,34.443781,2.112418,0.018570,19.313350,-7.598863
311.809550,-60.583352,34.734742,2.118835,0.019153,19.179027,-7.492078
312.149668,-60.761503,35.024470,2.125449,0.019735,19.045700,-7.386580
312.489708,-60.941554,35.312930,2.132258,0.020317,18.913361,-7.282656
312.829683,-61.123558,35.600084,2.139264,0.020896,18.781996,-7.180954
313.169609,-61.307570,35.885897,2.146465,0.021473,18.651579,-7.082503
313.509502,-61.493646,36.170331,2.153861,0.022043,18.522063,-6.988377
313.849380,-61.681839,36.453351,2.161449,0.022605,18.393380,-6.897610
314.189262,-61.872203,36.734921,2.169227,0.023168,18.265478,-6.807756
314.529169,-62.064793,37.015004,2.177197,0.023737,18.138348,-6.713683
314.869125,-62.259664,37.293563,2.185364,0.024333,18.012078,-6.614390
315.209152,-62.456871,37.570561,2.193743,0.024940,17.886777,-6.524138
315.549277,-62.656482,37.845952,2.202326,0.025501,17.762285,-6.460767
315.889527,-62.858547,38.119703,2.211092,0.025984,17.638090,-6.444178
316.229931,-63.063122,38.391776,2.220011,0.026324,17.513280,-6.472131
316.570518,-63.270244,38.662147,2.229018,0.026598,17.386958,-6.508036
316.911323,-63.479934,38.930807,2.238134,0.026916,17.258921,-6.516887
317.252380,-63.692242,39.197725,2.247370,0.027359,17.129656,-6.425488
317.593726,-63.907199,39.462886,2.256803,0.028252,17.001132,-6.188747
317.935399,-64.124897,39.726227,2.266665,0.029475,16.876298,-5.851206
318.277438,-64.345489,39.987626,2.276954,0.030809,16.757289,-5.472883
318.619883,-64.569062,40.247016,2.287752,0.032091,16.645072,-5.280228
318.962774,-64.795811,40.504231,2.298945,0.032506,16.535941,-5.464098
319.306153,-65.025760,40.759245,2.310059,0.032155,16.422084,-5.726463
319.650065,-65.258861,41.012108,2.321044,0.032185,16.301719,-5.886569
319.994558,-65.495121,41.262820,2.332213,0.032316,16.176844,-6.155143
320.339680,-65.734652,41.511283,2.343328,0.031743,16.044990,-6.541872
320.685483,-65.977346,41.757616,2.354145,0.031063,15.903374,-6.955851
321.032023,-66.223201,42.001840,2.364833,0.030062,15.751075,-7.434772
321.379359,-66.472203,42.243997,2.375004,0.028502,15.586264,-7.879738
321.727556,-66.724174,42.484313,2.384656,0.027236,15.409225,-8.267691
322.076661,-66.979096,42.722828,2.393996,0.025646,15.220763,-8.681889
322.426596,-67.236793,42.959570,2.402588,0.023317,15.019835,-9.064197
322.777232,-67.496912,43.194695,2.410336,0.021111,14.806720,-9.381635
323.128427,-67.759188,43.428253,2.417409,0.018640,14.582503,-9.678718
323.480026,-68.023330,43.660310,2.423440,0.015298,14.347242,-9.923677
323.831868,-68.288893,43.891112,2.428174,0.012058,14.101781,-10.000000
324.183785,-68.555461,44.120865,2.431929,0.009505,13.849978,-10.000000
324.535605,-68.822733,44.349651,2.434864,0.006924,13.593583,-10.000000
324.887154,-69.090366,44.577597,2.436800,0.003125,13.332461,-10.000000
325.238261,-69.357978,44.804885,2.437058,-0.002567,13.066460,-10.000000
325.588754,-69.624924,45.032008,2.434994,-0.009815,12.795410,-10.000000
325.938462,-69.890532,45.259490,2.430178,-0.017506,12.519120,-9.838627
326.287213,-70.153962,45.488034,2.422757,-0.022707,12.241972,-9.675740
326.634843,-70.414605,45.718059,2.414359,-0.026213,11.964060,-9.572173
326.981188,-70.672368,45.949389,2.404556,-0.029097,11.683671,-9.472281
327.326095,-70.926444,46.182640,2.394239,-0.032749,11.400617,-9.313281
327.669416,-71.177171,46.417172,2.382003,-0.038056,11.116617,-9.252833
328.011020,-71.423082,46.654282,2.368161,-0.038723,10.828553,-9.346523
328.350780,-71.664689,46.893160,2.355621,-0.038884,10.531212,-9.405018
328.688598,-71.901918,47.133668,2.341803,-0.040965,10.225070,-9.485658
329.024411,-72.134101,47.376281,2.328027,-0.040263,9.908644,-9.559895
329.358309,-72.361940,47.620365,2.314860,-0.042661,9.581084,-9.638287
329.691126,-72.585645,47.866787,2.299620,-0.041736,9.240216,-9.870755
330.024044,-72.805300,48.116959,2.287123,-0.032018,8.877460,-10.000000
330.358220,-73.023667,48.369919,2.278283,-0.003959,8.492690,-10.000000
330.694781,-73.241225,48.626712,2.284366,0.045789,8.086690,-9.264901
331.034928,-73.466572,48.881502,2.309014,0.105723,7.687113,-6.736903
331.380009,-73.702318,49.133504,2.356297,0.179999,7.378493,-3.976163
331.732534,-73.959635,49.374464,2.433403,0.187571,7.186011,-6.527213
332.096226,-74.245794,49.598929,2.490925,0.151705,6.847698,-9.734591
332.468845,-74.545443,49.820415,2.544973,0.016527,6.295742,-9.734733
332.857513,-74.875080,50.026332,2.506031,-0.191375,5.662969,-7.836410
333.247093,-75.169868,50.281034,2.396805,-0.322309,5.095429,-5.962294
333.643231,-75.452470,50.558632,2.250756,-0.467370,4.608647,-4.580579
334.036942,-75.663230,50.891181,2.025134,-0.577720,4.199140,-1.564479
334.423479,-75.792766,51.255366,1.792303,-0.620265,4.052569,0.415380
334.787330,-75.826826,51.617620,1.542706,-0.609055,4.089693,5.184180
335.097377,-75.774003,51.923135,1.379998,-0.453786,4.465453,6.882319
335.329887,-75.723960,52.150195,1.321674,-0.313435,4.810476,0.310907
335.531615,-75.667005,52.343716,1.256119,-0.366258,4.823496,-5.818370
335.748519,-75.594438,52.548121,1.183445,-0.452053,4.554345,-4.586882
336.023837,-75.481230,52.799087,1.053796,-0.559212,4.268062,-2.817566
336.361392,-75.292584,53.079008,0.841620,-0.624414,4.039082,0.071286
336.718364,-75.022547,53.312480,0.605853,-0.622472,4.045378,2.102668
337.081838,-74.703695,53.486969,0.383078,-0.569299,4.230084,4.996894
337.441505,-74.356505,53.580886,0.193445,-0.436083,4.635520,6.238395
337.801323,-73.999395,53.624938,0.069338,-0.325545,5.096805,7.420581
338.163558,-73.637207,53.630840,-0.041107,-0.223265,5.599412,9.452139
338.531993,-73.270524,53.594959,-0.094790,-0.036123,6.190186,9.510000
338.896709,-72.907350,53.561449,-0.067487,0.108550,6.727206,8.104788
339.254780,-72.549603,53.546233,-0.015896,0.171620,7.145592,4.830063
339.607857,-72.196548,53.550149,0.054644,0.184264,7.380396,6.097173
339.957339,-71.848765,53.584568,0.112935,0.120075,7.663677,9.010083
340.306062,-71.502862,53.628825,0.138229,0.049153,8.063250,9.510000
340.654593,-71.158203,53.680636,0.147181,0.003203,8.464340,9.510000
341.002809,-70.813648,53.731003,0.140448,-0.011493,8.846928,9.510000
341.350653,-70.469005,53.778074,0.139187,-0.021834,9.213258,9.510000
341.698460,-70.124730,53.827516,0.125241,-0.045169,9.565533,9.317076
342.045492,-69.779712,53.864856,0.107807,-0.050284,9.897781,9.317076
