monotonic_time_ns,ros_time_sec,ros_time_nsec,gpu_percent
2453770431256,1777558632,946921626,25.000
2453790847839,1777558632,967338977,25.000
2453810500883,1777558632,986993269,25.000
2453830499280,1777558633,6990450,25.000
2453850525965,1777558633,27018352,0.000
2453870544619,1777558633,47038285,0.000
2453890505095,1777558633,66997481,25.000
2453910504259,1777558633,86994790,25.000
2453930503392,1777558633,106994882,25.000
2453950500509,1777558633,126991359,25.000
2453970498170,1777558633,146988444,10.000
2453990497591,1777558633,166987897,10.000
2454010625943,1777558633,187118425,26.000
2454030504593,1777558633,206996339,26.000
2454050503821,1777558633,226996400,33.000
2454070499338,1777558633,246990764,33.000
2454090503335,1777558633,266995241,0.000
2454110500644,1777558633,286992934,0.000
2454130501249,1777558633,306992067,25.000
2454150502174,1777558633,326994112,25.000
2454170521211,1777558633,347011485,51.000
2454190721468,1777558633,367214047,51.000
2454210562582,1777558633,387054616,25.000
2454230502673,1777558633,406996499,25.000
2454250496910,1777558633,426989264,0.000
2454270501611,1777558633,446992589,0.000
2454290508616,1777558633,467000714,25.000
2454310499940,1777558633,486991110,25.000
2454330502689,1777558633,506994179,26.000
2454350501950,1777558633,526994432,26.000
2454370503355,1777558633,546992413,20.000
2454390499832,1777558633,566991322,20.000
2454410502549,1777558633,586995191,25.000
2454430500337,1777558633,606991955,25.000
2454450502158,1777558633,626994640,0.000
2454470498251,1777558633,646989293,0.000
2454490499432,1777558633,666992010,0.000
2454510498373,1777558633,686989799,0.000
2454530502914,1777558633,706993924,25.000
2454550497534,1777558633,726987616,25.000
2454570501627,1777558633,746990717,25.000
2454590498424,1777558633,766987450,25.000
2454610500565,1777558633,786990615,0.000
2454630499666,1777558633,806988820,0.000
2454650502255,1777558633,826991985,25.000
2454670501356,1777558633,846993134,25.000
2454690499400,1777558633,866991466,25.000
2454710499397,1777558633,886990919,25.000
2454730501602,1777558633,906993092,25.000
2454750500063,1777558633,926990977,25.000
2454770501180,1777558633,946992862,25.000
2454790501241,1777558633,966991387,25.000
2454810502357,1777558633,986994232,25.000
2454830499538,1777558634,6989812,25.000
2454850503343,1777558634,26994321,0.000
2454870503820,1777558634,46994286,0.000
2454890503017,1777558634,66994603,25.000
2454910496614,1777558634,86985608,25.000
2454930501283,1777558634,106992453,26.000
2454950502559,1777558634,126994210,26.000
2454970501276,1777558634,146990462,25.000
2454990501881,1777558634,166993627,25.000
2455010500246,1777558634,186992568,25.000
2455030502675,1777558634,206994229,25.000
2455050511760,1777558634,227003858,25.000
2455070502796,1777558634,246994575,25.000
2455090631116,1777558634,267123695,0.000
2455110560776,1777558634,287053066,0.000
2455130505219,1777558634,306997477,25.000
2455150504960,1777558634,326997794,25.000
2455170531069,1777558634,347022272,25.000
2455190518714,1777558634,367011420,25.000
2455210503094,1777558634,386995897,25.000
2455230503123,1777558634,406995445,25.000
2455250504048,1777558634,426996466,0.000
2455270499181,1777558634,446991407,0.000
2455290503210,1777558634,466996012,26.000
2455310500551,1777558634,486992553,26.000
2455330505508,1777558634,506997734,25.000
2455350502816,1777558634,526995234,25.000
2455370500925,1777558634,546991839,0.000
2455390504282,1777558634,566996188,0.000
2455410502519,1777558634,586995673,33.000
2455430549493,1777558634,607043223,33.000
2455450511825,1777558634,627004243,0.000
2455470499629,1777558634,646991919,0.000
2455490501290,1777558634,666994060,0.000
2455511303962,1777558634,687796540,0.000
2455530502340,1777558634,706994502,25.000
2455550500513,1777558634,726992163,25.000
2455570498333,1777558634,746989024,25.000
2455590499162,1777558634,766991357,25.000
2455610505047,1777558634,786997658,25.000
2455630500116,1777558634,806991926,25.000
2455650498225,1777558634,826990483,0.000
2455670500206,1777558634,846992624,0.000
2455690501355,1777558634,866993709,25.000
2455710500999,1777558634,886992618,25.000
2455730503108,1777558634,906994695,0.000
2455750501537,1777558634,926992803,0.000
2455770501630,1777558634,946992480,25.000
2455790503803,1777558634,966994077,25.000
2455810503864,1777558634,986994458,25.000
2455830500405,1777558635,6990871,25.000
2455850502033,1777558635,26993332,0.000
2455870499790,1777558635,46990480,0.000
2455890503243,1777558635,66994445,0.000
2455910501576,1777558635,86991658,0.000
2455930498565,1777558635,106990119,25.000
2455950500738,1777558635,126992260,25.000
2455970500606,1777558635,146989985,25.000
2455990523772,1777558635,167015742,25.000
2456010501112,1777558635,186993018,0.000
2456031361514,1777558635,207854316,0.000
2456050503794,1777558635,226996116,25.000
2456070499951,1777558635,246991953,25.000
2456090501420,1777558635,266993550,25.000
2456110499752,1777558635,286991563,25.000
2456130502853,1777558635,306994823,25.000
2456150501890,1777558635,326992804,25.000
2456170501535,1777558635,346991905,25.000
2456190505884,1777558635,366997982,25.000
2456210503129,1777558635,386995035,25.000
2456230501461,1777558635,406992280,25.000
2456250502770,1777558635,426994485,0.000
2456270498543,1777558635,446988753,0.000
2456290507532,1777558635,466999150,25.000
2456310531626,1777558635,487023404,25.000
2456330503078,1777558635,506995368,25.000
2456350496418,1777558635,526987621,25.000
2456370499615,1777558635,546988449,25.000
2456390499580,1777558635,566991070,25.000
2456410501177,1777558635,586993179,25.000
2456430498326,1777558635,606987768,25.000
2456450501555,1777558635,626993397,25.000
2456470500048,1777558635,646990866,25.000
2456490502124,1777558635,666993359,0.000
2456510499881,1777558635,686990251,0.000
2456530500710,1777558635,706991208,25.000
2456550498915,1777558635,726988901,25.000
2456570499456,1777558635,746988642,25.000
2456590503101,1777558635,766994047,25.000
2456610502170,1777558635,786992796,25.000
2456630499542,1777558635,806989240,25.000
2456650498835,1777558635,826989301,0.000
2456670499056,1777558635,846990226,0.000
2456690500749,1777558635,866993583,25.000
2456710502058,1777558635,886993676,25.000
2456730499719,1777558635,906992009,25.000
2456750502947,1777558635,926994054,25.000
2456770502208,1777558635,946994403,17.000
2456790501725,1777558635,966992703,17.000
2456810456985,1777558635,986948987,25.000
2456830500919,1777558636,6992313,25.000
2456850504660,1777558636,26996854,0.000
2456870502161,1777558636,46993651,0.000
2456890504845,1777558636,66996496,0.000
2456910496970,1777558636,86988044,0.000
2456930498055,1777558636,106988329,26.000
2456950499012,1777558636,126990150,26.000
2456970500513,1777558636,146989955,25.000
2456990503710,1777558636,166994656,25.000
2457010500506,1777558636,186990621,25.000
2457030499191,1777558636,206988985,25.000
2457050500820,1777558636,226992022,20.000
2457070496977,1777558636,246988211,20.000
2457090504430,1777558636,266996304,25.000
2457110499979,1777558636,286990765,25.000
2457130501608,1777558636,306992842,0.000
2457150499396,1777558636,326989702,0.000
2457170500737,1777558636,346990659,25.000
2457190500382,1777558636,366991424,25.000
2457210499835,1777558636,386991677,25.000
2457230501560,1777558636,406992186,25.000
2457252383937,1777558636,428876516,0.000
2457270499665,1777558636,446991380,0.000
2457290501166,1777558636,466993136,0.000
2457310500747,1777558636,486992909,0.000
2457330503816,1777558636,506995594,25.000
2457350500165,1777558636,526991207,25.000
2457370498818,1777558636,546988516,25.000
2457390501695,1777558636,566992001,25.000
2457410501659,1777558636,586993438,25.000
2457430499864,1777558636,606990906,25.000
2457450501109,1777558636,626992823,25.000
2457470503410,1777558636,646994292,25.000
2457490499183,1777558636,666990993,0.000
2457510506156,1777558636,686997838,0.000
2457530505097,1777558636,706996523,25.000
2457550500837,1777558636,726991719,25.000
2457570501026,1777558636,746992516,25.000
2457590497983,1777558636,766989985,25.000
2457610502300,1777558636,786994398,25.000
2457630500729,1777558636,806991163,25.000
2457650499413,1777558636,826990520,0.000
2457670501362,1777558636,846991668,0.000
2457690503919,1777558636,866996049,26.000
2457710502668,1777558636,886993838,26.000
2457730500009,1777558636,906991595,25.000
2457750500390,1777558636,926991144,25.000
2457770500899,1777558636,946991941,0.000
2457790496959,1777558636,966988257,0.000
2457810500924,1777558636,986992734,25.000
2457830499673,1777558637,6990875,25.000
2457850502518,1777558637,26994680,0.000
2457870500755,1777558637,46991189,0.000
2457890500688,1777558637,66992370,0.000
2457910497804,1777558637,86988047,0.000
2457930502761,1777558637,106994156,25.000
2457950499398,1777558637,126990472,25.000
2457970498371,1777558637,146987749,26.000
2457990499360,1777558637,166989730,26.000
2458010522813,1777558637,187014559,25.000
2458030641277,1777558637,207133887,25.000
2458050501942,1777558637,226993913,0.000
2458070498835,1777558637,246989941,0.000
2458090503632,1777558637,266995954,25.000
2458110589679,1777558637,287081009,25.000
2458130505002,1777558637,306997484,0.000
2458150500871,1777558637,326992905,0.000
2458170540324,1777558637,347030023,0.000
2458190501344,1777558637,366993475,0.000
2458210506749,1777558637,386999360,25.000
2458230496346,1777558637,406987836,25.000
2458250498807,1777558637,426991417,25.000
2458270534773,1777558637,447027191,25.000
2458290541074,1777558637,467033428,38.000
2458310502829,1777558637,486995152,38.000
2458330506762,1777558637,506998861,0.000
2458350504647,1777558637,526996233,0.000
2458370507492,1777558637,546998342,26.000
2458390505153,1777558637,566996867,26.000
2458410505246,1777558637,586997216,0.000
2458430503195,1777558637,606995421,0.000
2458450503639,1777558637,626996186,26.000
2458470508820,1777558637,647000791,26.000
2458490500273,1777558637,666992275,26.000
2458510507630,1777558637,686999376,26.000
2458530503915,1777558637,706995725,0.000
2458550500072,1777558637,726991402,0.000
2458570497860,1777558637,746987430,0.000
2458590496961,1777558637,766987811,0.000
2458610507294,1777558637,786999552,26.000
2458630498587,1777558637,806990013,26.000
2458650502296,1777558637,826994682,27.000
2458670499157,1777558637,846990935,27.000
2458690505490,1777558637,866997524,0.000
2458710500686,1777558637,886991536,0.000
2458730481579,1777558637,906973613,26.000
2458750499496,1777558637,926990826,26.000
2458770500453,1777558637,946991815,26.000
2458790506338,1777558637,966997188,26.000
2458810502623,1777558637,986994529,26.000
2458830496891,1777558638,6989245,26.000
2458850499384,1777558638,26991962,25.000
2458870498613,1777558638,46990295,25.000
2458890505490,1777558638,66997908,26.000
2458910622258,1777558638,87114100,26.000
2458930505772,1777558638,106998382,25.000
2458950499496,1777558638,126991243,25.000
2458970500005,1777558638,146990151,26.000
2458990504386,1777558638,166996420,26.000
2459010501759,1777558638,186994081,25.000
2459030500860,1777558638,206991774,25.000
2459050502329,1777558638,226993915,0.000
2459070503318,1777558638,246994328,0.000
2459090503986,1777558638,266995989,26.000
2459110506703,1777558638,286999154,26.000
2459130502860,1777558638,306995278,26.000
2459150500489,1777558638,326992171,26.000
2459170504326,1777558638,346993832,0.000
2459190499299,1777558638,366990501,0.000
2459210504128,1777558638,386996098,25.000
2459230501980,1777558638,406993086,25.000
2459250499257,1777558638,426991419,26.000
2459270499926,1777558638,446990776,26.000
2459290503027,1777558638,466995477,26.000
2459310500272,1777558638,486991506,26.000
2459330500909,1777558638,506992207,27.000
2459350502601,1777558638,526993740,27.000
2459370500198,1777558638,546990216,26.000
2459390498659,1777558638,566989669,26.000
2459410502560,1777558638,586994946,26.000
2459430499453,1777558638,606991007,26.000
2459450500890,1777558638,626992572,19.000
2459470501558,1777558638,646992601,19.000
2459490509044,1777558638,667001366,26.000
2459510500208,1777558638,686991762,26.000
2459530506061,1777558638,706998191,0.000
2459550496522,1777558638,726988524,0.000
2459570505479,1777558638,746995209,0.000
2459590498723,1777558638,766990150,0.000
2459610504768,1777558638,786996899,26.000
2459630498813,1777558638,806990591,26.000
2459650501818,1777558638,826994044,26.000
2459670503639,1777558638,846995129,26.000
2459690506260,1777558638,866998422,26.000
2459710504657,1777558638,886996275,26.000
2459730504366,1777558638,906996592,20.000
2459750502058,1777558638,926994124,20.000
2459770501991,1777558638,946993481,25.000
2459790503012,1777558638,966994566,25.000
2459810501345,1777558638,986993443,19.000
2459830498174,1777558639,6989920,19.000
2459850501019,1777558639,26993149,26.000
2459870500087,1777558639,46991386,26.000
2459890501620,1777558639,66993366,26.000
2459910499761,1777558639,86991123,26.000
2459930464237,1777558639,106956591,0.000
2459950501643,1777558639,126992973,0.000
2459970500264,1777558639,146990570,0.000
2459990500324,1777558639,166991175,0.000
2460010501857,1777558639,186993603,26.000
2460030500510,1777558639,206991904,26.000
2460050504539,1777558639,226996765,26.000
2460070566265,1777558639,247057628,26.000
2460090500853,1777558639,266992631,21.000
2460110497969,1777558639,286989300,21.000
2460130504142,1777558639,306996145,26.000
2460150500651,1777558639,326992077,26.000
2460170502664,1777558639,346993898,4.000
2460190499685,1777558639,366991015,4.000
2460210498178,1777558639,386989988,26.000
2460230497183,1777558639,406988385,26.000
2460250501051,1777558639,426993214,26.000
2460270503096,1777558639,446995067,26.000
2460290501141,1777558639,466993847,26.000
2460310502482,1777558639,486993684,26.000
2460330499631,1777558639,506991889,0.000
2460350498284,1777558639,526989678,0.000
2460370500777,1777558639,546991147,26.000
2460390503173,1777558639,566995464,26.000
2460410500354,1777558639,586992356,26.000
2460430496351,1777558639,606987521,26.000
2460450500028,1777558639,626992318,0.000
2460470501593,1777558639,646992155,0.000
2460490503574,1777558639,666995192,26.000
2460510500466,1777558639,686991221,26.000
2460530505039,1777558639,706996850,0.000
2460550500044,1777558639,726991438,0.000
2460570501257,1777558639,746990859,0.000
2460590498150,1777558639,766988904,0.000
2460610506467,1777558639,786997605,26.000
2460630500544,1777558639,806991394,26.000
2460650505148,1777558639,826997407,26.000
2460670500409,1777558639,846992027,26.000
2460690503510,1777558639,866995544,26.000
2460710500147,1777558639,886991733,26.000
2460730500272,1777558639,906992370,0.000
2460750500333,1777558639,926991823,0.000
2460770501993,1777558639,946993516,26.000
2460790499846,1777558639,966989992,26.000
2460810501251,1777558639,986993381,0.000
2460830500704,1777558640,6992866,0.000
2460850506685,1777558640,26999071,0.000
2460870501370,1777558640,46993052,0.000
2460890502231,1777558640,66994489,26.000
2460910504019,1777558640,86995382,26.000
2460930502672,1777558640,106994450,26.000
2460950500781,1777558640,126993167,26.000
2460970501738,1777558640,146992140,26.000
2460990498119,1777558640,166989193,26.000
2461010501220,1777558640,186993126,0.000
2461030497920,1777558640,206989475,0.000
2461050506717,1777558640,226998720,26.000
2461070498234,1777558640,246990076,26.000
2461090502135,1777558640,266995001,0.000
2461110499124,1777558640,286991222,0.000
2461130500785,1777558640,306993459,39.000
2461150505806,1777558640,326997392,39.000
2461170506186,1777558640,346996365,26.000
2461190498983,1777558640,366990281,26.000
2461210501668,1777558640,386994150,0.000
2461230498881,1777558640,406990083,0.000
2461250498654,1777558640,426990976,0.000
2461270498043,1777558640,446989501,0.000
2461290503127,1777558640,466995578,26.000
2461310499988,1777558640,486991542,26.000
2461330499345,1777558640,506991635,0.000
2461350501870,1777558640,526993360,0.000
2461370503115,1777558640,546994573,0.000
2461390498920,1777558640,566989802,0.000
2461410499492,1777558640,586991623,26.000
2461430499329,1777558640,606991235,26.000
2461450501502,1777558640,626993664,26.000
2461470530620,1777558640,647021950,26.000
2461490500888,1777558640,666993082,26.000
2461510510485,1777558640,687002007,26.000
2461530502770,1777558640,706995028,26.000
2461550502094,1777558640,726993489,26.000
2461570501259,1777558640,746991981,26.000
2461590536137,1777558640,767027211,26.000
2461610558982,1777558640,787051145,0.000
2461630498114,1777558640,806990180,0.000
2461650468830,1777558640,826961056,26.000
2461670501852,1777558640,846994174,26.000
2461690527353,1777558640,867019835,26.000
2461710498069,1777558640,886989495,26.000
2461730499858,1777558640,906992180,26.000
2461750503023,1777558640,926994673,26.000
2461770504236,1777558640,946996398,26.000
2461790497672,1777558640,966987787,26.000
2461810483205,1777558640,986974759,26.000
2461830501762,1777558641,6993636,26.000
2461850503519,1777558641,26995617,0.000
2461870504060,1777558641,46995646,0.000
2461890529849,1777558641,67021692,26.000
2461910536022,1777558641,87027353,26.000
2461930501106,1777558641,106993429,27.000
2461950500623,1777558641,126992561,27.000
2461970503372,1777558641,146994062,26.000
2461990499305,1777558641,166990891,26.000
2462010501670,1777558641,187029001,0.000
2462030498979,1777558641,206990021,0.000
2462050504544,1777558641,226996898,26.000
2462070504796,1777558641,246995807,26.000
2462090468536,1777558641,266960827,26.000
2462110502646,1777558641,286994488,26.000
2462130501171,1777558641,306993365,8.000
2462150547217,1777558641,327037939,8.000
2462170499629,1777558641,346989199,26.000
2462190498889,1777558641,366990252,26.000
2462210500806,1777558641,386992488,0.000
2462230500387,1777558641,406991845,0.000
2462250529313,1777558641,427021187,0.000
2462270503677,1777558641,446999935,0.000
2462290499002,1777558641,466991164,26.000
2462310497110,1777558641,486988249,26.000
2462330500787,1777558641,506992822,26.000
2462350504432,1777558641,526995986,26.000
2462370504941,1777558641,546995567,26.000
2462390500010,1777558641,566990892,26.000
2462410500743,1777558641,586992841,19.000
2462430484995,1777558641,606975781,19.000
2462450500768,1777558641,626992931,25.000
2462470503197,1777558641,646994496,25.000
2462490501914,1777558641,666994204,19.000
2462510498583,1777558641,686989625,19.000
2462530503348,1777558641,706995350,26.000
2462550503505,1777558641,726994899,26.000
2462570506414,1777558641,746996752,26.000
2462590500714,1777558641,766992429,26.000
2462610505895,1777558641,786998474,0.000
2462630499268,1777558641,806990598,0.000
2462650505089,1777558641,826997667,0.000
2462670499422,1777558641,846990976,0.000
2462690503131,1777558641,866995773,19.000
2462710499991,1777558641,886991322,19.000
2462730508660,1777558641,907001303,26.000
2462750501297,1777558641,926992979,26.000
2462770501838,1777558641,946993808,20.000
2462790499403,1777558641,966990573,20.000
2462810502216,1777558641,986993802,26.000
2462830504741,1777558642,6995591,26.000
2462850504673,1777558642,26996708,27.000
2462870499230,1777558642,46990624,27.000
2462890498587,1777558642,66990429,0.000
2462910499960,1777558642,86990842,0.000
2462930502165,1777558642,106993687,26.000
2462950500050,1777558642,126990740,26.000
2462970506927,1777558642,146997521,26.000
2462990499179,1777558642,166990573,26.000
2463010503336,1777558642,186995466,0.000
2463030500613,1777558642,206991463,0.000
2463050499714,1777558642,226990404,25.000
2463070505439,1777558642,246996097,25.000
2463090503196,1777558642,266995390,25.000
2463110504056,1777558642,286996187,25.000
2463130502805,1777558642,306995127,4.000
2463150505874,1777558642,326998260,4.000
2463170502191,1777558642,346991953,25.000
2463190500140,1777558642,366991118,25.000
2463210500809,1777558642,386991723,0.000
2463230501221,1777558642,406992232,0.000
2463250507906,1777558642,426998661,0.000
2463270502111,1777558642,446992001,0.000
2463290503036,1777558642,466994334,25.000
2463310501241,1777558642,486991483,25.000
2463330503638,1777558642,506994424,25.000
2463350500595,1777558642,526991445,25.000
2463370500207,1777558642,546989649,24.000
2463390500076,1777558642,566990286,24.000
2463410498857,1777558642,586989547,0.000
2463430498086,1777558642,606988072,0.000
2463450498115,1777558642,626988517,25.000
2463470497440,1777558642,646987970,25.000
2463490505629,1777558642,666996927,0.000
2463510511834,1777558642,687002108,0.000
2463530502550,1777558642,706993848,24.000
2463550499475,1777558642,726989173,24.000
2463570498608,1777558642,746988178,24.000
2463590500493,1777558642,766991439,24.000
2463610571051,1777558642,787062221,0.000
2463630498790,1777558642,806989608,0.000
2463650500739,1777558642,826991589,0.000
2463670498752,1777558642,846989634,0.000
2463690503197,1777558642,866994303,24.000
2463710498330,1777558642,886989308,24.000
2463730500855,1777558642,906992601,25.000
2463750502195,1777558642,926992374,25.000
2463770499568,1777558642,946990802,0.000
2463790500141,1777558642,966989615,0.000
2463810502090,1777558642,986992652,24.000
2463830497351,1777558643,6987177,24.000
2463850476867,1777558643,26968229,25.000
2463870499712,1777558643,46990371,25.000
