stage,trial_id,side,fraction,approach,raw_echo,odom_v,odom_v_mad,yaw_rate,yaw_rate_mad,curvature,delta_eq_rad,delta_eq_deg,split
04_static_map_training,training_high_raw_0.04_outward_sweep_01__attempt_01,high_raw,0.04,outward,0.5485393621371601,0.6159626373626373,0.0030205938461538642,-0.020111711372951552,0.012284454579350672,-0.0326508624923481,-0.010578484837064257,-0.6061025348069182,train
04_static_map_training,training_high_raw_0.08_outward_sweep_01__attempt_01,high_raw,0.08,outward,0.5646002220481119,0.616189010989011,0.003356215384615478,-0.05825036696840715,0.013162395014540161,-0.09453327782479064,-0.030619209555052807,-1.7543514795311692,train
04_static_map_training,training_high_raw_0.15_outward_sweep_01__attempt_01,high_raw,0.15,outward,0.5927067268922773,0.6157362637362638,0.0026849723076924153,-0.11188600272011508,0.0146228166074863,-0.18171091960898186,-0.058806455904549956,-3.3693617314528925,train
04_static_map_training,training_high_raw_0.27_outward_sweep_01__attempt_01,high_raw,0.27,outward,0.6408893066251323,0.6157362637362638,0.0030205938461538642,-0.20793118886268186,0.014710835139287722,-0.33769521320859597,-0.10897975375276957,-6.244079942408691,train
04_static_map_training,training_high_raw_0.42_outward_sweep_01__attempt_01,high_raw,0.42,outward,0.7011175312912011,0.6155098901098901,0.0026849723076924153,-0.34557335749682144,0.01982608945930575,-0.5614424122984026,-0.1799398050919236,-10.309791398173862,train
04_static_map_training,training_high_raw_0.57_outward_sweep_01__attempt_01,high_raw,0.57,outward,0.7613457559572698,0.615057142857143,0.0033562153846156424,-0.4519146947594737,0.02827090833143491,-0.7347523722107854,-0.23370961397181697,-13.390574512216809,train
04_static_map_training,training_high_raw_0.72_outward_sweep_01__attempt_01,high_raw,0.72,outward,0.8215739806233386,0.6141516483516484,0.005369944615384666,-0.5577480173994366,0.03759195178018767,-0.9081600918867575,-0.2861676108809279,-16.396196336819184,train
04_static_map_training,training_high_raw_0.87_outward_sweep_01__attempt_01,high_raw,0.87,outward,0.8818022052894074,0.6136989010989011,0.00704805230769224,-0.665852117632369,0.04747174355642311,-1.0849817662050254,-0.3380408397304142,-19.368313419611013,train
04_static_map_training,training_high_raw_0.87_inward_sweep_01__attempt_01,high_raw,0.87,inward,0.8818022052894074,0.6123406593406594,0.007383673846153854,-0.6660220273099161,0.047541728993077896,-1.0876658558441283,-0.33881462641380067,-19.41264813081248,train
04_static_map_training,training_high_raw_0.72_inward_sweep_01__attempt_01,high_raw,0.72,inward,0.8215739806233386,0.6136989010989011,0.005369944615384666,-0.5598639654645318,0.03828583418775556,-0.9122779337913568,-0.28739503906764413,-16.466522791573418,train
04_static_map_training,training_high_raw_0.57_inward_sweep_01__attempt_01,high_raw,0.57,inward,0.7613457559572698,0.6139252747252747,0.003356215384615313,-0.4531047282925756,0.02712991868080893,-0.7380454054369,-0.23471909046213768,-13.448413254629864,train
04_static_map_training,training_high_raw_0.42_inward_sweep_01__attempt_01,high_raw,0.42,inward,0.7011175312912011,0.6148307692307692,0.002684972307692086,-0.3503890351827141,0.018854930476895234,-0.5698950877508863,-0.18258946743961954,-10.461605867831565,train
04_static_map_training,training_high_raw_0.27_inward_sweep_01__attempt_01,high_raw,0.27,inward,0.6408893066251323,0.612567032967033,0.003356215384615313,-0.21224514364396033,0.015146985565041767,-0.346484763660768,-0.11179300583946021,-6.405267413682437,train
04_static_map_training,training_high_raw_0.15_inward_sweep_01__attempt_01,high_raw,0.15,inward,0.5927067268922773,0.6157362637362638,0.0030205938461538642,-0.11390762078716184,0.01425319059670491,-0.184994172823239,-0.059866488885480365,-3.4300971474048767,train
04_static_map_training,training_high_raw_0.08_inward_sweep_01__attempt_01,high_raw,0.08,inward,0.5646002220481119,0.616189010989011,0.0030205938461536994,-0.05872433057984639,0.012657307946580413,-0.09530246325813439,-0.03086819015554092,-1.7686170171197708,train
04_static_map_training,training_high_raw_0.04_inward_sweep_01__attempt_01,high_raw,0.04,inward,0.5485393621371601,0.616189010989011,0.0026849723076922505,-0.014999792385895867,0.011902829897367392,-0.02434284305366064,-0.007886917614104103,-0.451887092655554,train
04_static_map_training,training_low_raw_0.04_outward_sweep_01__attempt_01,low_raw,0.04,outward,0.5158185022262085,0.6157362637362638,0.003356215384615313,0.024253402367541695,0.013614212578551001,0.03938927069257378,0.012761430908735435,0.7311761316183393,train
04_static_map_training,training_low_raw_0.08_outward_sweep_01__attempt_01,low_raw,0.08,outward,0.4991585022262085,0.6164153846153847,0.0030205938461538642,0.06544061591351383,0.013861373329255012,0.10616317753708533,0.03438331365332586,1.9700187580101114,train
04_static_map_training,training_low_raw_0.15_outward_sweep_01__attempt_01,low_raw,0.15,outward,0.47000350222620846,0.6157362637362638,0.0030205938461538642,0.13098186754533975,0.012552157048982918,0.2127239782022044,0.0688137441767763,3.9427371138222274,train
04_static_map_training,training_low_raw_0.27_outward_sweep_01__attempt_01,low_raw,0.27,outward,0.42002350222620843,0.6159626373626373,0.003356215384615313,0.24257306929772995,0.013562985139088414,0.393811336246551,0.12690912510255012,7.271357250073892,train
04_static_map_training,training_low_raw_0.42_outward_sweep_01__attempt_01,low_raw,0.42,outward,0.3575485022262084,0.6152835164835165,0.0040274584615383755,0.38680151826850134,0.014283371199324444,0.6286557463446427,0.20093578836485573,11.512772626440146,train
04_static_map_training,training_low_raw_0.57_outward_sweep_01__attempt_01,low_raw,0.57,outward,0.2950735022262083,0.6146043956043956,0.005034323076923052,0.522628476303643,0.027020794703062845,0.8503493955484902,0.2688432700955588,15.403584726971175,train
04_static_map_training,training_low_raw_0.72_outward_sweep_01__attempt_01,low_raw,0.72,outward,0.23259850222620826,0.6133593406593407,0.006880241538461598,0.6337904347449612,0.04273908945146043,1.0333101539851952,0.32306321992909126,18.510159017843637,train
04_static_map_training,training_low_raw_0.87_outward_sweep_01__attempt_01,low_raw,0.87,outward,0.1701235022262082,0.6121142857142857,0.013089239999999969,0.7507236796503197,0.0746997306876079,1.2264436514078225,0.37823513244212875,21.6712767525057,train
04_static_map_training,training_low_raw_0.87_inward_sweep_01__attempt_01,low_raw,0.87,inward,0.1701235022262082,0.6121142857142857,0.009733024615384491,0.7555652732225702,0.06913771460976202,1.23435327496219,0.38044642833678194,21.797974674523932,train
04_static_map_training,training_low_raw_0.72_inward_sweep_01__attempt_01,low_raw,0.72,inward,0.23259850222620826,0.6130197802197803,0.006712430769230626,0.6415479233947394,0.04414985371192817,1.046537067963339,0.3269118225604052,18.730667705640865,train
04_static_map_training,training_low_raw_0.57_inward_sweep_01__attempt_01,low_raw,0.57,inward,0.2950735022262083,0.6139252747252747,0.006376809230769013,0.5258231377682748,0.02494307120547536,0.8564937125346002,0.2706926317256612,15.509545343169478,train
04_static_map_training,training_low_raw_0.42_inward_sweep_01__attempt_01,low_raw,0.42,inward,0.3575485022262084,0.6155098901098901,0.0030205938461538642,0.3966372379644365,0.014119783942771056,0.6444043293822994,0.2058301477285052,11.793198761397596,train
04_static_map_training,training_low_raw_0.27_inward_sweep_01__attempt_01,low_raw,0.27,inward,0.42002350222620843,0.616189010989011,0.003356215384615478,0.24801760254077432,0.013958047499951597,0.40250247589241317,0.12967895782327804,7.43005697492884,train
04_static_map_training,training_low_raw_0.15_inward_sweep_01__attempt_01,low_raw,0.15,inward,0.47000350222620846,0.616189010989011,0.0030205938461538642,0.13991824606353356,0.012999992278776462,0.22707033648483685,0.07343848052721384,4.207714988063034,train
04_static_map_training,training_low_raw_0.08_inward_sweep_01__attempt_01,low_raw,0.08,inward,0.4991585022262085,0.616189010989011,0.0030205938461538642,0.07284952174373586,0.016691477287157145,0.11822593464756717,0.03828648437359632,2.1936539670006465,train
04_static_map_training,training_low_raw_0.04_inward_sweep_01__attempt_01,low_raw,0.04,inward,0.5158185022262085,0.6132461538461539,0.0030205938461538642,0.028834821746048196,0.0159482429313771,0.0470199797670187,0.01523329502312012,0.8728035129024246,train
04_static_map_training,training_high_raw_0.04_outward_sweep_02__attempt_01,high_raw,0.04,outward,0.5485393621371601,0.616189010989011,0.0026849723076922505,-0.012257611873292886,0.013323456681519217,-0.019892616802138142,-0.006445118599959689,-0.3692780942389562,train
04_static_map_training,training_high_raw_0.08_outward_sweep_02__attempt_01,high_raw,0.08,outward,0.5646002220481119,0.6159626373626373,0.0030205938461538642,-0.05226928998949588,0.01298685150126636,-0.0848578904287067,-0.02748703191700464,-1.5748909201857544,train
04_static_map_training,training_high_raw_0.15_outward_sweep_02__attempt_01,high_raw,0.15,outward,0.5927067268922773,0.6157362637362638,0.0030205938461538642,-0.10392466157245894,0.015443337860101191,-0.1687811286959909,-0.0546306721355227,-3.130106945328399,train
04_static_map_training,training_high_raw_0.27_outward_sweep_02__attempt_01,high_raw,0.27,outward,0.6408893066251323,0.6155098901098901,0.0030205938461538642,-0.2089192715613717,0.015084773546068913,-0.33942471911226685,-0.10953345120501122,-6.275804469549284,train
04_static_map_training,training_high_raw_0.42_outward_sweep_02__attempt_01,high_raw,0.42,outward,0.7011175312912011,0.615057142857143,0.0026849723076924153,-0.34514240809817626,0.020600099762789748,-0.5611550277993296,-0.17984967346857567,-10.304627236555364,train
04_static_map_training,training_high_raw_0.57_outward_sweep_02__attempt_01,high_raw,0.57,outward,0.7613457559572698,0.615057142857143,0.00402745846153854,-0.44863900661867623,0.02764725813568655,-0.7294265448810175,-0.23207595956894414,-13.296973009749232,train
04_static_map_training,training_high_raw_0.72_outward_sweep_02__attempt_01,high_raw,0.72,outward,0.8215739806233386,0.6141516483516484,0.005705566153846115,-0.5560036801749483,0.034279636812075846,-0.9053198532760333,-0.285320487861395,-16.34765976307157,train
04_static_map_training,training_high_raw_0.87_outward_sweep_02__attempt_01,high_raw,0.87,outward,0.8818022052894074,0.6130197802197803,0.008054916923076916,-0.6667408810671557,0.04843619025435891,-1.0876335520986211,-0.3388053161879175,-19.412114694163062,train
04_static_map_training,training_high_raw_0.87_inward_sweep_02__attempt_01,high_raw,0.87,inward,0.8818022052894074,0.6130197802197803,0.007719295384615467,-0.666120830586358,0.04820446837488446,-1.0866220831365994,-0.33851377096662566,-19.39541038344583,train
04_static_map_training,training_high_raw_0.72_inward_sweep_02__attempt_02,high_raw,0.72,inward,0.8215739806233386,0.6132461538461539,0.009061781538461593,-0.559578141700539,0.04008250545048307,-0.9124853669133999,-0.28745684629713714,-16.470064084966765,train
04_static_map_training,training_high_raw_0.57_inward_sweep_02__attempt_01,high_raw,0.57,inward,0.7613457559572698,0.6146043956043956,0.005369944615384501,-0.45484720130430084,0.023299770707490338,-0.7400649988144142,-0.23533795418970394,-13.483871534313145,train
04_static_map_training,training_high_raw_0.42_inward_sweep_02__attempt_01,high_raw,0.42,inward,0.7011175312912011,0.615057142857143,0.003691836923076762,-0.3504497885450815,0.0184027643429645,-0.5697841129315674,-0.18255469684127026,-10.459613659295007,train
04_static_map_training,training_high_raw_0.27_inward_sweep_02__attempt_01,high_raw,0.27,inward,0.6408893066251323,0.6157362637362638,0.0030205938461538642,-0.20759396608965056,0.01470399946723078,-0.33714753915901985,-0.10880440312587893,-6.234033091552884,train
04_static_map_training,training_high_raw_0.15_inward_sweep_02__attempt_01,high_raw,0.15,inward,0.5927067268922773,0.6164153846153847,0.003356215384615313,-0.11288804620858181,0.010989502674759644,-0.18313632175001415,-0.0592666784345509,-3.3957305400587794,train
04_static_map_training,training_high_raw_0.08_inward_sweep_02__attempt_01,high_raw,0.08,inward,0.5646002220481119,0.6159626373626373,0.003356215384615313,-0.05813774854381042,0.01292686662815322,-0.09438518672615986,-0.030571272939092634,-1.7516049137525118,train
04_static_map_training,training_high_raw_0.04_inward_sweep_02__attempt_01,high_raw,0.04,inward,0.5485393621371601,0.6164153846153847,0.0030205938461538642,-0.01437444002990458,0.011026217421031919,-0.02331940504514432,-0.007555343470245693,-0.4328892936168035,train
04_static_map_training,training_low_raw_0.04_outward_sweep_02__attempt_01,low_raw,0.04,outward,0.5158185022262085,0.616189010989011,0.0030205938461536994,0.028379496101050304,0.013566310434430155,0.04605647876696135,0.014921191660746742,0.854921307466588,train
04_static_map_training,training_low_raw_0.08_outward_sweep_02__attempt_01,low_raw,0.08,outward,0.4991585022262085,0.6155098901098901,0.0030205938461538642,0.06878862968385295,0.015083681565965967,0.11175877234331973,0.03619402913357258,2.0737651129272523,train
04_static_map_training,training_low_raw_0.15_outward_sweep_02__attempt_02,low_raw,0.15,outward,0.47000350222620846,0.6159626373626373,0.0030205938461538642,0.13545722237224467,0.01275644369954297,0.2199114266933963,0.0711310932288656,4.075511434165587,train
04_static_map_training,training_low_raw_0.27_outward_sweep_02__attempt_01,low_raw,0.27,outward,0.42002350222620843,0.616189010989011,0.003356215384615478,0.2450689838713522,0.01171318318344191,0.39771722556039335,0.12815416178784347,7.342692597480159,train
04_static_map_training,training_low_raw_0.42_outward_sweep_02__attempt_01,low_raw,0.42,outward,0.3575485022262084,0.6155098901098901,0.003356215384615478,0.39244435714421577,0.015262426986999325,0.6375922847870904,0.20371430730585796,11.671970035056733,train
04_static_map_training,training_low_raw_0.57_outward_sweep_02__attempt_01,low_raw,0.57,outward,0.2950735022262083,0.6146043956043956,0.005873376923077004,0.5195211332332521,0.02243203519652574,0.8452935529729826,0.267320110237145,15.316314095560323,train
04_static_map_training,training_low_raw_0.72_outward_sweep_02__attempt_01,low_raw,0.72,outward,0.23259850222620826,0.6139252747252747,0.006376809230769178,0.6231476440806776,0.04163175993327361,1.0150219737402566,0.3177255907410521,18.204335392763152,train
04_static_map_training,training_low_raw_0.87_outward_sweep_02__attempt_01,low_raw,0.87,outward,0.1701235022262082,0.6127934065934065,0.009061781538461593,0.7474011198743369,0.05722311353704744,1.2196624699818999,0.3763362155473908,21.562476828791127,train
04_static_map_training,training_low_raw_0.87_inward_sweep_02__attempt_01,low_raw,0.87,inward,0.1701235022262082,0.6130197802197803,0.010404267692307553,0.7427766737994689,0.05422158721111891,1.2116683633490064,0.37409398128268423,21.434006268743822,train
04_static_map_training,training_low_raw_0.72_inward_sweep_02__attempt_01,low_raw,0.72,inward,0.23259850222620826,0.6132461538461539,0.007383673846153689,0.632031583292532,0.046323745491124946,1.0306327717321335,0.3222829760756847,18.465454338052414,train
04_static_map_training,training_low_raw_0.57_inward_sweep_02__attempt_01,low_raw,0.57,inward,0.2950735022262083,0.614378021978022,0.00704805230769224,0.5263136254620401,0.02206026841119228,0.8566608938378785,0.2707429247259324,15.512426919824069,train
04_static_map_training,training_low_raw_0.42_inward_sweep_02__attempt_01,low_raw,0.42,inward,0.3575485022262084,0.615057142857143,0.0030205938461536994,0.39370639589529066,0.016984201987298296,0.640113525170027,0.20449762840838567,11.716851028235105,train
04_static_map_training,training_low_raw_0.27_inward_sweep_02__attempt_02,low_raw,0.27,inward,0.42002350222620843,0.6164153846153847,0.003356215384615478,0.24440797896641614,0.0117543206033656,0.39649883027970767,0.1277658302274435,7.320442838017512,train
04_static_map_training,training_low_raw_0.15_inward_sweep_02__attempt_01,low_raw,0.15,inward,0.47000350222620846,0.6159626373626373,0.0030205938461538642,0.13860981837522082,0.014710514331573856,0.225029587782638,0.07278080582055166,4.170033003078786,train
04_static_map_training,training_low_raw_0.08_inward_sweep_02__attempt_01,low_raw,0.08,inward,0.4991585022262085,0.6166417582417583,0.0030205938461538642,0.06998615751870992,0.013501069250312964,0.11349565056745865,0.036756029299028735,2.1059653504935443,train
04_static_map_training,training_low_raw_0.04_inward_sweep_02__attempt_01,low_raw,0.04,inward,0.5158185022262085,0.6164153846153847,0.0030205938461538642,0.028429340905921422,0.013469016241132732,0.04612042725646772,0.014941906352295108,0.8561081718662247,train
05_static_map_holdout,validation_high_raw_0.80_shuffled_sweep_01__attempt_01,high_raw,0.8,shuffled,0.853695700445242,0.6139252747252747,0.007719295384615302,-0.6158205086555409,0.03737518447568261,-1.0030870759167136,-0.3142320913710558,-18.00417262313075,holdout
05_static_map_holdout,validation_high_raw_0.35_shuffled_sweep_01__attempt_01,high_raw,0.35,shuffled,0.6730110264470357,0.6155098901098901,0.0030205938461538642,-0.29512754374670197,0.018542389731044006,-0.47948464921337225,-0.1541210255589148,-8.830484298753708,holdout
05_static_map_holdout,validation_high_raw_0.20_shuffled_sweep_01__attempt_01,high_raw,0.2,shuffled,0.6127828017809669,0.616189010989011,0.0026849723076922505,-0.1445599058541877,0.014250377359829525,-0.2346031871327315,-0.07586554665446103,-4.3467756337534595,holdout
05_static_map_holdout,validation_high_raw_0.65_shuffled_sweep_01__attempt_02,high_raw,0.65,shuffled,0.7934674757791733,0.6139252747252747,0.007383673846153689,-0.5207951426017171,0.034835325127518364,-0.8483037985930252,-0.26822715224271715,-15.368283774320686,holdout
05_static_map_holdout,validation_high_raw_0.50_shuffled_sweep_01__attempt_01,high_raw,0.5,shuffled,0.7332392511131045,0.615057142857143,0.005034323076923217,-0.4090447920070594,0.020033059789779917,-0.665051689517679,-0.21223179878551487,-12.159986348879713,holdout
05_static_map_holdout,validation_high_raw_0.06_shuffled_sweep_01__attempt_01,high_raw,0.06,shuffled,0.556569792092636,0.616189010989011,0.0030205938461536994,-0.03730848530386597,0.012043616671064822,-0.06054714485086999,-0.019614759025063523,-1.1238429083022812,holdout
05_static_map_holdout,validation_low_raw_0.80_shuffled_sweep_01__attempt_01,low_raw,0.8,shuffled,0.1992785022262082,0.6130197802197803,0.007383673846153689,0.7129922796421861,0.060467713400017914,1.1630820124377774,0.36038159389994756,20.64834434466457,holdout
05_static_map_holdout,validation_low_raw_0.20_shuffled_sweep_01__attempt_01,low_raw,0.2,shuffled,0.4491785022262084,0.6166417582417583,0.0030205938461538642,0.18230383632696012,0.012762212069013384,0.29563978418647213,0.09549593633484524,5.47151411263664,holdout
05_static_map_holdout,validation_low_raw_0.06_shuffled_sweep_01__attempt_01,low_raw,0.06,shuffled,0.5074885022262084,0.6159626373626373,0.0030205938461538642,0.056855683113048026,0.013873631885552015,0.09230378543167259,0.029897515215245262,1.7130014397617166,holdout
05_static_map_holdout,validation_low_raw_0.65_shuffled_sweep_01__attempt_01,low_raw,0.65,shuffled,0.26175350222620825,0.6139252747252747,0.005369944615384501,0.5836420794438467,0.03697136159647939,0.9506728318116902,0.29879642639009113,17.119774165743593,holdout
05_static_map_holdout,validation_low_raw_0.35_shuffled_sweep_01__attempt_02,low_raw,0.35,shuffled,0.3867035022262084,0.6155098901098901,0.0030205938461538642,0.32652008469098764,0.015165098862116772,0.530487145596787,0.1702146791068123,9.752582723993978,holdout
05_static_map_holdout,validation_low_raw_0.50_shuffled_sweep_01__attempt_01,low_raw,0.5,shuffled,0.32422850222620836,0.6136989010989011,0.003356215384615478,0.46450012524367423,0.02367580670316991,0.7568860306119684,0.24048525025716327,13.77878987488285,holdout
05_static_map_holdout,validation_high_raw_0.65_shuffled_sweep_02__attempt_03,high_raw,0.65,shuffled,0.7934674757791733,0.6136989010989011,0.00704805230769224,-0.5222314353118673,0.03461253650899925,-0.8509570970010695,-0.26902626476450964,-15.414069549175451,holdout
05_static_map_holdout,validation_high_raw_0.35_shuffled_sweep_02__attempt_01,high_raw,0.35,shuffled,0.6730110264470357,0.616189010989011,0.003356215384615478,-0.2968668542546327,0.016600022411189956,-0.48177888433639554,-0.15484675855290672,-8.872065736362838,holdout
05_static_map_holdout,validation_high_raw_0.06_shuffled_sweep_02__attempt_01,high_raw,0.06,shuffled,0.556569792092636,0.6164153846153847,0.0030205938461538642,-0.04041722445323449,0.010712213761158572,-0.06556816306337489,-0.021240889800277062,-1.2170133386583537,holdout
05_static_map_holdout,validation_high_raw_0.50_shuffled_sweep_02__attempt_01,high_raw,0.5,shuffled,0.7332392511131045,0.615057142857143,0.004698701538461274,-0.4073994577960948,0.023310530104662976,-0.6623765978939619,-0.2114033783328748,-12.11252135328112,holdout
05_static_map_holdout,validation_high_raw_0.20_shuffled_sweep_02__attempt_02,high_raw,0.2,shuffled,0.6127828017809669,0.6159626373626373,0.0026849723076924153,-0.14664297220219885,0.014388176611691589,-0.2380712129392766,-0.07698263688371026,-4.4107801892247425,holdout
05_static_map_holdout,validation_high_raw_0.80_shuffled_sweep_02__attempt_01,high_raw,0.8,shuffled,0.853695700445242,0.6136989010989011,0.006376809230769342,-0.6138141496693025,0.0410418685800301,-1.0001877933465335,-0.3133822311861716,-17.95547922136068,holdout
05_static_map_holdout,validation_low_raw_0.06_shuffled_sweep_02__attempt_01,low_raw,0.06,shuffled,0.5074885022262084,0.616189010989011,0.0030205938461536994,0.04191837042106506,0.01367335841610481,0.06802842905910346,0.022037642738353538,1.262663919324784,holdout
05_static_map_holdout,validation_low_raw_0.65_shuffled_sweep_02__attempt_02,low_raw,0.65,shuffled,0.26175350222620825,0.6134725274725275,0.0060411876923077285,0.5857135527187376,0.03957908411488387,0.9547510711389876,0.30000282693076186,17.188895825126327,holdout
05_static_map_holdout,validation_low_raw_0.35_shuffled_sweep_02__attempt_01,low_raw,0.35,shuffled,0.3867035022262084,0.6157362637362638,0.0030205938461538642,0.3361904220832288,0.013380223452252663,0.5459974373496184,0.17509168485315252,10.032014569920323,holdout
05_static_map_holdout,validation_low_raw_0.20_shuffled_sweep_02__attempt_01,low_raw,0.2,shuffled,0.4491785022262084,0.616189010989011,0.0030205938461538642,0.1804303274672246,0.014133591013225397,0.2928165290997738,0.09458943980159819,5.419575687138343,holdout
05_static_map_holdout,validation_low_raw_0.80_shuffled_sweep_02__attempt_02,low_raw,0.8,shuffled,0.1992785022262082,0.612567032967033,0.011746753846153844,0.7153457816765164,0.0655369688293716,1.1677836761989357,0.36171483650857195,20.72473351920576,holdout
05_static_map_holdout,validation_low_raw_0.50_shuffled_sweep_02__attempt_01,low_raw,0.5,shuffled,0.32422850222620836,0.6148307692307692,0.0036918369230770913,0.47889469402787743,0.026121496648557382,0.7789048921982793,0.24720347785175747,14.163715961861426,holdout
