unix_time_ns,solve_us,status,iterations,primal_residual,dual_residual,closest_wp,e_y,e_psi,vx,vy,omega,v_ref0,kappa0,left_wall0,right_wall0,cmd_steer,cmd_accel,cmd_speed,actual_steer,use_steering_feedback
1777377302831791722,144.0,0,10,7.652515e-02,2.797923e-01,1,-0.0034,-0.5938,0.0000,0.0000,0.0003,2.0859,-0.7454,1.2181,0.9300,0.0855,7.1626,0.5000,0.0142,1
1777377302867436210,47.3,0,2,1.018739e-01,1.847262e-01,1,-0.0034,-0.5938,0.0000,0.0000,-0.0015,2.0890,-0.7451,1.2179,0.9300,0.0997,7.3085,0.5000,0.0855,1
1777377302901832215,58.1,0,3,8.136350e-02,2.097638e-01,1,-0.0034,-0.5938,0.0000,0.0000,0.0088,2.0920,-0.7449,1.2178,0.9300,0.1709,7.3085,0.5000,0.0997,1
1777377302936727529,45.8,0,2,1.099529e-01,1.451969e-01,1,-0.0034,-0.5925,0.0000,0.0000,0.0525,2.0951,-0.7447,1.2177,0.9300,0.1852,7.3085,0.5000,0.1709,1
1777377302972266159,56.8,0,3,1.134585e-01,2.061689e-01,1,-0.0035,-0.5903,0.0000,0.0000,0.0768,2.0982,-0.7445,1.2175,0.9300,0.2564,7.3085,0.5000,0.1852,1
1777377303006655507,90.9,0,6,1.046655e-01,2.641411e-01,1,-0.0056,-0.5869,0.1795,0.0034,0.0833,2.0717,-0.7293,1.2681,0.9200,0.2707,5.4350,0.5000,0.2564,1
1777377303036853470,73.1,0,4,1.485286e-01,3.111105e-01,1,-0.0093,-0.5636,0.2194,0.0044,0.1900,2.0927,-0.6740,1.2365,0.9245,0.3419,4.5118,0.5000,0.2707,1
1777377303066918949,125.6,0,10,1.504465e-01,3.556080e-01,1,-0.0149,-0.5556,0.3325,0.0095,0.3038,2.0970,-0.6732,1.2334,0.9255,0.3561,0.3462,0.5000,0.3419,1
1777377303101815063,139.1,0,10,1.952720e-01,4.664598e-01,2,-0.0284,-0.5110,0.4082,0.0122,0.4419,2.1364,-0.6420,1.1775,0.9363,0.4189,-4.4362,0.5000,0.3561,1
1777377303136952433,164.7,0,14,1.941992e-01,1.693540e-01,2,-0.0370,-0.4826,0.0000,0.0000,0.6375,2.1776,-0.5812,1.1162,0.9500,0.4189,1.6096,0.5000,0.4189,1
1777377303167030840,215.8,0,19,1.961094e-01,5.728769e-02,2,-0.0391,-0.4607,0.0000,0.0000,0.6772,2.1803,-0.5811,1.1161,0.9500,0.4189,2.8205,0.5000,0.4189,1
1777377303201775719,46.7,0,2,1.910197e-01,4.161601e-01,2,-0.0461,-0.4284,0.0000,0.0000,0.5035,2.1984,-0.5540,1.0953,0.9523,0.4189,3.1009,0.5000,0.4189,1
1777377303231856078,55.4,0,3,1.847501e-01,6.826830e-01,2,-0.0498,-0.4139,0.0000,0.0000,0.4292,2.2011,-0.5539,1.0953,0.9524,0.4189,3.7304,0.5000,0.4189,1
1777377303266817987,86.5,0,6,1.564460e-01,4.038985e-01,2,-0.0529,-0.3909,0.0000,0.0000,0.0983,2.2191,-0.5303,1.0747,0.9626,0.4189,7.3085,0.5000,0.4189,1
1777377303296881034,66.9,0,4,1.744954e-01,4.335058e-01,2,-0.0563,-0.3863,0.1569,0.0041,0.2021,2.1955,-0.5428,1.1110,0.9500,0.4189,6.3493,0.5000,0.4189,1
1777377303327669605,45.7,0,2,1.785901e-01,3.171573e-01,2,-0.0597,-0.3707,0.2006,0.0063,0.1346,2.2134,-0.5207,1.0900,0.9550,0.4189,6.9539,0.5000,0.4189,1
1777377303361938022,299.6,0,20,1.950896e-01,4.804015e-02,2,-0.0638,-0.3640,0.3006,0.0096,0.2720,2.2179,-0.5235,1.0882,0.9559,0.4189,2.8705,0.5000,0.4189,1
1777377303392026638,233.2,0,21,1.952515e-01,8.770609e-02,2,-0.0702,-0.3465,0.3796,0.0135,0.4017,2.2362,-0.5047,1.0667,0.9667,0.4189,-1.2536,0.5000,0.4189,1
1777377303422874027,108.1,0,8,1.749571e-01,9.153814e-01,2,-0.0764,-0.3272,0.0000,0.0000,0.4502,2.2778,-0.4738,1.0233,0.9866,0.4189,5.9458,0.5000,0.4189,1
1777377303457085002,47.0,0,2,1.868694e-01,1.041879e+00,2,-0.0782,-0.3083,0.0000,0.0000,0.4973,2.2811,-0.4737,1.0232,0.9866,0.4189,6.7142,0.5000,0.4189,1
1777377303487308150,87.2,0,6,1.719813e-01,4.693962e-01,2,-0.0811,-0.2890,0.0000,0.0000,0.2888,2.2990,-0.4589,0.9949,0.9838,0.4189,7.3085,0.5000,0.4189,1
1777377303521920480,56.2,0,3,1.603913e-01,9.358048e-01,2,-0.0801,-0.2863,0.0000,0.0000,0.1454,2.3022,-0.4588,0.9947,0.9838,0.4189,7.3085,0.5000,0.4189,1
1777377303557151933,106.7,0,8,1.541364e-01,1.015062e-01,2,-0.0823,-0.2821,0.0000,0.0000,-0.0143,2.3055,-0.4588,0.9945,0.9839,0.4189,6.9703,0.5000,0.4189,1
1777377303587568686,86.6,0,6,1.773229e-01,1.479585e-01,2,-0.0829,-0.2813,0.1630,0.0054,0.0853,2.2806,-0.4645,1.0350,0.9950,0.4189,7.3085,0.5000,0.4189,1
1777377303622024820,56.7,0,3,1.701102e-01,2.861595e-01,2,-0.0848,-0.2684,0.2130,0.0068,0.1362,2.2993,-0.4513,1.0188,0.9844,0.4189,7.3085,0.5000,0.4189,1
1777377303657105324,397.6,0,33,1.950971e-01,4.419279e-02,2,-0.0880,-0.2627,0.3242,0.0111,0.3130,2.3040,-0.4542,1.0167,0.9834,0.4189,7.3085,0.5434,0.4189,1
1777377303692601168,818.1,0,34,1.956816e-01,4.205847e-02,2,-0.0924,-0.2407,0.4217,0.0154,0.5668,2.3235,-0.4437,0.9793,0.9877,0.4189,4.9412,0.5700,0.4189,1
1777377303722213514,281.9,0,19,1.961448e-01,3.959727e-02,1,-0.0970,-0.2130,0.4765,0.0181,0.6931,2.3418,-0.3972,0.9536,0.9736,0.4189,5.1180,0.6301,0.4189,1
1777377303757041307,394.5,0,30,1.953773e-01,3.494954e-02,2,-0.1012,-0.1736,0.5370,0.0213,0.8589,2.3755,-0.4138,0.9223,0.9889,0.4189,6.8204,0.7416,0.4189,1
1777377303792172820,242.7,0,15,1.959620e-01,3.590755e-01,2,-0.1027,-0.1387,0.6581,0.0305,0.9505,2.3953,-0.4084,0.9099,1.0200,0.4189,4.1450,0.7824,0.4189,1
1777377303822810668,54.9,0,3,1.650145e-01,1.853955e+00,2,-0.1013,-0.1060,0.7511,0.0406,0.9715,2.4143,-0.3991,0.8978,1.0211,0.4189,4.9920,0.9009,0.4189,1
1777377303857644701,907.5,0,89,1.815383e-01,3.463535e-01,0,-0.1000,-0.0707,0.8636,0.0576,1.1280,2.4192,-0.3542,0.8957,1.0222,0.4189,7.3085,1.0829,0.4189,1
1777377303887638689,785.8,0,74,1.772774e-01,8.353242e-01,1,-0.0978,-0.0167,0.9424,0.0755,1.2026,2.4527,-0.3572,0.8670,1.0330,0.3931,7.3085,1.1616,0.4189,1
1777377303918469342,735.0,0,62,1.646828e-01,1.270196e-01,1,-0.0933,0.0213,0.9727,0.0904,1.2301,2.4707,-0.3497,0.8534,1.0400,0.3554,7.3085,1.1920,0.3931,1
1777377303952185327,153.8,0,13,1.967773e-01,4.931688e-01,0,-0.0862,0.0813,1.0166,0.0983,1.2500,2.4894,-0.3242,0.8284,1.0361,0.3076,7.3085,1.2359,0.3554,1
1777377303986836603,184.6,0,16,1.953492e-01,1.362084e+00,0,-0.0776,0.1431,1.2140,0.0893,1.2955,2.5100,-0.3171,0.8042,1.0358,0.2699,6.1609,1.3989,0.3076,1
1777377304022531749,124.2,0,10,1.922675e-01,2.898266e-01,0,-0.0697,0.1978,1.3890,0.0765,1.2333,2.5446,-0.3024,0.7749,1.0475,0.2222,-2.1743,1.3238,0.2699,1
1777377304053187453,476.2,0,45,1.956530e-01,4.777193e-02,0,-0.0650,0.2516,1.2473,0.0623,1.0182,2.5745,-0.2877,0.7536,1.0564,0.1844,-3.0653,1.1554,0.2222,1
1777377304087069554,291.8,0,27,1.959045e-01,4.464447e-02,1,-0.0507,0.3052,1.2530,0.0522,0.8364,2.6201,-0.2871,0.7232,1.0968,0.1367,-7.3085,1.0337,0.1844,1
1777377304122388465,401.7,0,38,1.957037e-01,2.965593e-02,0,-0.0368,0.3405,1.2256,0.0363,0.7508,2.6372,-0.2599,0.7134,1.0934,0.0990,-7.3085,1.0063,0.1367,1
1777377304153101098,525.9,0,50,1.956888e-01,2.608681e-02,0,-0.0258,0.3806,1.1608,0.0224,0.5451,2.6670,-0.2458,0.6875,1.0900,0.0512,-7.3085,0.9416,0.0990,1
1777377304187060706,203.3,0,18,1.960105e-01,6.267929e-02,0,-0.0108,0.4095,1.0859,0.0116,0.2681,2.6966,-0.2332,0.6600,1.1000,0.0135,-7.3085,0.8667,0.0512,1
1777377304222365601,549.8,0,53,1.961640e-01,2.645159e-02,1,0.0006,0.4265,0.9931,0.0022,0.1254,2.7258,-0.2349,0.6450,1.1100,-0.0342,-7.3085,0.7738,0.0135,1
1777377304252234562,263.3,0,24,1.961914e-01,3.736782e-02,1,0.0105,0.4368,0.9143,-0.0091,0.0451,2.7412,-0.2272,0.6355,1.1145,-0.0720,-7.3085,0.6951,-0.0342,1
1777377304286708872,95.7,0,7,1.869116e-01,2.947369e-01,1,0.0169,0.4454,0.7993,-0.0129,-0.0408,2.7565,-0.2197,0.6264,1.1200,-0.1197,-7.3085,0.5801,-0.0720,1
1777377304316710573,93.7,0,7,1.912379e-01,4.371228e-01,1,0.0212,0.4520,0.7067,-0.0142,-0.0962,2.7714,-0.2121,0.6200,1.1229,-0.1574,-7.3085,0.5000,-0.1197,1
1777377304346969081,305.2,0,28,1.938266e-01,6.311846e-02,1,0.0270,0.4551,0.6316,-0.0137,-0.1340,2.7864,-0.2044,0.6177,1.1255,-0.2052,-7.3085,0.5000,-0.1574,1
1777377304376992479,132.7,0,10,1.924354e-01,7.131257e-01,1,0.0270,0.4563,0.5198,-0.0120,-0.1986,2.7884,-0.2030,0.6187,1.1275,-0.2429,-4.5748,0.5000,-0.2052,1
1777377304411841040,145.6,0,12,1.945214e-01,2.935753e-01,1,0.0313,0.4507,0.4482,-0.0111,-0.1920,2.7914,-0.2021,0.6194,1.1287,-0.2907,-7.3085,0.5000,-0.2429,1
1777377304441805396,86.7,0,6,1.534028e-01,5.837928e-01,1,0.0333,0.4509,0.2753,-0.0064,-0.2165,2.8053,-0.1957,0.6109,1.1118,-0.3284,-7.3085,0.5000,-0.2907,1
1777377304471947805,86.7,0,6,1.646247e-01,9.691515e-01,2,0.0326,0.4466,0.0000,-0.0000,-0.1553,2.8367,-0.2009,0.5900,1.1217,-0.3761,-6.6801,0.5000,-0.3284,1
1777377304503637427,1016.0,1,100,2.050526e-01,2.996457e-02,1,0.0316,0.4445,0.0000,-0.0000,-0.1180,2.8401,-0.2009,0.5900,1.1218,-0.4139,-1.0262,0.5000,-0.3761,1
1777377304536627567,87.4,0,6,1.844443e-01,1.626873e+00,1,0.0315,0.4405,0.0000,-0.0000,-0.1343,2.8439,-0.2008,0.5900,1.1218,-0.4189,-2.2219,0.5000,-0.4139,1
1777377304567745684,1018.0,1,100,2.066991e-01,2.963018e-02,1,0.0316,0.4378,0.0000,-0.0000,-0.1225,2.8473,-0.2008,0.5900,1.1219,-0.4189,-1.6205,0.5000,-0.4189,1
1777377304596921825,108.2,0,8,1.649046e-01,4.033949e-01,1,0.0318,0.4356,0.0000,-0.0000,-0.0332,2.8506,-0.2008,0.5900,1.1219,-0.4189,-4.1393,0.5000,-0.4189,1
1777377304631718961,71.5,0,4,1.811149e-01,1.084141e+00,1,0.0323,0.4361,0.0000,-0.0000,0.0350,2.8545,-0.2007,0.5900,1.1220,-0.4189,-4.2132,0.5000,-0.4189,1
1777377304662032671,60.5,0,3,1.722980e-01,5.651801e-01,1,0.0324,0.4372,0.0000,-0.0000,0.0570,2.8578,-0.2007,0.5900,1.1220,-0.4189,-4.3007,0.5000,-0.4189,1
1777377304692111110,45.7,0,2,1.431522e-01,3.520575e-01,1,0.0324,0.4391,0.0000,-0.0000,0.0612,2.8611,-0.2007,0.5900,1.1221,-0.4189,-4.2931,0.5000,-0.4189,1
1777377304722761086,57.0,0,3,1.957965e-01,2.541500e-01,1,0.0320,0.4407,0.0000,-0.0000,0.0390,2.8645,-0.2007,0.5900,1.1221,-0.4189,-4.0419,0.5000,-0.4189,1
1777377304753203631,37.0,0,1,8.461404e-02,2.149147e-01,1,0.0318,0.4419,0.0000,-0.0000,0.0470,2.8678,-0.2006,0.5900,1.1222,-0.4189,-4.0398,0.5000,-0.4189,1
1777377304787375117,46.1,0,2,1.687188e-01,1.624464e-01,1,0.0316,0.4434,0.0000,-0.0000,0.0352,2.8717,-0.2006,0.5900,1.1222,-0.4189,-3.8627,0.5000,-0.4189,1
1777377304822026553,57.3,0,3,1.802249e-01,1.250224e-01,1,0.0315,0.4445,0.0000,-0.0000,0.0255,2.8756,-0.2006,0.5900,1.1223,-0.4189,-3.6196,0.5000,-0.4189,1
1777377304852664464,47.0,0,2,1.912224e-01,1.055728e-01,1,0.0311,0.4451,0.0000,-0.0000,0.0198,2.8789,-0.2006,0.5900,1.1224,-0.4189,-3.4316,0.5000,-0.4189,1
1777377304886656457,41.5,0,1,9.605992e-02,9.381402e-01,1,0.0309,0.4455,0.0000,-0.0000,0.0076,2.8828,-0.2005,0.5900,1.1224,-0.4189,-3.6594,0.5000,-0.4189,1
1777377304916790065,47.1,0,2,1.387382e-01,6.792505e-01,1,0.0308,0.4456,0.0000,-0.0000,0.0002,2.8861,-0.2005,0.5900,1.1225,-0.4189,-3.8733,0.5000,-0.4189,1
1777377304951968876,46.1,0,2,1.150069e-01,5.252810e-01,1,0.0307,0.4454,0.0000,-0.0000,-0.0072,2.8900,-0.2005,0.5900,1.1225,-0.4189,-3.9117,0.5000,-0.4189,1
1777377304986715707,41.1,0,1,1.019711e-01,5.456214e-01,1,0.0305,0.4451,0.0000,-0.0000,-0.0105,2.8939,-0.2004,0.5900,1.1226,-0.4189,-3.9178,0.5000,-0.4189,1
1777377305017534391,42.1,0,1,1.002406e-01,4.748447e-01,1,0.0304,0.4448,0.0000,-0.0000,-0.0118,2.8972,-0.2004,0.5900,1.1226,-0.4189,-3.9246,0.5000,-0.4189,1
1777377305052014526,37.4,0,1,9.719968e-02,3.331385e-01,1,0.0304,0.4444,0.0000,-0.0000,-0.0110,2.9011,-0.2004,0.5900,1.1227,-0.4189,-3.9265,0.5000,-0.4189,1
1777377305086796653,36.5,0,1,9.286609e-02,2.091565e-01,1,0.0303,0.4440,0.0000,-0.0000,-0.0087,2.9050,-0.2004,0.5900,1.1227,-0.4189,-3.9253,0.5000,-0.4189,1
1777377305121757794,36.2,0,1,1.185439e-01,1.084514e-01,1,0.0303,0.4438,0.0000,-0.0000,-0.0046,2.9088,-0.2003,0.5900,1.1228,-0.4189,-3.9261,0.5000,-0.4189,1
1777377305151861738,34.9,0,1,1.150160e-01,1.013031e-01,1,0.0302,0.4437,0.0000,-0.0000,-0.0033,2.9122,-0.2003,0.5900,1.1228,-0.4189,-3.9340,0.5000,-0.4189,1
1777377305182012019,38.1,0,1,8.618909e-02,1.004319e-01,1,0.0302,0.4437,0.0000,-0.0000,0.0001,2.9155,-0.2003,0.5900,1.1229,-0.4189,-3.9732,0.5000,-0.4189,1
1777377305217166925,37.4,0,1,8.435851e-02,9.519839e-02,1,0.0302,0.4437,0.0000,-0.0000,0.0027,2.9194,-0.2003,0.5900,1.1229,-0.4189,-4.0218,0.5000,-0.4189,1
1777377305247699041,36.9,0,1,8.554858e-02,8.390236e-02,1,0.0302,0.4438,0.0000,-0.0000,0.0018,2.9227,-0.2002,0.5900,1.1230,-0.4189,-4.0403,0.5000,-0.4189,1
1777377305281965249,37.0,0,1,8.643460e-02,6.472564e-02,1,0.0301,0.4438,0.0000,-0.0000,0.0010,2.9266,-0.2002,0.5900,1.1230,-0.4189,-4.0472,0.5000,-0.4189,1
1777377305311983655,36.3,0,1,8.790290e-02,4.172516e-02,1,0.0301,0.4439,0.0000,-0.0000,-0.0009,2.9299,-0.2002,0.5900,1.1231,-0.4189,-4.0366,0.5000,-0.4189,1
1777377305342058190,36.4,0,1,8.670175e-02,2.848935e-02,1,0.0301,0.4439,0.0000,-0.0000,0.0003,2.9333,-0.2001,0.5900,1.1231,-0.4189,-4.0478,0.5000,-0.4189,1
1777377305372615299,37.8,0,1,8.683360e-02,2.795792e-02,1,0.0301,0.4439,0.0000,-0.0000,-0.0000,2.9366,-0.2001,0.5900,1.1232,-0.4189,-4.0511,0.5000,-0.4189,1
1777377305402973938,37.0,0,1,8.569843e-02,2.664542e-02,1,0.0301,0.4439,0.0000,-0.0000,0.0014,2.9399,-0.2001,0.5900,1.1232,-0.4189,-4.0688,0.5000,-0.4189,1
1777377305436916009,36.9,0,1,8.765674e-02,4.087830e-02,1,0.0301,0.4439,0.0000,-0.0000,-0.0010,2.9438,-0.2001,0.5900,1.1233,-0.4189,-4.0530,0.5000,-0.4189,1
1777377305466972719,37.3,0,1,8.727682e-02,3.656960e-02,1,0.0301,0.4439,0.0000,-0.0000,-0.0009,2.9471,-0.2000,0.5900,1.1233,-0.4189,-4.0481,0.5000,-0.4189,1
1777377305502213388,37.1,0,1,8.579707e-02,2.440238e-02,1,0.0301,0.4439,0.0000,-0.0000,0.0009,2.9510,-0.2000,0.5900,1.1234,-0.4189,-4.0644,0.5000,-0.4189,1
1777377305537227778,37.6,0,1,8.677399e-02,3.287101e-02,1,0.0300,0.4440,0.0000,-0.0000,-0.0002,2.9549,-0.2000,0.5900,1.1235,-0.4189,-4.0590,0.5000,-0.4189,1
1777377305572119221,36.2,0,1,8.582211e-02,2.282453e-02,1,0.0300,0.4440,0.0000,-0.0000,0.0010,2.9588,-0.1999,0.5900,1.1235,-0.4189,-4.0701,0.5000,-0.4189,1
1777377305602582663,37.9,0,1,8.641350e-02,2.946997e-02,1,0.0300,0.4440,0.0000,-0.0000,0.0004,2.9621,-0.1999,0.5900,1.1236,-0.4189,-4.0685,0.5000,-0.4189,1
1777377305636903177,36.8,0,1,8.766299e-02,4.342031e-02,1,0.0300,0.4440,0.0000,-0.0000,-0.0012,2.9660,-0.1999,0.5900,1.1236,-0.4189,-4.0514,0.5000,-0.4189,1
1777377305672044355,37.0,0,1,1.013317e-01,5.324078e-02,1,0.0300,0.4439,0.0000,-0.0000,-0.0028,2.9699,-0.1999,0.5900,1.1237,-0.4189,-4.0265,0.5000,-0.4189,1
1777377305702584951,36.6,0,1,8.537585e-02,3.786564e-02,1,0.0300,0.4439,0.0000,-0.0000,0.0008,2.9732,-0.1998,0.5900,1.1237,-0.4189,-4.0517,0.5000,-0.4189,1
1777377305736790454,42.6,0,1,8.683050e-02,3.466773e-02,1,0.0300,0.4439,0.0000,-0.0000,-0.0009,2.9771,-0.1998,0.5900,1.1238,-0.4189,-4.0438,0.5000,-0.4189,1
1777377305767462510,37.0,0,1,8.746791e-02,4.121161e-02,1,0.0300,0.4439,0.0000,-0.0000,-0.0018,2.9805,-0.1998,0.5900,1.1238,-0.4189,-4.0295,0.5000,-0.4189,1
1777377305801921652,42.0,0,1,8.561462e-02,2.459836e-02,1,0.0300,0.4439,0.0000,-0.0000,0.0003,2.9843,-0.1998,0.5900,1.1239,-0.4189,-4.0459,0.5000,-0.4189,1
1777377305836788870,36.5,0,1,8.645648e-02,3.144836e-02,1,0.0300,0.4439,0.0000,-0.0000,-0.0006,2.9882,-0.1997,0.5900,1.1239,-0.4189,-4.0434,0.5000,-0.4189,1
1777377305867077619,38.0,0,1,8.607775e-02,2.675557e-02,1,0.0300,0.4440,0.0000,-0.0000,-0.0001,2.9916,-0.1997,0.5900,1.1240,-0.4189,-4.0481,0.5000,-0.4189,1
1777377305897181595,38.8,0,1,8.775771e-02,4.376864e-02,1,0.0300,0.4439,0.0000,-0.0000,-0.0022,2.9949,-0.1997,0.5900,1.1240,-0.4189,-4.0271,0.5000,-0.4189,1
1777377305932187857,37.5,0,1,8.669072e-02,2.916169e-02,1,0.0300,0.4439,0.0000,-0.0000,-0.0012,2.9988,-0.1996,0.5900,1.1241,-0.4189,-4.0287,0.5000,-0.4189,1
1777377305966949919,37.5,0,1,8.680511e-02,3.493452e-02,1,0.0300,0.4439,0.0000,-0.0000,-0.0014,3.0027,-0.1996,0.5900,1.1241,-0.4189,-4.0254,0.5000,-0.4189,1
1777377305997323311,37.5,0,1,8.559191e-02,2.198696e-02,1,0.0300,0.4439,0.0000,-0.0000,0.0001,3.0060,-0.1996,0.5900,1.1242,-0.4189,-4.0401,0.5000,-0.4189,1
1777377306032046076,37.1,0,1,8.579785e-02,2.366352e-02,1,0.0300,0.4439,0.0000,-0.0000,0.0001,3.0099,-0.1996,0.5900,1.1243,-0.4189,-4.0474,0.5000,-0.4189,1
1777377306067388220,36.3,0,1,8.683598e-02,3.855801e-02,1,0.0300,0.4439,0.0000,-0.0000,-0.0010,3.0138,-0.1995,0.5900,1.1243,-0.4189,-4.0393,0.5000,-0.4189,1
1777377306097536549,38.3,0,1,8.531541e-02,2.798939e-02,1,0.0300,0.4439,0.0000,-0.0000,0.0008,3.0171,-0.1995,0.5900,1.1244,-0.4189,-4.0580,0.5000,-0.4189,1
1777377306131814406,41.7,0,1,8.640128e-02,3.309202e-02,1,0.0300,0.4439,0.0000,-0.0000,-0.0002,3.0210,-0.1995,0.5900,1.1244,-0.4189,-4.0560,0.5000,-0.4189,1
1777377306161808298,37.4,0,1,8.503693e-02,3.185749e-02,1,0.0300,0.4439,0.0000,-0.0000,0.0016,3.0243,-0.1994,0.5900,1.1245,-0.4189,-4.0772,0.5000,-0.4189,1
1777377306191947603,36.4,0,1,8.445251e-02,3.782201e-02,1,0.0300,0.4440,0.0000,-0.0000,0.0027,3.0277,-0.1994,0.5900,1.1245,-0.4189,-4.1024,0.5000,-0.4189,1
1777377306222030938,36.7,0,1,8.607841e-02,2.611184e-02,1,0.0300,0.4440,0.0000,-0.0000,0.0012,3.0310,-0.1994,0.5900,1.1246,-0.4189,-4.1005,0.5000,-0.4189,1
1777377306252357544,36.6,0,1,8.699912e-02,3.872538e-02,1,0.0300,0.4440,0.0000,-0.0000,0.0002,3.0343,-0.1994,0.5900,1.1246,-0.4189,-4.0916,0.5000,-0.4189,1
1777377306286797742,37.8,0,1,8.731031e-02,4.387164e-02,1,0.0300,0.4440,0.0000,-0.0000,-0.0003,3.0382,-0.1993,0.5900,1.1247,-0.4189,-4.0843,0.5000,-0.4189,1
1777377306322247280,37.8,0,1,8.686680e-02,3.894353e-02,1,0.0300,0.4440,0.0000,-0.0000,-0.0000,3.0421,-0.1993,0.5900,1.1247,-0.4189,-4.0862,0.5000,-0.4189,1
1777377306352434138,42.7,0,1,8.735728e-02,4.618835e-02,1,0.0300,0.4440,0.0000,-0.0000,-0.0009,3.0455,-0.1993,0.5900,1.1248,-0.4189,-4.0789,0.5000,-0.4189,1
1777377306386934594,40.7,0,1,8.700526e-02,4.255915e-02,1,0.0300,0.4440,0.0000,-0.0000,-0.0007,3.0493,-0.1993,0.5900,1.1248,-0.4189,-4.0780,0.5000,-0.4189,1
1777377306422872178,36.9,0,1,8.547235e-02,2.988195e-02,1,0.0300,0.4440,0.0000,-0.0000,0.0010,3.0532,-0.1992,0.5900,1.1249,-0.4189,-4.0979,0.5000,-0.4189,1
1777377306453674446,37.0,0,1,8.527738e-02,2.584720e-02,1,0.0300,0.4441,0.0000,-0.0000,0.0016,3.0566,-0.1992,0.5900,1.1249,-0.4189,-4.1152,0.5000,-0.4189,1
1777377306487042965,37.2,0,1,8.634287e-02,3.009081e-02,1,0.0300,0.4441,0.0000,-0.0000,0.0008,3.0605,-0.1992,0.5900,1.1250,-0.4189,-4.1164,0.5000,-0.4189,1
1777377306522041738,36.4,0,1,8.791882e-02,4.927969e-02,1,0.0300,0.4442,0.0000,-0.0000,-0.0008,3.0644,-0.1991,0.5900,1.1250,-0.4189,-4.1011,0.5000,-0.4189,1
1777377306552238964,37.1,0,1,9.345961e-02,6.547809e-02,1,0.0300,0.4441,0.0000,-0.0000,-0.0026,3.0677,-0.1991,0.5900,1.1251,-0.4189,-4.0799,0.5000,-0.4189,1
1777377306587284043,37.9,0,1,8.854562e-02,5.088258e-02,1,0.0300,0.4440,0.0000,-0.0000,-0.0019,3.0716,-0.1991,0.5900,1.1251,-0.4189,-4.0747,0.5000,-0.4189,1
1777377306621998713,36.6,0,1,8.709079e-02,2.953005e-02,1,0.0300,0.4440,0.0000,-0.0000,-0.0002,3.0755,-0.1991,0.5900,1.1252,-0.4189,-4.0919,0.5000,-0.4189,1
1777377306652970586,40.9,0,1,8.889014e-02,5.256200e-02,1,0.0300,0.4440,0.0000,-0.0000,-0.0023,3.0788,-0.1990,0.5900,1.1253,-0.4189,-4.0761,0.5000,-0.4189,1
1777377306686522149,37.8,0,1,8.687675e-02,3.287101e-02,1,0.0300,0.4440,0.0000,-0.0000,0.0003,3.0827,-0.1990,0.5900,1.1253,-0.4189,-4.0980,0.5000,-0.4189,1
1777377306716806642,37.5,0,1,8.801448e-02,1.669121e-02,1,0.0300,0.4440,0.0000,-0.0000,-0.0008,3.0860,-0.1990,0.5900,1.1254,-0.4189,-4.0965,0.5000,-0.4189,1
1777377306746871865,38.0,0,1,8.665359e-02,3.408551e-02,1,0.0300,0.4440,0.0000,-0.0000,0.0011,3.0894,-0.1989,0.5900,1.1254,-0.4189,-4.1192,0.5000,-0.4189,1
1777377306777596243,37.0,0,1,8.728576e-02,2.223086e-02,1,0.0300,0.4440,0.0000,-0.0000,0.0008,3.0927,-0.1989,0.5900,1.1255,-0.4189,-4.1296,0.5000,-0.4189,1
1777377306811929013,37.6,0,1,9.012407e-02,4.116440e-02,1,0.0300,0.4440,0.0000,-0.0000,-0.0023,3.0966,-0.1989,0.5900,1.1255,-0.4189,-4.1022,0.5000,-0.4189,1
1777377306846864296,37.1,0,1,8.997566e-02,2.630138e-02,1,0.0300,0.4439,0.0000,-0.0000,-0.0021,3.1005,-0.1989,0.5900,1.1256,-0.4189,-4.0917,0.5000,-0.4189,1
1777377306877222328,37.2,0,1,8.801275e-02,3.518629e-02,1,0.0300,0.4439,0.0000,-0.0000,0.0002,3.1038,-0.1988,0.5900,1.1256,-0.4189,-4.1152,0.5000,-0.4189,1
1777377306907467011,35.6,0,1,8.744723e-02,3.746009e-02,1,0.0300,0.4439,0.0000,-0.0000,0.0012,3.1072,-0.1988,0.5900,1.1257,-0.4189,-4.1401,0.5000,-0.4189,1
1777377306941870376,36.9,0,1,8.867687e-02,2.044129e-02,1,0.0300,0.4440,0.0000,-0.0000,0.0003,3.1111,-0.1988,0.5900,1.1257,-0.4189,-4.1441,0.5000,-0.4189,1
1777377306976874141,38.5,0,1,9.081793e-02,3.292537e-02,1,0.0300,0.4439,0.0000,-0.0000,-0.0021,3.1150,-0.1988,0.5900,1.1258,-0.4189,-4.1221,0.5000,-0.4189,1
1777377307007282638,39.9,0,1,8.875054e-02,3.090477e-02,1,0.0300,0.4439,0.0000,-0.0000,0.0004,3.1183,-0.1987,0.5900,1.1258,-0.4189,-4.1427,0.5000,-0.4189,1
1777377307037401174,37.2,0,1,8.882856e-02,2.255774e-02,1,0.0300,0.4440,0.0000,-0.0000,0.0005,3.1216,-0.1987,0.5900,1.1259,-0.4189,-4.1578,0.5000,-0.4189,1
1777377307071734584,37.0,0,1,8.890378e-02,2.058148e-02,1,0.0300,0.4440,0.0000,-0.0000,0.0009,3.1255,-0.1987,0.5900,1.1259,-0.4189,-4.1715,0.5000,-0.4189,1
1777377307101974788,37.4,0,1,8.939129e-02,1.994777e-02,1,0.0300,0.4440,0.0000,-0.0000,0.0006,3.1289,-0.1986,0.5900,1.1260,-0.4189,-4.1789,0.5000,-0.4189,1
1777377307132678525,40.9,0,1,8.917868e-02,2.044988e-02,1,0.0300,0.4440,0.0000,-0.0000,0.0011,3.1322,-0.1986,0.5900,1.1260,-0.4189,-4.1926,0.5000,-0.4189,1
1777377307167235462,37.3,0,1,9.102106e-02,2.862597e-02,1,0.0300,0.4440,0.0000,-0.0000,-0.0007,3.1361,-0.1986,0.5900,1.1261,-0.4189,-4.1808,0.5000,-0.4189,1
1777377307201937170,38.1,0,1,9.086347e-02,2.469134e-02,1,0.0300,0.4440,0.0000,-0.0000,-0.0005,3.1400,-0.1986,0.5900,1.1261,-0.4189,-4.1810,0.5000,-0.4189,1
1777377307231984568,35.6,0,1,9.083539e-02,2.354193e-02,1,0.0300,0.4439,0.0000,-0.0000,-0.0005,3.1433,-0.1985,0.5900,1.1262,-0.4189,-4.1843,0.5000,-0.4189,1
1777377307267828870,37.2,0,1,8.939356e-02,3.970885e-02,1,0.0300,0.4440,0.0000,-0.0000,0.0014,3.1472,-0.1985,0.5900,1.1262,-0.4189,-4.2108,0.5000,-0.4189,1
1777377307302035781,44.3,0,1,9.036362e-02,2.097631e-02,1,0.0300,0.4440,0.0000,-0.0000,0.0007,3.1511,-0.1985,0.5900,1.1263,-0.4189,-4.2181,0.5000,-0.4189,1
1777377307332644827,37.8,0,1,8.982176e-02,2.745938e-02,1,0.0300,0.4440,0.0000,-0.0000,0.0016,3.1545,-0.1985,0.5900,1.1263,-0.4189,-4.2364,0.5000,-0.4189,1
1777377307367356456,37.9,0,1,9.169936e-02,2.845359e-02,1,0.0300,0.4441,0.0000,-0.0000,-0.0003,3.1584,-0.1984,0.5900,1.1264,-0.4189,-4.2273,0.5000,-0.4189,1
1777377307402061173,36.7,0,1,9.222144e-02,2.668834e-02,1,0.0300,0.4440,0.0000,-0.0000,-0.0009,3.1623,-0.1984,0.5900,1.1265,-0.4189,-4.2197,0.5000,-0.4189,1
1777377307432543336,37.2,0,1,9.068120e-02,3.105068e-02,1,0.0300,0.4441,0.0000,-0.0000,0.0009,3.1656,-0.1984,0.5900,1.1265,-0.4189,-4.2404,0.5000,-0.4189,1
1777377307466877546,38.2,0,1,9.017652e-02,3.564763e-02,1,0.0300,0.4441,0.0000,-0.0000,0.0018,3.1695,-0.1983,0.5900,1.1266,-0.4189,-4.2641,0.5000,-0.4189,1
1777377307497502881,37.2,0,1,9.143913e-02,2.180171e-02,1,0.0300,0.4441,0.0000,-0.0000,0.0007,3.1728,-0.1983,0.5900,1.1266,-0.4189,-4.2662,0.5000,-0.4189,1
1777377307532120011,37.4,0,1,9.279412e-02,2.957439e-02,1,0.0300,0.4441,0.0000,-0.0000,-0.0008,3.1767,-0.1983,0.5900,1.1267,-0.4189,-4.2543,0.5000,-0.4189,1
1777377307567290406,37.5,0,1,8.994180e-02,5.792212e-02,1,0.0300,0.4441,0.0000,-0.0000,0.0027,3.1806,-0.1983,0.5900,1.1267,-0.4189,-4.2929,0.5000,-0.4189,1
1777377307602029587,37.0,0,1,9.215921e-02,2.593017e-02,1,0.0300,0.4442,0.0000,-0.0000,0.0006,3.1845,-0.1982,0.5900,1.1268,-0.4189,-4.2904,0.5000,-0.4189,1
1777377307632130363,37.3,0,1,9.408498e-02,3.523707e-02,1,0.0300,0.4441,0.0000,-0.0000,-0.0015,3.1879,-0.1982,0.5900,1.1268,-0.4189,-4.2680,0.5000,-0.4189,1
1777377307667193266,43.6,0,1,9.247035e-02,2.381516e-02,1,0.0300,0.4441,0.0000,-0.0000,0.0000,3.1918,-0.1982,0.5900,1.1269,-0.4189,-4.2797,0.5000,-0.4189,1
1777377307702060836,42.1,0,1,9.191442e-02,2.643013e-02,1,0.0300,0.4441,0.0000,-0.0000,0.0008,3.1957,-0.1981,0.5900,1.1269,-0.4189,-4.2974,0.5000,-0.4189,1
1777377307732655802,41.1,0,1,9.343809e-02,2.643800e-02,1,0.0300,0.4441,0.0000,-0.0000,-0.0008,3.1990,-0.1981,0.5900,1.1270,-0.4189,-4.2894,0.5000,-0.4189,1
1777377307766945243,37.9,0,1,9.253013e-02,2.210355e-02,1,0.0300,0.4441,0.0000,-0.0000,0.0003,3.2029,-0.1981,0.5900,1.1270,-0.4189,-4.3020,0.5000,-0.4189,1
1777377307802095413,36.1,0,1,9.245211e-02,2.137399e-02,1,0.0300,0.4441,0.0000,-0.0000,0.0006,3.2068,-0.1981,0.5900,1.1271,-0.4189,-4.3149,0.5000,-0.4189,1
1777377307832114234,35.7,0,1,9.395021e-02,2.754378e-02,1,0.0300,0.4441,0.0000,-0.0000,-0.0011,3.2101,-0.1980,0.5900,1.1272,-0.4189,-4.3051,0.5000,-0.4189,1
1777377307866969675,37.2,0,1,9.173495e-02,4.601669e-02,1,0.0300,0.4441,0.0000,-0.0000,0.0016,3.2140,-0.1980,0.5900,1.1272,-0.4189,-4.3358,0.5000,-0.4189,1
1777377307897317978,37.1,0,1,9.234428e-02,2.167368e-02,1,0.0300,0.4442,0.0000,-0.0000,0.0012,3.2174,-0.1980,0.5900,1.1273,-0.4189,-4.3502,0.5000,-0.4189,1
1777377307927336287,36.7,0,1,9.451616e-02,3.213072e-02,1,0.0300,0.4442,0.0000,-0.0000,-0.0011,3.2207,-0.1979,0.5900,1.1273,-0.4189,-4.3332,0.5000,-0.4189,1
1777377307957617388,37.4,0,1,9.504884e-02,2.771902e-02,1,0.0300,0.4441,0.0000,-0.0000,-0.0019,3.2241,-0.1979,0.5900,1.1274,-0.4189,-4.3190,0.5000,-0.4189,1
1777377307991966831,37.2,0,1,9.392011e-02,2.350760e-02,1,0.0300,0.4441,0.0000,-0.0000,-0.0008,3.2280,-0.1979,0.5900,1.1274,-0.4189,-4.3286,0.5000,-0.4189,1
1777377308022247323,36.9,0,1,9.350890e-02,2.102065e-02,1,0.0300,0.4441,0.0000,-0.0000,-0.0003,3.2313,-0.1979,0.5900,1.1275,-0.4189,-4.3415,0.5000,-0.4189,1
1777377308052277825,38.1,0,1,9.367812e-02,2.070379e-02,1,0.0300,0.4440,0.0000,-0.0000,-0.0004,3.2346,-0.1978,0.5900,1.1275,-0.4189,-4.3496,0.5000,-0.4189,1
1777377308082562062,37.2,0,1,9.290123e-02,3.021598e-02,1,0.0300,0.4441,0.0000,-0.0000,0.0007,3.2380,-0.1978,0.5900,1.1276,-0.4189,-4.3698,0.5000,-0.4189,1
1777377308117172536,36.3,0,1,9.419167e-02,2.318859e-02,1,0.0300,0.4440,0.0000,-0.0000,-0.0004,3.2419,-0.1978,0.5900,1.1276,-0.4189,-4.3686,0.5000,-0.4189,1
1777377308151892005,36.0,0,1,9.406054e-02,2.186036e-02,1,0.0300,0.4440,0.0000,-0.0000,-0.0001,3.2458,-0.1978,0.5900,1.1277,-0.4189,-4.3760,0.5000,-0.4189,1
1777377308181926859,41.1,0,1,9.419155e-02,2.155638e-02,1,0.0300,0.4440,0.0000,-0.0000,-0.0001,3.2491,-0.1977,0.5900,1.1277,-0.4189,-4.3831,0.5000,-0.4189,1
1777377308217189256,37.8,0,1,9.512621e-02,2.480578e-02,1,0.0300,0.4440,0.0000,-0.0000,-0.0010,3.2530,-0.1977,0.5900,1.1278,-0.4189,-4.3786,0.5000,-0.4189,1
1777377308247338641,37.1,0,1,9.383726e-02,2.975106e-02,1,0.0300,0.4440,0.0000,-0.0000,0.0004,3.2564,-0.1977,0.5900,1.1278,-0.4189,-4.3984,0.5000,-0.4189,1
1777377308279197579,37.5,0,1,9.461516e-02,2.134538e-02,1,0.0299,0.4440,0.0000,-0.0000,-0.0003,3.2597,-0.1976,0.5900,1.1279,-0.4189,-4.4029,0.5000,-0.4189,1
1777377308311876861,43.5,0,1,9.438545e-02,2.085185e-02,1,0.0299,0.4440,0.0000,-0.0000,0.0002,3.2636,-0.1976,0.5900,1.1279,-0.4189,-4.4143,0.5000,-0.4189,1
1777377308346786864,41.4,0,1,9.625709e-02,3.068447e-02,1,0.0299,0.4440,0.0000,-0.0000,-0.0018,3.2675,-0.1976,0.5900,1.1280,-0.4189,-4.3990,0.5000,-0.4189,1
1777377308376832662,37.0,0,1,9.593982e-02,2.466559e-02,1,0.0299,0.4439,0.0000,-0.0000,-0.0016,3.2709,-0.1976,0.5900,1.1280,-0.4189,-4.3974,0.5000,-0.4189,1
1777377308406865339,38.0,0,1,9.310246e-02,6.351829e-02,1,0.0299,0.4439,0.0000,-0.0000,0.0016,3.2742,-0.1975,0.5900,1.1281,-0.4189,-4.4397,0.5000,-0.4189,1
1777377308441771342,37.5,0,1,9.518313e-02,2.347040e-02,1,0.0299,0.4439,0.0000,-0.0000,-0.0003,3.2777,-0.1975,0.5900,1.1281,-0.4189,-4.4399,0.5000,-0.4189,1
1777377308471846837,42.8,0,1,9.476089e-02,1.473141e-02,1,0.0299,0.4440,0.0000,-0.0000,-0.0002,3.2777,-0.1975,0.5900,1.1281,-0.4189,-4.4482,0.5000,-0.4189,1
1777377308501903483,41.7,0,1,9.436846e-02,1.580429e-02,1,0.0299,0.4439,0.0000,-0.0000,-0.0001,3.2777,-0.1975,0.5900,1.1281,-0.4189,-4.4588,0.5000,-0.4189,1
1777377308531963426,42.4,0,1,9.494555e-02,1.227236e-02,1,0.0299,0.4439,0.0000,-0.0000,-0.0011,3.2777,-0.1975,0.5900,1.1281,-0.4189,-4.4556,0.5000,-0.4189,1
1777377308567187549,36.8,0,1,9.247100e-02,4.832482e-02,1,0.0299,0.4439,0.0000,-0.0000,0.0014,3.2777,-0.1975,0.5900,1.1281,-0.4189,-4.4879,0.5000,-0.4189,1
1777377308601826536,35.3,0,1,9.390426e-02,9.358272e-03,1,0.0299,0.4439,0.0000,-0.0000,-0.0003,3.2777,-0.1975,0.5900,1.1281,-0.4189,-4.4861,0.5000,-0.4189,1
1777377308632090133,44.6,0,1,9.436351e-02,1.151133e-02,1,0.0299,0.4439,0.0000,-0.0000,-0.0011,3.2777,-0.1975,0.5900,1.1281,-0.4189,-4.4784,0.5000,-0.4189,1
1777377308667253391,40.5,0,1,9.283680e-02,2.464986e-02,1,0.0299,0.4439,0.0000,-0.0000,0.0004,3.2777,-0.1975,0.5900,1.1281,-0.4189,-4.4949,0.5000,-0.4189,1
1777377308702079359,37.3,0,1,9.338039e-02,7.539868e-03,1,0.0299,0.4439,0.0000,-0.0000,-0.0004,3.2777,-0.1975,0.5900,1.1281,-0.4189,-4.4958,0.5000,-0.4189,1
1777377308732294186,36.9,0,1,9.321308e-02,6.241456e-03,1,0.0299,0.4439,0.0000,-0.0000,-0.0004,3.2777,-0.1975,0.5900,1.1281,-0.4189,-4.4980,0.5000,-0.4189,1
1777377308767286719,36.7,0,1,9.267044e-02,1.227093e-02,1,0.0299,0.4439,0.0000,-0.0000,0.0000,3.2777,-0.1975,0.5900,1.1281,-0.4189,-4.5062,0.5000,-0.4189,1
1777377308797299716,36.7,0,1,9.367853e-02,1.616406e-02,1,0.0299,0.4439,0.0000,-0.0000,-0.0013,3.2777,-0.1975,0.5900,1.1281,-0.4189,-4.4954,0.5000,-0.4189,1
1777377308831980752,36.6,0,1,9.222746e-02,1.986551e-02,1,0.0299,0.4439,0.0000,-0.0000,0.0001,3.2777,-0.1975,0.5900,1.1281,-0.4189,-4.5086,0.5000,-0.4189,1
1777377308866960389,36.8,0,1,9.282500e-02,6.747991e-03,1,0.0299,0.4439,0.0000,-0.0000,-0.0007,3.2777,-0.1975,0.5900,1.1281,-0.4189,-4.5062,0.5000,-0.4189,1
1777377308902144768,36.5,0,1,9.239513e-02,5.862236e-03,1,0.0299,0.4438,0.0000,-0.0000,-0.0004,3.2777,-0.1975,0.5900,1.1281,-0.4189,-4.5101,0.5000,-0.4189,1
1777377308932591377,36.1,0,1,9.420574e-02,3.718686e-02,1,0.0299,0.4438,0.0000,-0.0000,-0.0028,3.2777,-0.1975,0.5900,1.1281,-0.4189,-4.4853,0.5000,-0.4189,1
1777377308966768399,37.6,0,1,9.220636e-02,1.670265e-02,1,0.0299,0.4437,0.0000,-0.0000,-0.0008,3.2777,-0.1975,0.5900,1.1281,-0.4189,-4.4965,0.5000,-0.4189,1
1777377309002008267,37.3,0,1,9.219414e-02,6.917931e-03,1,0.0299,0.4437,0.0000,-0.0000,-0.0009,3.2777,-0.1975,0.5900,1.1281,-0.4189,-4.5002,0.5000,-0.4189,1
1777377309032692547,37.5,0,1,9.041828e-02,3.944778e-02,1,0.0299,0.4437,0.0000,-0.0000,0.0010,3.2777,-0.1975,0.5900,1.1281,-0.4189,-4.5265,0.5000,-0.4189,1
1777377309066962116,44.7,0,1,9.137386e-02,9.135157e-03,1,0.0299,0.4437,0.0000,-0.0000,0.0001,3.2777,-0.1975,0.5900,1.1281,-0.4189,-4.5293,0.5000,-0.4189,1
1777377309097302034,37.5,0,1,9.196293e-02,7.791281e-03,1,0.0299,0.4437,0.0000,-0.0000,-0.0006,3.2777,-0.1975,0.5900,1.1281,-0.4189,-4.5241,0.5000,-0.4189,1
1777377309131994142,36.2,0,1,9.226555e-02,1.099205e-02,1,0.0299,0.4437,0.0000,-0.0000,-0.0011,3.2777,-0.1975,0.5900,1.1281,-0.4189,-4.5168,0.5000,-0.4189,1
1777377309166829295,36.6,0,1,9.066474e-02,2.690578e-02,1,0.0299,0.4437,0.0000,-0.0000,0.0006,3.2777,-0.1975,0.5900,1.1281,-0.4189,-4.5347,0.5000,-0.4189,1
1777377309196829619,36.7,0,1,9.106261e-02,6.980918e-03,1,0.0299,0.4437,0.0000,-0.0000,0.0002,3.2777,-0.1975,0.5900,1.1281,-0.4189,-4.5392,0.5000,-0.4189,1
1777377309226839416,41.0,0,1,9.158009e-02,6.394386e-03,1,0.0299,0.4437,0.0000,-0.0000,-0.0005,3.2777,-0.1975,0.5900,1.1281,-0.4189,-4.5349,0.5000,-0.4189,1
1777377309256986305,43.2,0,1,9.125543e-02,4.557028e-03,1,0.0299,0.4437,0.0000,-0.0000,-0.0003,3.2777,-0.1975,0.5900,1.1281,-0.4189,-4.5367,0.5000,-0.4189,1
1777377309287313487,36.5,0,1,9.038728e-02,1.940703e-02,1,0.0299,0.4437,0.0000,-0.0000,0.0006,3.2777,-0.1975,0.5900,1.1281,-0.4189,-4.5497,0.5000,-0.4189,1
1777377309321900728,37.3,0,1,9.270740e-02,3.979611e-02,1,0.0299,0.4437,0.0000,-0.0000,-0.0021,3.2777,-0.1975,0.5900,1.1281,-0.4189,-4.5231,0.5000,-0.4189,1
1777377309352160932,37.6,0,1,9.016770e-02,2.932477e-02,1,0.0299,0.4437,0.0000,-0.0000,0.0004,3.2777,-0.1975,0.5900,1.1281,-0.4189,-4.5427,0.5000,-0.4189,1
1777377309382547380,36.4,0,1,9.238261e-02,3.432941e-02,1,0.0299,0.4436,0.0000,-0.0000,-0.0021,3.2777,-0.1975,0.5900,1.1281,-0.4189,-4.5198,0.5000,-0.4189,1
1777377309417339492,38.8,0,1,9.020585e-02,2.400327e-02,1,0.0299,0.4436,0.0000,-0.0000,-0.0000,3.2777,-0.1975,0.5900,1.1281,-0.4189,-4.5358,0.5000,-0.4189,1
1777377309452107538,42.0,0,1,9.181750e-02,2.395821e-02,1,0.0299,0.4436,0.0000,-0.0000,-0.0019,3.2777,-0.1975,0.5900,1.1281,-0.4189,-4.5198,0.5000,-0.4189,1
1777377309482643974,37.0,0,1,8.986366e-02,2.536798e-02,1,0.0299,0.4436,0.0000,-0.0000,0.0000,3.2777,-0.1975,0.5900,1.1281,-0.4189,-4.5368,0.5000,-0.4189,1
1777377309517238320,37.5,0,1,9.033287e-02,6.089799e-03,1,0.0299,0.4436,0.0000,-0.0000,-0.0005,3.2777,-0.1975,0.5900,1.1281,-0.4189,-4.5386,0.5000,-0.4189,1
1777377309552011262,37.1,0,1,9.047937e-02,5.021654e-03,1,0.0299,0.4435,0.0000,-0.0000,-0.0007,3.2777,-0.1975,0.5900,1.1281,-0.4189,-4.5373,0.5000,-0.4189,1
1777377309582749560,42.7,0,1,9.002215e-02,8.459330e-03,1,0.0299,0.4435,0.0000,-0.0000,-0.0003,3.2777,-0.1975,0.5900,1.1281,-0.4189,-4.5430,0.5000,-0.4189,1
1777377309617320321,37.4,0,1,9.084433e-02,1.344395e-02,1,0.0299,0.4435,0.0000,-0.0000,-0.0013,3.2777,-0.1975,0.5900,1.1281,-0.4189,-4.5340,0.5000,-0.4189,1
1777377309651907723,41.8,0,1,8.958280e-02,1.810598e-02,1,0.0299,0.4435,0.0000,-0.0000,-0.0000,3.2777,-0.1975,0.5900,1.1281,-0.4189,-4.5461,0.5000,-0.4189,1
1777377309682641124,36.4,0,1,8.935612e-02,1.495314e-02,1,0.0299,0.4435,0.0000,-0.0000,0.0003,3.2777,-0.1975,0.5900,1.1281,-0.4189,-4.5560,0.5000,-0.4189,1
1777377309716821218,36.7,0,1,9.068561e-02,1.972747e-02,1,0.0299,0.4435,0.0000,-0.0000,-0.0012,3.2777,-0.1975,0.5900,1.1281,-0.4189,-4.5429,0.5000,-0.4189,1
1777377309746822790,36.9,0,1,9.049481e-02,8.462191e-03,1,0.0299,0.4435,0.0000,-0.0000,-0.0013,3.2777,-0.1975,0.5900,1.1281,-0.4189,-4.5372,0.5000,-0.4189,1
1777377309777321721,37.6,0,1,8.869809e-02,3.136611e-02,1,0.0299,0.4435,0.0000,-0.0000,0.0006,3.2777,-0.1975,0.5900,1.1281,-0.4189,-4.5581,0.5000,-0.4189,1
1777377309811780767,38.4,0,1,8.943778e-02,6.491885e-03,1,0.0299,0.4435,0.0000,-0.0000,-0.0001,3.2777,-0.1975,0.5900,1.1281,-0.4189,-4.5594,0.5000,-0.4189,1
1777377309847372838,38.1,0,1,8.969718e-02,4.927598e-03,1,0.0299,0.4435,0.0000,-0.0000,-0.0004,3.2777,-0.1975,0.5900,1.1281,-0.4189,-4.5570,0.5000,-0.4189,1
1777377309882027537,36.8,0,1,8.918917e-02,9.011507e-03,1,0.0299,0.4435,0.0000,-0.0000,0.0000,3.2777,-0.1975,0.5900,1.1281,-0.4189,-4.5630,0.5000,-0.4189,1
1777377309917320207,37.1,0,1,9.048295e-02,2.352691e-02,1,0.0299,0.4435,0.0000,-0.0000,-0.0015,3.2777,-0.1975,0.5900,1.1281,-0.4189,-4.5473,0.5000,-0.4189,1
1777377309952346501,36.7,0,1,8.869028e-02,2.293253e-02,1,0.0299,0.4434,0.0000,-0.0000,0.0003,3.2777,-0.1975,0.5900,1.1281,-0.4189,-4.5626,0.5000,-0.4189,1
1777377309982508494,36.0,0,1,8.954597e-02,6.356478e-03,1,0.0299,0.4434,0.0000,-0.0000,-0.0007,3.2777,-0.1975,0.5900,1.1281,-0.4189,-4.5584,0.5000,-0.4189,1
1777377310017498179,37.5,0,1,9.034139e-02,2.285528e-02,1,0.0299,0.4434,0.0000,-0.0000,-0.0017,3.2777,-0.1975,0.5900,1.1281,-0.4189,-4.5431,0.5000,-0.4189,1
1777377310051973225,36.5,0,1,8.850706e-02,2.348185e-02,1,0.0299,0.4434,0.0000,-0.0000,0.0001,3.2777,-0.1975,0.5900,1.1281,-0.4189,-4.5588,0.5000,-0.4189,1
1777377310082618560,36.5,0,1,8.910155e-02,5.210102e-03,1,0.0299,0.4434,0.0000,-0.0000,-0.0006,3.2777,-0.1975,0.5900,1.1281,-0.4189,-4.5580,0.5000,-0.4189,1
1777377310112790730,36.6,0,1,8.777791e-02,2.751231e-02,1,0.0299,0.4434,0.0000,-0.0000,0.0009,3.2777,-0.1975,0.5900,1.1281,-0.4189,-4.5763,0.5000,-0.4189,1
1777377310146834915,36.7,0,1,8.732677e-02,2.752519e-02,1,0.0299,0.4434,0.0000,-0.0000,0.0016,3.2777,-0.1975,0.5900,1.1281,-0.4189,-4.5947,0.5000,-0.4189,1
1777377310177260820,37.8,0,1,8.914512e-02,1.886344e-02,1,0.0299,0.4434,0.0000,-0.0000,-0.0003,3.2777,-0.1975,0.5900,1.1281,-0.4189,-4.5821,0.5000,-0.4189,1
1777377310212008002,37.9,0,1,8.886188e-02,2.959013e-03,1,0.0299,0.4434,0.0000,-0.0000,-0.0001,3.2777,-0.1975,0.5900,1.1281,-0.4189,-4.5801,0.5000,-0.4189,1
1777377310247327040,37.6,0,1,8.755320e-02,2.617478e-02,1,0.0299,0.4435,0.0000,-0.0000,0.0013,3.2777,-0.1975,0.5900,1.1281,-0.4189,-4.5976,0.5000,-0.4189,1
1777377310282061262,36.6,0,1,9.013093e-02,3.971958e-02,1,0.0299,0.4435,0.0000,-0.0000,-0.0016,3.2777,-0.1975,0.5900,1.1281,-0.4189,-4.5711,0.5000,-0.4189,1
1777377310312181398,37.2,0,1,8.905417e-02,8.515120e-03,1,0.0299,0.4435,0.0000,-0.0000,-0.0007,3.2777,-0.1975,0.5900,1.1281,-0.4189,-4.5695,0.5000,-0.4189,1
1777377310347203180,36.3,0,1,8.841282e-02,7.877111e-03,1,0.0299,0.4434,0.0000,-0.0000,-0.0002,3.2777,-0.1975,0.5900,1.1281,-0.4189,-4.5748,0.5000,-0.4189,1
1777377310377270226,35.9,0,1,8.907324e-02,1.271582e-02,1,0.0299,0.4434,0.0000,-0.0000,-0.0011,3.2777,-0.1975,0.5900,1.1281,-0.4189,-4.5663,0.5000,-0.4189,1
1777377310407472188,37.5,0,1,8.736390e-02,2.670908e-02,1,0.0299,0.4434,0.0000,-0.0000,0.0006,3.2777,-0.1975,0.5900,1.1281,-0.4189,-4.5841,0.5000,-0.4189,1
1777377310441963043,36.3,0,1,8.846068e-02,9.143114e-03,1,0.0299,0.4434,0.0000,-0.0000,-0.0006,3.2777,-0.1975,0.5900,1.1281,-0.4189,-4.5780,0.5000,-0.4189,1
1777377310476957784,37.8,0,1,9.009355e-02,4.095054e-02,1,0.0299,0.4434,0.0000,-0.0000,-0.0028,3.2777,-0.1975,0.5900,1.1281,-0.4189,-4.5507,0.5000,-0.4189,1
1777377310511988014,37.9,0,1,8.827180e-02,1.057506e-02,1,0.0299,0.4434,0.0000,-0.0000,-0.0009,3.2777,-0.1975,0.5900,1.1281,-0.4189,-4.5574,0.5000,-0.4189,1
1777377310547227978,37.5,0,1,8.650899e-02,3.980398e-02,1,0.0299,0.4434,0.0000,-0.0000,0.0009,3.2777,-0.1975,0.5900,1.1281,-0.4189,-4.5840,0.5000,-0.4189,1
1777377310582133821,36.8,0,1,8.772135e-02,7.249363e-03,1,0.0299,0.4434,0.0000,-0.0000,-0.0002,3.2777,-0.1975,0.5900,1.1281,-0.4189,-4.5820,0.5000,-0.4189,1
1777377310617507197,44.8,0,1,8.654118e-02,2.576494e-02,1,0.0299,0.4434,0.0000,-0.0000,0.0011,3.2777,-0.1975,0.5900,1.1281,-0.4189,-4.5992,0.5000,-0.4189,1
1777377310652022980,43.6,0,1,8.949018e-02,4.694223e-02,1,0.0299,0.4434,0.0000,-0.0000,-0.0021,3.2777,-0.1975,0.5900,1.1281,-0.4189,-4.5679,0.5000,-0.4189,1
1777377310682576920,37.6,0,1,8.611977e-02,4.420209e-02,1,0.0299,0.4434,0.0000,-0.0000,0.0014,3.2777,-0.1975,0.5900,1.1281,-0.4189,-4.5974,0.5000,-0.4189,1
1777377310717069215,107.0,0,1,8.901876e-02,3.723907e-02,1,0.0299,0.4434,0.0000,-0.0000,-0.0017,3.2777,-0.1975,0.5900,1.1281,-0.4189,-4.5725,0.5000,-0.4189,1
1777377310747379084,166.7,0,1,8.802021e-02,5.553246e-03,1,0.0299,0.4434,0.0000,-0.0000,-0.0009,3.2777,-0.1975,0.5900,1.1281,-0.4189,-4.5712,0.5000,-0.4189,1
1777377310782102105,112.2,0,1,8.740264e-02,8.805513e-03,1,0.0299,0.4433,0.0000,-0.0000,-0.0004,3.2777,-0.1975,0.5900,1.1281,-0.4189,-4.5771,0.5000,-0.4189,1
1777377310817013836,37.9,0,1,8.659321e-02,2.040410e-02,1,0.0299,0.4433,0.0000,-0.0000,0.0005,3.2777,-0.1975,0.5900,1.1281,-0.4189,-4.5907,0.5000,-0.4189,1
1777377310847275192,37.0,0,1,8.827525e-02,2.436376e-02,1,0.0299,0.4433,0.0000,-0.0000,-0.0014,3.2777,-0.1975,0.5900,1.1281,-0.4189,-4.5744,0.5000,-0.4189,1
1777377310881891746,36.8,0,1,8.555669e-02,4.336882e-02,1,0.0299,0.4433,0.0000,-0.0000,0.0015,3.2777,-0.1975,0.5900,1.1281,-0.4189,-4.6034,0.5000,-0.4189,1
1777377310911906983,35.3,0,1,8.828598e-02,3.234601e-02,1,0.0299,0.4433,0.0000,-0.0000,-0.0014,3.2777,-0.1975,0.5900,1.1281,-0.4189,-4.5818,0.5000,-0.4189,1
1777377310942126130,36.7,0,1,8.722925e-02,3.565550e-03,1,0.0299,0.4433,0.0000,-0.0000,-0.0004,3.2777,-0.1975,0.5900,1.1281,-0.4189,-4.5842,0.5000,-0.4189,1
1777377310977285996,37.0,0,1,8.683926e-02,8.688927e-03,1,0.0299,0.4433,0.0000,-0.0000,-0.0000,3.2777,-0.1975,0.5900,1.1281,-0.4189,-4.5900,0.5000,-0.4189,1
1777377311012231487,35.9,0,1,8.669877e-02,7.267714e-03,1,0.0299,0.4433,0.0000,-0.0000,0.0001,3.2777,-0.1975,0.5900,1.1281,-0.4189,-4.5948,0.5000,-0.4189,1
1777377311047423706,38.0,0,1,8.757949e-02,1.482797e-02,1,0.0299,0.4433,0.0000,-0.0000,-0.0009,3.2777,-0.1975,0.5900,1.1281,-0.4189,-4.5849,0.5000,-0.4189,1
1777377311082114022,40.0,0,1,8.685285e-02,5.460978e-03,1,0.0299,0.4433,0.0000,-0.0000,-0.0003,3.2777,-0.1975,0.5900,1.1281,-0.4189,-4.5886,0.5000,-0.4189,1
1777377311112592888,38.1,0,1,8.725059e-02,7.167578e-03,1,0.0299,0.4433,0.0000,-0.0000,-0.0008,3.2777,-0.1975,0.5900,1.1281,-0.4189,-4.5838,0.5000,-0.4189,1
1777377311147596590,37.3,0,1,8.716935e-02,4.612684e-03,1,0.0299,0.4433,0.0000,-0.0000,-0.0009,3.2777,-0.1975,0.5900,1.1281,-0.4189,-4.5807,0.5000,-0.4189,1
1777377311182123701,37.0,0,1,8.693033e-02,3.632784e-03,1,0.0299,0.4433,0.0000,-0.0000,-0.0008,3.2777,-0.1975,0.5900,1.1281,-0.4189,-4.5807,0.5000,-0.4189,1
1777377311212192188,35.3,0,1,8.808011e-02,2.824974e-02,1,0.0299,0.4433,0.0000,-0.0000,-0.0022,3.2777,-0.1975,0.5900,1.1281,-0.4189,-4.5619,0.5000,-0.4189,1
1777377311247402455,38.0,0,1,8.489519e-02,4.820967e-02,1,0.0299,0.4433,0.0000,-0.0000,0.0011,3.2777,-0.1975,0.5900,1.1281,-0.4189,-4.5940,0.5000,-0.4189,1
1777377311277920298,37.4,0,1,8.718616e-02,2.192187e-02,1,0.0299,0.4432,0.0000,-0.0000,-0.0013,3.2777,-0.1975,0.5900,1.1281,-0.4189,-4.5794,0.5000,-0.4189,1
1777377311312032326,37.7,0,1,8.663285e-02,1.965545e-03,1,0.0299,0.4432,0.0000,-0.0000,-0.0008,3.2777,-0.1975,0.5900,1.1281,-0.4189,-4.5785,0.5000,-0.4189,1
1777377311342234224,35.8,0,1,8.614564e-02,8.685350e-03,1,0.0299,0.4432,0.0000,-0.0000,-0.0004,3.2777,-0.1975,0.5900,1.1281,-0.4189,-4.5843,0.5000,-0.4189,1
1777377311377396682,37.8,0,1,8.499354e-02,2.915096e-02,1,0.0299,0.4432,0.0000,-0.0000,0.0010,3.2777,-0.1975,0.5900,1.1281,-0.4189,-4.6037,0.5000,-0.4189,1
1777377311407503409,37.4,0,1,8.532053e-02,1.250768e-02,1,0.0299,0.4432,0.0000,-0.0000,0.0009,3.2777,-0.1975,0.5900,1.1281,-0.4189,-4.6120,0.5000,-0.4189,1
1777377311441982775,36.8,0,1,8.701897e-02,2.618265e-02,1,0.0299,0.4433,0.0000,-0.0000,-0.0010,3.2777,-0.1975,0.5900,1.1281,-0.4189,-4.5946,0.5000,-0.4189,1
1777377311472091487,37.6,0,1,8.547825e-02,1.855874e-02,1,0.0299,0.4433,0.0000,-0.0000,0.0006,3.2777,-0.1975,0.5900,1.1281,-0.4189,-4.6069,0.5000,-0.4189,1
1777377311507419645,37.6,0,1,8.778751e-02,4.001856e-02,1,0.0299,0.4432,0.0000,-0.0000,-0.0020,3.2777,-0.1975,0.5900,1.1281,-0.4189,-4.5803,0.5000,-0.4189,1
1777377311537435746,37.5,0,1,8.703279e-02,1.070094e-02,1,0.0299,0.4432,0.0000,-0.0000,-0.0016,3.2777,-0.1975,0.5900,1.1281,-0.4189,-4.5731,0.5000,-0.4189,1
1777377311567539946,36.4,0,1,8.534253e-02,2.526355e-02,1,0.0299,0.4432,0.0000,-0.0000,0.0001,3.2777,-0.1975,0.5900,1.1281,-0.4189,-4.5900,0.5000,-0.4189,1
