# s_m,x_m,y_m,psi_rad,kappa_radpm,vx_mps,ax_mps2,d_left_m,d_right_m
0.000000,4.703740,-0.761381,-0.740245,-0.171882,4.815871,-0.387584,1.930000,0.775000
0.049977,4.739606,-0.794443,-0.749458,-0.203769,4.811847,-0.387261,1.975000,0.765000
0.099954,4.776100,-0.828766,-0.760212,-0.223355,4.807823,-0.404298,2.000000,0.765000
0.149931,4.812314,-0.863595,-0.771708,-0.236276,4.803619,-0.438982,2.000000,0.725000
0.199909,4.847053,-0.897798,-0.783655,-0.252832,4.799050,-0.438565,2.000000,0.735000
0.249886,4.882681,-0.933767,-0.796768,-0.264322,4.794480,-0.457157,1.945000,0.770000
0.299863,4.917718,-0.970096,-0.810327,-0.274119,4.789713,-0.488008,1.870000,0.770000
0.349840,4.951066,-1.005629,-0.823961,-0.284905,4.784618,-0.487488,1.800000,0.790000
0.399817,4.984996,-1.042819,-0.838520,-0.293034,4.779523,-0.491097,1.715000,0.790000
0.449795,5.019174,-1.081422,-0.853788,-0.298942,4.774385,-0.537163,1.635000,0.795000
0.499772,5.050707,-1.118129,-0.868386,-0.304273,4.768759,-0.536530,1.575000,0.805000
0.549749,5.082520,-1.156299,-0.883632,-0.309332,4.763133,-0.535897,1.515000,0.810000
0.599726,5.114526,-1.195939,-0.899517,-0.314184,4.757506,-0.563623,1.455000,0.800000
0.649703,5.145518,-1.235598,-0.915427,-0.316968,4.751582,-0.599465,1.390000,0.805000
0.699681,5.175084,-1.274685,-0.930980,-0.317842,4.745273,-0.598669,1.330000,0.805000
0.749658,5.204595,-1.315001,-0.946898,-0.319474,4.738963,-0.597872,1.280000,0.810000
0.799635,5.233977,-1.356530,-0.963207,-0.321797,4.732654,-0.627464,1.230000,0.810000
0.849612,5.262295,-1.397967,-0.979394,-0.321844,4.726023,-0.660028,1.180000,0.810000
0.899589,5.289418,-1.439052,-0.995181,-0.319670,4.719038,-0.659052,1.125000,0.810000
0.949566,5.316255,-1.481137,-1.011105,-0.318533,4.712053,-0.658076,1.080000,0.810000
0.999544,5.342751,-1.524196,-1.027201,-0.318348,4.705069,-0.673163,1.040000,0.810000
1.049521,5.368553,-1.567678,-1.043302,-0.317663,4.697913,-0.720043,1.000000,0.825000
1.099498,5.393037,-1.610470,-1.058864,-0.313797,4.690246,-0.718867,0.965000,0.830000
1.149475,5.417086,-1.654062,-1.074410,-0.310880,4.682580,-0.717691,0.925000,0.835000
1.199452,5.440668,-1.698423,-1.089974,-0.308848,4.674914,-0.716515,0.905000,0.850000
1.249430,5.463749,-1.743523,-1.105588,-0.307647,4.667248,-0.741279,0.860000,0.855000
1.299407,5.485685,-1.788068,-1.120780,-0.303751,4.659304,-0.745728,0.840000,0.865000
1.349384,5.506962,-1.832970,-1.135773,-0.299853,4.651298,-0.744446,0.755000,0.875000
1.399361,5.527696,-1.878474,-1.150685,-0.296683,4.643292,-0.743163,0.760000,0.885000
1.449338,5.547869,-1.924550,-1.165542,-0.294203,4.635286,-0.741948,0.735000,0.890000
1.499316,5.567357,-1.970918,-1.180288,-0.291740,4.627280,-0.740884,0.710000,0.910000
1.549293,5.585927,-2.016971,-1.194674,-0.287785,4.619271,-0.739600,0.695000,0.910000
1.599270,5.603914,-2.063486,-1.208939,-0.284396,4.611262,-0.738317,0.650000,0.925000
1.649247,5.621306,-2.110435,-1.223105,-0.281551,4.603253,-0.737033,0.630000,0.930000
1.699224,5.638092,-2.157794,-1.237191,-0.279232,4.595244,-0.702333,0.620000,0.940000
1.749201,5.654141,-2.205167,-1.251089,-0.275857,4.587599,-0.673122,0.590000,0.955000
1.799179,5.669479,-2.252579,-1.264728,-0.271616,4.580260,-0.672044,0.570000,0.955000
1.849156,5.684208,-2.300312,-1.278200,-0.267802,4.572922,-0.670966,0.550000,0.970000
1.899133,5.698327,-2.348339,-1.291519,-0.264401,4.565583,-0.669888,0.535000,0.990000
1.949110,5.711833,-2.396636,-1.304702,-0.261406,4.558244,-0.528361,0.530000,1.000000
1.999087,5.724655,-2.444917,-1.317721,-0.260151,4.552447,-0.489319,0.505000,1.010000
2.049065,5.736845,-2.493347,-1.330698,-0.259608,4.547072,-0.488741,0.490000,1.020000
2.099042,5.748417,-2.541975,-1.343668,-0.259401,4.541697,-0.488163,0.475000,1.035000
2.149019,5.759363,-2.590779,-1.356644,-0.259527,4.536322,-0.487585,0.465000,1.035000
2.198996,5.769678,-2.639739,-1.369640,-0.259987,4.530947,-0.056778,0.450000,1.045000
2.248973,5.779356,-2.688798,-1.382332,-0.247630,4.530321,-0.054300,0.430000,1.050000
2.298950,5.788424,-2.737967,-1.394407,-0.235407,4.529722,-0.054293,0.430000,1.055000
2.348928,5.796910,-2.787227,-1.405873,-0.223389,4.529123,-0.054285,0.420000,1.045000
2.398905,5.804842,-2.836552,-1.416737,-0.211568,4.528524,-0.691609,0.400000,1.040000
2.448882,5.812253,-2.885963,-1.427015,-0.199760,4.520885,-3.225666,0.395000,1.075000
2.498859,5.819185,-2.935558,-1.436708,-0.187354,4.485084,-3.200021,0.385000,1.080000
2.548836,5.825646,-2.985163,-1.445771,-0.174987,4.449283,-3.174376,0.380000,1.075000
2.598813,5.831665,-3.034763,-1.454206,-0.162654,4.413483,-3.148730,0.375000,1.080000
2.648791,5.837273,-3.084344,-1.462015,-0.150347,4.377682,-3.138384,0.365000,1.095000
2.698768,5.842520,-3.134077,-1.469290,-0.144121,4.341705,-3.133012,0.360000,1.100000
2.748745,5.847423,-3.184010,-1.476575,-0.146318,4.305490,-3.106770,0.355000,1.105000
2.798722,5.851948,-3.233862,-1.483961,-0.148827,4.269275,-3.080527,0.350000,1.100000
2.848699,5.856092,-3.283607,-1.491459,-0.151660,4.233060,-3.054285,0.360000,1.100000
2.898677,5.859847,-3.333219,-1.499082,-0.154835,4.196845,-2.798875,0.345000,1.105000
2.948654,5.863243,-3.383221,-1.506893,-0.156250,4.163382,-2.675315,0.340000,1.110000
2.998631,5.866250,-3.433301,-1.514743,-0.156662,4.131143,-2.654518,0.335000,1.110000
3.048608,5.868855,-3.483224,-1.522582,-0.156934,4.098904,-2.633721,0.335000,1.105000
3.098585,5.871062,-3.532998,-1.530405,-0.157062,4.066664,-2.613184,0.330000,1.105000
3.148563,5.872874,-3.582652,-1.538210,-0.157466,4.034422,-2.599732,0.330000,1.105000
3.198540,5.874305,-3.632776,-1.546414,-0.169726,4.002088,-2.578812,0.330000,1.095000
3.248517,5.875307,-3.682791,-1.555206,-0.181762,3.969753,-2.557893,0.325000,1.090000
3.298494,5.875854,-3.732722,-1.564577,-0.193502,3.937419,-2.536973,0.325000,1.090000
3.348471,5.875919,-3.782595,-1.574512,-0.204874,3.905085,-2.519680,0.325000,1.090000
3.398449,5.875473,-3.832532,-1.585036,-0.217398,3.872704,-2.503407,0.325000,1.040000
3.448426,5.874482,-3.882568,-1.596283,-0.232135,3.840262,-2.482347,0.330000,1.045000
3.498403,5.872912,-3.932550,-1.608268,-0.247259,3.807819,-2.461288,0.330000,1.075000
3.548380,5.870726,-3.982455,-1.621006,-0.262794,3.775377,-2.440228,0.330000,1.065000
3.598357,5.867889,-4.032259,-1.634511,-0.278761,3.742935,-2.431346,0.345000,1.065000
3.648334,5.864341,-4.082262,-1.648867,-0.293895,3.710328,-2.412145,0.340000,1.060000
3.698312,5.860061,-4.132167,-1.663973,-0.309354,3.677694,-2.390835,0.355000,1.065000
3.748289,5.855020,-4.181889,-1.679832,-0.325378,3.645059,-2.369525,0.350000,1.065000
3.798266,5.849186,-4.231401,-1.696465,-0.341977,3.612425,-2.355492,0.365000,1.060000
3.848243,5.842499,-4.280873,-1.713961,-0.358720,3.579689,-2.350190,0.375000,1.055000
3.898220,5.834879,-4.330517,-1.732389,-0.375226,3.546725,-2.328448,0.385000,1.050000
3.948198,5.826354,-4.379848,-1.751604,-0.392559,3.513762,-2.306707,0.395000,1.045000
3.998175,5.816896,-4.428827,-1.771636,-0.410726,3.480798,-2.284965,0.415000,1.040000
4.048152,5.806478,-4.477420,-1.792517,-0.429726,3.447834,-2.281044,0.425000,1.035000
4.098129,5.794890,-4.526322,-1.814561,-0.447261,3.414610,-2.262753,0.440000,1.030000
4.148106,5.782221,-4.574895,-1.837465,-0.465528,3.381330,-2.240591,0.455000,1.020000
4.198083,5.768489,-4.622928,-1.861206,-0.485083,3.348049,-2.218429,0.475000,1.015000
4.248061,5.753676,-4.670373,-1.885829,-0.505941,3.314769,-2.197672,0.505000,1.005000
4.298038,5.737588,-4.717672,-1.911638,-0.526306,3.281467,-2.177409,0.525000,0.995000
4.348015,5.720107,-4.764935,-1.938647,-0.545969,3.248135,-2.155179,0.560000,0.990000
4.397992,5.701457,-4.811400,-1.966518,-0.567674,3.214804,-2.132949,0.585000,0.990000
4.447969,5.681636,-4.857001,-1.995328,-0.591486,3.181472,-2.106399,0.625000,0.980000
4.497947,5.660552,-4.901857,-2.025278,-0.616533,3.148209,-2.054242,0.660000,0.970000
4.547924,5.637617,-4.946978,-2.057003,-0.637382,3.115428,-2.032740,0.705000,0.960000
4.597901,5.613451,-4.990964,-2.089566,-0.660684,3.082647,-2.011238,0.745000,0.950000
4.647878,5.588074,-5.033743,-2.123061,-0.686533,3.049865,-1.989736,0.790000,0.940000
4.697855,5.561507,-5.075245,-2.157583,-0.715003,3.017084,-1.879100,0.855000,0.930000
4.747832,5.532623,-5.117004,-2.194456,-0.737708,2.985795,-1.856778,0.925000,0.920000
4.797810,5.502492,-5.157269,-2.232202,-0.764056,2.954552,-1.837247,0.990000,0.920000
4.847787,5.471207,-5.195905,-2.270928,-0.794606,2.923309,-1.817716,1.085000,0.905000
4.897764,5.438827,-5.232829,-2.310794,-0.829648,2.892067,-1.643943,1.140000,0.895000
4.947741,5.403682,-5.269724,-2.352980,-0.825575,2.863517,-1.624907,1.225000,0.880000
4.997718,5.367505,-5.304655,-2.394420,-0.822759,2.835016,-1.608653,1.320000,0.880000
5.047695,5.330473,-5.337583,-2.435177,-0.822575,2.806514,-1.549783,1.400000,0.865000
5.097673,5.292282,-5.368853,-2.475834,-0.823540,2.778779,-1.357649,1.415000,0.850000
5.147650,5.251594,-5.399455,-2.517580,-0.815972,2.754253,-1.345613,1.370000,0.845000
5.197627,5.210393,-5.427865,-2.558199,-0.806947,2.729727,-1.333577,1.310000,0.825000
5.247604,5.168807,-5.454147,-2.597658,-0.797006,2.705201,-1.164702,1.260000,0.810000
5.297581,5.125319,-5.479278,-2.637507,-0.791399,2.683598,-1.060930,1.215000,0.800000
5.347559,5.080660,-5.502764,-2.677332,-0.786579,2.663767,-1.053061,1.165000,0.785000
5.397536,5.035913,-5.524094,-2.716160,-0.779565,2.643935,-0.984101,1.130000,0.770000
5.447513,4.990489,-5.543633,-2.754522,-0.774348,2.625268,-0.807268,1.090000,0.760000
5.497490,4.943240,-5.561821,-2.793778,-0.775436,2.609854,-0.802515,1.065000,0.750000
5.547467,4.896100,-5.577890,-2.832323,-0.771529,2.594441,-0.782442,1.045000,0.745000
5.597444,4.848919,-5.591986,-2.870129,-0.766426,2.579325,-0.619346,1.020000,0.745000
5.647422,4.800070,-5.604558,-2.909498,-0.793284,2.567296,-0.616451,0.995000,0.745000
5.697399,4.751301,-5.615062,-2.949579,-0.812093,2.555268,-0.611548,0.985000,0.750000
5.747376,4.702506,-5.623528,-2.990083,-0.822927,2.543279,-0.561675,0.980000,0.745000
5.797353,4.652978,-5.630040,-3.031836,-0.846818,2.532217,-0.559226,0.970000,0.745000
5.847330,4.603263,-5.634451,-3.074467,-0.859367,2.521156,-0.564407,0.960000,0.750000
5.897308,4.553292,-5.636731,-3.117528,-0.864833,2.509943,-0.768274,0.975000,0.750000
5.947285,4.503960,-5.636814,3.119877,-0.987550,2.494598,-0.763563,0.975000,0.750000
5.997262,4.454135,-5.634459,3.068010,-1.087303,2.479254,-0.758852,1.000000,0.750000
6.047239,4.403708,-5.629307,3.010956,-1.157958,2.463909,2.382624,1.020000,0.750000
6.097216,4.355732,-5.621646,2.956069,-1.095725,2.511773,2.546969,1.050000,0.745000
6.147194,4.307185,-5.611191,2.903488,-1.020847,2.561949,2.597345,1.080000,0.745000
6.197171,4.257892,-5.597894,2.853399,-0.940950,2.612125,3.248381,1.130000,0.740000
6.247148,4.210998,-5.582846,2.809977,-0.803506,2.673553,3.606715,1.175000,0.735000
6.297125,4.164860,-5.565999,2.774199,-0.657185,2.740145,3.695445,1.220000,0.725000
6.347102,4.118013,-5.547132,2.744324,-0.529353,2.806737,3.816482,1.265000,0.715000
6.397080,4.070742,-5.526591,2.719971,-0.419521,2.873890,4.334921,1.320000,0.690000
6.447057,4.026680,-5.506322,2.701523,-0.343031,2.948311,4.445742,1.320000,0.685000
6.497034,3.981997,-5.484848,2.686240,-0.275104,3.022732,4.556562,1.280000,0.665000
6.547011,3.936687,-5.462298,2.673884,-0.214473,3.097153,4.661602,1.230000,0.645000
6.596988,3.891108,-5.438989,2.664313,-0.161532,3.171483,4.725491,1.185000,0.630000
6.646965,3.847788,-5.416386,2.657328,-0.125023,3.245095,4.833913,1.160000,0.610000
6.696943,3.803929,-5.393156,2.651966,-0.091609,3.318706,4.942335,1.115000,0.595000
6.746920,3.759538,-5.369383,2.648141,-0.060798,3.392317,5.050757,1.080000,0.590000
6.796897,3.714624,-5.345151,2.645779,-0.032167,3.465929,4.458064,1.045000,0.590000
6.846874,3.671141,-5.321597,2.644681,-0.013509,3.529627,4.421853,1.025000,0.585000
6.896851,3.627536,-5.297939,2.644420,0.002825,3.591692,4.498930,0.985000,0.580000
6.946828,3.583520,-5.274066,2.644955,0.018428,3.653757,4.576006,0.955000,0.575000
6.996806,3.539122,-5.250039,2.646268,0.033485,3.715822,3.343431,0.905000,0.580000
7.046783,3.494841,-5.226171,2.648294,0.045398,3.760521,1.258859,0.800000,0.575000
7.096760,3.451011,-5.202674,2.650736,0.052781,3.777214,1.264434,0.795000,0.575000
7.146737,3.406924,-5.179188,2.653558,0.060248,3.793907,1.270010,0.820000,0.580000
7.196714,3.362624,-5.155760,2.656768,0.067879,3.810601,1.275586,0.780000,0.575000
7.246692,3.318153,-5.132435,2.660373,0.075750,3.827294,-3.101559,0.745000,0.570000
7.296669,3.273645,-5.109306,2.664404,0.085337,3.786577,-4.269483,0.735000,0.575000
7.346646,3.229079,-5.086389,2.668939,0.095755,3.729800,-4.204982,0.645000,0.555000
7.396623,3.184476,-5.063723,2.674002,0.106735,3.673024,-4.140481,0.565000,0.555000
7.446600,3.139879,-5.041359,2.679615,0.118405,3.616247,-4.079765,0.535000,0.585000
7.496577,3.095153,-5.019259,2.685837,0.132461,3.559418,-4.033538,0.515000,0.590000
7.546555,3.049626,-4.997142,2.693116,0.155438,3.502325,-3.968318,0.510000,0.600000
7.596532,3.004241,-4.975534,2.701541,0.180076,3.445233,-3.903098,0.460000,0.605000
7.646509,2.959042,-4.954511,2.711171,0.206734,3.388141,-3.837878,0.425000,0.615000
7.696486,2.914069,-4.934152,2.722083,0.235814,3.331049,-3.253560,0.415000,0.610000
7.746463,2.867837,-4.913876,2.734642,0.259051,3.281872,-2.946623,0.410000,0.615000
7.796441,2.821164,-4.894131,2.748292,0.280057,3.236689,-2.905774,0.420000,0.625000
7.846418,2.774859,-4.875307,2.762860,0.303279,3.191506,-2.864926,0.450000,0.640000
7.896395,2.728952,-4.857446,2.778421,0.329004,3.146323,-2.624623,0.445000,0.640000
7.946372,2.682253,-4.840147,2.795461,0.352205,3.104353,-2.270443,0.430000,0.650000
7.996349,2.634086,-4.823271,2.813857,0.369058,3.067583,-2.243390,0.410000,0.660000
8.046326,2.586499,-4.807589,2.832815,0.388115,3.030813,-2.216338,0.385000,0.670000
8.096304,2.539535,-4.793109,2.852406,0.409677,2.994043,-2.058865,0.375000,0.685000
8.146281,2.491714,-4.779420,2.873354,0.430470,2.959477,-1.826822,0.365000,0.695000
8.196258,2.442238,-4.766413,2.895812,0.447987,2.928464,-1.807577,0.365000,0.710000
8.246235,2.393667,-4.754812,2.918673,0.468168,2.897452,-1.788333,0.375000,0.710000
8.296212,2.346060,-4.744599,2.942020,0.491476,2.866440,-1.538084,0.375000,0.740000
8.346190,2.296181,-4.735166,2.967524,0.511356,2.839496,-1.426786,0.385000,0.770000
8.396167,2.246159,-4.727044,2.993890,0.529389,2.814271,-1.414055,0.380000,0.810000
8.446144,2.197442,-4.720450,3.020373,0.548202,2.789047,-1.264205,0.375000,0.840000
8.496121,2.148278,-4.715145,3.048025,0.573148,2.766301,-1.015103,0.370000,0.875000
8.546098,2.097492,-4.711140,3.078041,0.604555,2.747900,-1.008328,0.350000,0.905000
8.596075,2.048164,-4.708751,3.108558,0.630326,2.729500,-0.866827,0.335000,0.930000
8.646053,1.998892,-4.707897,3.140189,0.657117,2.713582,-0.601176,0.335000,0.940000
8.696030,1.948427,-4.708678,-3.109000,0.687482,2.702487,-0.598713,0.345000,0.950000
8.746007,1.899002,-4.711139,-3.074573,0.700808,2.691392,-0.508754,0.350000,0.945000
8.795984,1.849786,-4.715309,-3.038874,0.780262,2.681929,-0.431623,0.350000,0.945000
8.845961,1.800458,-4.721416,-2.996948,0.899222,2.673873,-0.430324,0.345000,0.945000
8.895939,1.750974,-4.729804,-2.949854,0.967816,2.665818,2.167090,0.340000,0.930000
8.945916,1.703515,-4.740190,-2.902303,0.981442,2.706140,2.908305,0.330000,0.905000
8.995893,1.655777,-4.753063,-2.854372,0.950704,2.759328,2.964910,0.325000,0.870000
9.045870,1.606671,-4.768860,-2.806911,0.884853,2.812516,3.443594,0.310000,0.850000
9.095847,1.561494,-4.785609,-2.767410,0.747361,2.873056,3.596185,0.310000,0.825000
9.145824,1.515971,-4.804401,-2.733755,0.624223,2.934945,3.672826,0.290000,0.800000
9.195802,1.469134,-4.825483,-2.704394,0.522968,2.996835,3.833226,0.305000,0.760000
9.245779,1.423702,-4.847412,-2.680140,0.438810,3.060093,4.012729,0.305000,0.760000
9.295756,1.380369,-4.869507,-2.660562,0.368728,3.124941,4.096874,0.295000,0.760000
9.345733,1.336161,-4.893073,-2.643601,0.310385,3.189790,4.181018,0.285000,0.745000
9.395710,1.291149,-4.917987,-2.628937,0.261271,3.254638,4.331486,0.285000,0.735000
9.445688,1.247852,-4.942709,-2.616997,0.217056,3.320485,4.459304,0.285000,0.720000
9.495665,1.205443,-4.967534,-2.607345,0.176656,3.386938,4.547664,0.285000,0.720000
9.545642,1.162480,-4.993192,-2.599429,0.140467,3.453390,4.636024,0.265000,0.705000
9.595619,1.118985,-5.019587,-2.593130,0.107748,3.519843,4.639393,0.285000,0.710000
9.645596,1.076054,-5.045963,-2.588446,0.078752,3.585112,4.607040,0.295000,0.715000
9.695574,1.034138,-5.071944,-2.585204,0.053106,3.648769,4.688124,0.305000,0.700000
9.745551,0.991817,-5.098330,-2.583161,0.029119,3.712427,4.769207,0.320000,0.695000
9.795528,0.949118,-5.125039,-2.582271,0.006424,3.776085,4.850291,0.325000,0.680000
9.845505,0.906066,-5.151988,-2.582501,-0.015304,3.839743,-2.351167,0.330000,0.675000
9.895482,0.864006,-5.178275,-2.583647,-0.030671,3.809018,-2.551841,0.355000,0.695000
9.945460,0.821708,-5.204621,-2.585548,-0.045568,3.775387,-2.529210,0.380000,0.705000
9.995437,0.779157,-5.230989,-2.588199,-0.060329,3.741757,-2.506580,0.385000,0.695000
10.045414,0.736382,-5.257319,-2.591600,-0.075102,3.708126,-3.257395,0.410000,0.690000
10.095391,0.693533,-5.283471,-2.595761,-0.092001,3.663961,-4.497661,0.440000,0.695000
10.145368,0.650718,-5.309331,-2.600874,-0.112480,3.602090,-4.421065,0.460000,0.690000
10.195345,0.607750,-5.334956,-2.607022,-0.133387,3.540218,-4.344469,0.480000,0.660000
10.245323,0.564643,-5.360274,-2.614225,-0.154899,3.478347,-4.267872,0.510000,0.675000
10.295300,0.521417,-5.385214,-2.622508,-0.177199,3.416475,-4.212912,0.560000,0.665000
10.345277,0.477654,-5.409949,-2.631972,-0.199152,3.354281,-4.142971,0.600000,0.655000
10.395254,0.433656,-5.434239,-2.642546,-0.221820,3.291975,-4.065292,0.635000,0.645000
10.445231,0.389594,-5.457929,-2.654237,-0.245864,3.229668,-3.987614,0.675000,0.640000
10.495209,0.345491,-5.480947,-2.667098,-0.271494,3.167361,-3.930176,0.715000,0.635000
10.545186,0.301124,-5.503346,-2.681253,-0.295420,3.104728,-3.949255,0.765000,0.620000
10.595163,0.255563,-5.525511,-2.696422,-0.303562,3.040492,-3.866692,0.805000,0.620000
10.645140,0.210049,-5.546798,-2.711904,-0.312910,2.976256,-3.784128,0.865000,0.615000
10.695117,0.164621,-5.567183,-2.727744,-0.323567,2.912019,-3.701565,0.890000,0.610000
10.745094,0.119322,-5.586645,-2.743988,-0.335654,2.847783,-3.233115,0.940000,0.615000
10.795072,0.072548,-5.605816,-2.761397,-0.354627,2.790467,-3.036245,1.020000,0.610000
10.845049,0.025430,-5.624148,-2.779897,-0.377669,2.735547,-2.975894,1.145000,0.615000
10.895026,-0.021420,-5.641359,-2.799374,-0.403260,2.680628,-2.915544,1.135000,0.630000
10.945003,-0.067962,-5.657408,-2.819913,-0.431685,2.625708,-2.720801,1.100000,0.645000
10.994980,-0.115740,-5.672745,-2.842292,-0.457916,2.573400,-2.546253,1.090000,0.655000
11.044958,-0.164514,-5.687164,-2.866198,-0.482823,2.523466,-2.496361,1.065000,0.665000
11.094935,-0.212758,-5.700158,-2.891025,-0.511756,2.473531,-2.446469,1.045000,0.620000
11.144912,-0.260399,-5.711704,-2.916911,-0.545301,2.423597,-2.338121,1.025000,0.630000
11.194889,-0.309647,-5.722234,-2.945211,-0.574991,2.374893,-2.246608,1.020000,0.625000
11.244866,-0.359781,-5.731435,-2.975209,-0.603087,2.327135,-2.200972,1.015000,0.645000
11.294843,-0.408902,-5.738916,-3.005998,-0.637459,2.279377,-2.155335,1.005000,0.635000
11.344821,-0.456899,-5.744697,-3.037792,-0.679389,2.231620,-2.101879,1.005000,0.650000
11.394798,-0.508423,-5.749139,-3.073597,-0.703927,2.184041,-2.055944,1.005000,0.685000
11.444775,-0.558727,-5.751659,-3.109697,-0.730355,2.136477,-2.010676,1.000000,0.725000
11.494752,-0.607304,-5.752335,3.137268,-0.761811,2.088913,-1.965896,1.000000,0.745000
11.544729,-0.658047,-5.751114,3.097282,-0.821607,2.041337,-1.920866,1.010000,0.755000
11.594706,-0.708609,-5.747782,3.053579,-0.906478,2.000000,-1.875563,1.040000,0.765000
11.644684,-0.756628,-5.742445,3.007399,-1.009178,2.000000,-1.507188,1.050000,0.760000
11.694661,-0.806496,-5.734388,2.955510,-1.010207,2.000000,-1.376585,1.075000,0.770000
11.744638,-0.855172,-5.723991,2.907824,-0.888727,2.000000,-2.294740,1.100000,0.780000
11.794615,-0.902533,-5.711694,2.868033,-0.896764,2.000000,-5.527948,1.135000,0.790000
11.844592,-0.950204,-5.696810,2.803187,-1.698680,2.000000,-5.016715,1.170000,0.785000
11.894570,-0.996386,-5.677981,2.699662,-2.424862,2.000000,2.924392,1.265000,0.775000
11.944547,-1.039010,-5.654662,2.587588,-1.912288,2.000000,5.875265,1.360000,0.770000
11.994524,-1.080210,-5.626813,2.513704,-1.081757,2.000000,4.779035,1.475000,0.775000
12.044501,-1.120938,-5.595893,2.476050,-0.545465,2.000000,-3.359755,1.555000,0.775000
12.094478,-1.158411,-5.565522,2.442701,-0.824532,2.000000,-3.193990,1.530000,0.765000
12.144455,-1.196235,-5.532236,2.395332,-1.044858,2.000000,-1.637261,1.435000,0.770000
12.194433,-1.232822,-5.496439,2.337800,-1.139742,2.000000,3.312448,1.290000,0.770000
12.244410,-1.265448,-5.460761,2.286482,-0.989047,2.000000,3.500391,1.190000,0.765000
12.294387,-1.297421,-5.422178,2.240113,-0.866407,2.000000,3.688335,1.100000,0.765000
12.344364,-1.328677,-5.380873,2.197917,-0.766711,2.000000,4.435747,1.040000,0.765000
12.394341,-1.356523,-5.340958,2.162552,-0.688396,2.060952,4.748448,0.985000,0.755000
12.444319,-1.383412,-5.299494,2.130254,-0.620481,2.173051,4.999887,0.930000,0.760000
12.494296,-1.409653,-5.256136,2.100350,-0.561135,2.285150,4.979979,0.885000,0.765000
12.544273,-1.434822,-5.211734,2.073021,-0.514970,2.391586,4.128467,0.840000,0.775000
12.594250,-1.457768,-5.168698,2.048393,-0.495667,2.476356,4.272254,0.805000,0.775000
12.644227,-1.480087,-5.124257,2.024150,-0.479880,2.561127,4.416040,0.760000,0.790000
12.694205,-1.501716,-5.078469,2.000183,-0.467144,2.645897,4.388569,0.715000,0.795000
12.744182,-1.522348,-5.031969,1.976698,-0.454035,2.727532,3.794078,0.695000,0.810000
12.794159,-1.541213,-4.986715,1.955013,-0.431006,2.796187,3.888393,0.660000,0.815000
12.844136,-1.559359,-4.940436,1.934107,-0.410593,2.864843,3.982708,0.635000,0.825000
12.894113,-1.576774,-4.893186,1.913895,-0.392536,2.933499,4.077023,0.590000,0.840000
12.944090,-1.593446,-4.845023,1.894304,-0.376607,3.002154,3.626568,0.580000,0.850000
12.994068,-1.608694,-4.798128,1.876198,-0.357581,3.061931,3.647342,0.550000,0.860000
13.044045,-1.623196,-4.750690,1.858909,-0.339763,3.120896,3.716910,0.520000,0.870000
13.094022,-1.637023,-4.702560,1.842309,-0.323475,3.179860,3.786478,0.505000,0.880000
13.143999,-1.650180,-4.653782,1.826348,-0.308594,3.238825,3.684426,0.490000,0.890000
13.193976,-1.662493,-4.605141,1.811221,-0.293787,3.295187,3.513661,0.465000,0.905000
13.243954,-1.673941,-4.556958,1.797055,-0.278460,3.348054,3.569584,0.450000,0.920000
13.293931,-1.684796,-4.508287,1.783531,-0.264146,3.400921,3.625508,0.425000,0.930000
13.343908,-1.695072,-4.459165,1.770614,-0.250772,3.453787,3.681431,0.415000,0.925000
13.393885,-1.704785,-4.409626,1.758274,-0.238269,3.506654,3.508634,0.415000,0.945000
13.443862,-1.713780,-4.360650,1.746710,-0.226197,3.556308,3.490633,0.385000,0.950000
13.493839,-1.722217,-4.311613,1.735744,-0.214693,3.605028,3.538129,0.395000,0.960000
13.543817,-1.730163,-4.262274,1.725289,-0.203810,3.653749,3.585624,0.365000,0.965000
13.593794,-1.737634,-4.212664,1.715325,-0.193501,3.702469,3.631435,0.360000,0.970000
13.643771,-1.744645,-4.162817,1.705833,-0.183726,3.751168,3.447135,0.340000,0.965000
13.693748,-1.751124,-4.113468,1.696914,-0.174735,3.796816,3.488830,0.315000,0.980000
13.743725,-1.757188,-4.063939,1.688411,-0.166146,3.842465,3.530525,0.295000,0.985000
13.793703,-1.762853,-4.014256,1.680310,-0.157930,3.888114,3.572220,0.310000,1.000000
13.843680,-1.768134,-3.964445,1.672598,-0.150056,3.933763,3.581613,0.335000,1.005000
13.893657,-1.773043,-3.914569,1.665268,-0.142567,3.979006,3.463906,0.340000,1.010000
13.943634,-1.777583,-3.864797,1.658315,-0.135715,4.022278,3.501372,0.315000,1.005000
13.993611,-1.781787,-3.814976,1.651695,-0.129123,4.065550,3.538839,0.300000,1.010000
14.043589,-1.785669,-3.765131,1.645399,-0.122769,4.108822,3.576305,0.320000,0.970000
14.093566,-1.789243,-3.715289,1.639419,-0.116628,4.152094,3.568383,0.335000,0.995000
14.143543,-1.792529,-3.665383,1.633736,-0.110576,4.194826,3.504268,0.320000,0.995000
14.193520,-1.795547,-3.615330,1.628346,-0.104437,4.236370,3.538802,0.305000,1.010000
14.243497,-1.798298,-3.565349,1.623269,-0.098396,4.277914,3.573336,0.335000,1.020000
14.293474,-1.800798,-3.515462,1.618504,-0.092437,4.319458,3.607870,0.310000,1.025000
14.343452,-1.803062,-3.465689,1.614045,-0.086540,4.361002,3.601345,0.320000,1.025000
14.393429,-1.805120,-3.415664,1.609854,-0.081147,4.402080,3.590804,0.320000,1.030000
14.443406,-1.806984,-3.365392,1.605893,-0.076347,4.442660,3.623754,0.315000,1.030000
14.493383,-1.808648,-3.315321,1.602186,-0.071651,4.483239,3.656703,0.325000,1.030000
14.543360,-1.810126,-3.265486,1.598729,-0.067033,4.523819,3.689652,0.310000,1.035000
14.593338,-1.811430,-3.215922,1.595519,-0.062466,4.564399,3.726855,0.320000,1.045000
14.643315,-1.812598,-3.165643,1.592596,-0.052232,4.605025,3.761465,0.320000,1.035000
14.693292,-1.813634,-3.115318,1.590285,-0.039522,4.645668,3.794517,0.320000,1.045000
14.743269,-1.814564,-3.065324,1.588635,-0.026371,4.686310,3.827569,0.320000,1.045000
14.793246,-1.815423,-3.015660,1.587661,-0.012768,4.726953,3.004918,0.325000,1.060000
14.843223,-1.816248,-2.966175,1.587371,-0.000474,4.758618,-4.021674,0.315000,1.060000
14.893201,-1.817082,-2.915776,1.587293,-0.002639,4.716191,-3.985657,0.315000,1.060000
14.943178,-1.817904,-2.865674,1.587105,-0.004860,4.673764,-3.949640,0.315000,1.060000
14.993155,-1.818710,-2.815825,1.586807,-0.007119,4.631338,-3.913623,0.315000,1.060000
15.043132,-1.819495,-2.766185,1.586397,-0.009400,4.588911,-4.154261,0.315000,1.060000
15.093109,-1.820262,-2.716208,1.585781,-0.017462,4.543443,-4.285363,0.320000,1.065000
15.143087,-1.820986,-2.666065,1.584609,-0.029310,4.496057,-4.240435,0.320000,1.065000
15.193064,-1.821635,-2.616076,1.582844,-0.041345,4.448672,-4.195506,0.320000,1.045000
15.243041,-1.822179,-2.566241,1.580479,-0.053573,4.401286,-4.165564,0.330000,1.025000
15.293018,-1.822590,-2.516428,1.577503,-0.065596,4.353729,-4.182630,0.320000,1.055000
15.342995,-1.822839,-2.466208,1.573946,-0.076116,4.305448,-4.135988,0.320000,1.065000
15.392973,-1.822897,-2.416150,1.569869,-0.086812,4.257167,-4.089346,0.320000,1.075000
15.442950,-1.822739,-2.366257,1.565267,-0.097686,4.208886,-4.042704,0.320000,1.085000
15.492927,-1.822338,-2.316529,1.560135,-0.108741,4.160605,-4.061961,0.320000,1.085000
15.542904,-1.821662,-2.266371,1.554414,-0.119246,4.111524,-4.026874,0.320000,1.075000
15.592881,-1.820687,-2.216265,1.548175,-0.129782,4.062281,-3.978354,0.320000,1.075000
15.642858,-1.819391,-2.166336,1.541426,-0.140496,4.013038,-3.929834,0.335000,1.070000
15.692836,-1.817751,-2.116586,1.534163,-0.151386,3.963794,-3.925919,0.315000,1.070000
15.742813,-1.815726,-2.066631,1.526286,-0.164763,3.913982,-3.914548,0.325000,1.070000
15.792790,-1.813280,-2.016529,1.517631,-0.180399,3.863674,-3.863908,0.330000,1.045000
15.842767,-1.810392,-1.966623,1.508216,-0.196300,3.813366,-3.813267,0.335000,1.035000
15.892744,-1.807027,-1.916916,1.498035,-0.212454,3.763059,-3.422757,0.335000,1.030000
15.942721,-1.803131,-1.867203,1.487026,-0.229729,3.717323,-2.593625,0.340000,1.030000
15.992699,-1.798635,-1.817208,1.475002,-0.249396,3.682288,-2.569065,0.335000,0.985000
16.042676,-1.793531,-1.767443,1.462026,-0.269436,3.647253,-2.544505,0.350000,1.000000
16.092653,-1.787778,-1.717922,1.448087,-0.289827,3.612218,-2.455189,0.345000,1.010000
16.142630,-1.781322,-1.668572,1.433149,-0.310046,3.578088,-1.977833,0.365000,1.015000
16.192607,-1.774040,-1.618907,1.417160,-0.327030,3.550355,-1.962443,0.375000,1.010000
16.242585,-1.765972,-1.569525,1.400370,-0.344129,3.522622,-1.947054,0.370000,1.015000
16.292562,-1.757082,-1.520438,1.382775,-0.361279,3.494889,-1.929667,0.380000,1.005000
16.342539,-1.747337,-1.471651,1.364375,-0.378405,3.467185,-1.478428,0.395000,1.010000
16.392516,-1.736574,-1.422616,1.344925,-0.396574,3.445809,-1.469285,0.395000,1.005000
16.442493,-1.724871,-1.373941,1.324600,-0.415532,3.424432,-1.460141,0.410000,0.985000
16.492470,-1.712198,-1.325667,1.303371,-0.435267,3.403056,-1.450998,0.425000,0.980000
16.542448,-1.698525,-1.277832,1.281210,-0.455751,3.381679,-1.045016,0.450000,0.970000
16.592425,-1.683615,-1.229818,1.258169,-0.459890,3.366200,-1.011899,0.460000,0.965000
16.642402,-1.667648,-1.182303,1.235013,-0.464258,3.351143,-1.007362,0.480000,0.945000
16.692379,-1.650661,-1.135391,1.211709,-0.470160,3.336086,-1.002826,0.495000,0.930000
16.742356,-1.632677,-1.089136,1.188196,-0.477666,3.321029,-0.579143,0.505000,0.920000
16.792334,-1.613311,-1.042640,1.164066,-0.479987,3.312302,-0.542262,0.530000,0.900000
16.842311,-1.592920,-0.996829,1.139947,-0.482042,3.304110,-0.540919,0.570000,0.885000
16.892288,-1.571565,-0.951804,1.115868,-0.484388,3.295918,-0.539437,0.590000,0.875000
16.942265,-1.549273,-0.907585,1.091815,-0.487060,3.287728,-0.030242,0.635000,0.860000
16.992242,-1.525475,-0.863105,1.067213,-0.488369,3.287268,-0.030238,0.670000,0.840000
17.042220,-1.500755,-0.819511,1.042698,-0.490053,3.286808,-0.030234,0.685000,0.835000
17.092197,-1.475147,-0.776821,1.018251,-0.492158,3.286349,0.064832,0.735000,0.810000
17.142174,-1.448561,-0.734864,0.993746,-0.493874,3.287335,0.513765,0.780000,0.790000
17.192151,-1.420548,-0.692977,0.968913,-0.491690,3.295136,0.514983,0.815000,0.765000
17.242128,-1.391711,-0.652082,0.944365,-0.489441,3.302937,0.516201,0.875000,0.750000
17.292105,-1.362092,-0.612182,0.920099,-0.487184,3.310739,0.743203,0.915000,0.735000
17.342083,-1.331377,-0.572837,0.895835,-0.485070,3.321939,1.025493,0.975000,0.710000
17.392060,-1.299494,-0.533981,0.871510,-0.482743,3.337331,1.030234,1.035000,0.695000
17.442037,-1.266901,-0.496162,0.847476,-0.479971,3.352724,1.034975,1.125000,0.650000
17.492014,-1.233631,-0.459372,0.823744,-0.476801,3.368116,1.586082,1.195000,0.635000
17.541991,-1.199113,-0.422980,0.799938,-0.472029,3.391570,1.723240,1.260000,0.630000
17.591969,-1.163804,-0.387474,0.776458,-0.465480,3.416868,1.736047,1.275000,0.635000
17.641946,-1.127854,-0.352967,0.753457,-0.457391,3.442167,1.781086,1.270000,0.630000
17.691923,-1.091163,-0.319320,0.730896,-0.451335,3.467931,1.888470,1.230000,0.635000
17.741900,-1.053510,-0.286324,0.708230,-0.453872,3.495040,1.903175,1.185000,0.650000
17.791877,-1.015204,-0.254263,0.685527,-0.454836,3.522149,1.917880,1.145000,0.670000
17.841854,-0.976228,-0.223119,0.662843,-0.454211,3.549258,2.034498,1.110000,0.685000
17.891832,-0.936592,-0.192889,0.640321,-0.448072,3.577791,2.086590,1.080000,0.710000
17.941809,-0.896256,-0.163528,0.618197,-0.438440,3.606820,2.103452,1.040000,0.735000
17.991786,-0.855188,-0.134989,0.596554,-0.426760,3.635850,2.146785,1.010000,0.745000
18.041763,-0.813520,-0.107331,0.575538,-0.413775,3.665240,2.256743,0.975000,0.780000
18.091740,-0.771630,-0.080753,0.555322,-0.400956,3.695884,2.275532,0.935000,0.815000
18.141717,-0.728951,-0.054854,0.535658,-0.386583,3.726527,2.294321,0.905000,0.835000
18.191695,-0.685454,-0.029597,0.516603,-0.370892,3.757171,2.368653,0.875000,0.855000
18.241672,-0.642000,-0.005434,0.498451,-0.361782,3.788547,2.419047,0.840000,0.885000
18.291649,-0.598206,0.017899,0.480636,-0.356140,3.820325,2.439253,0.805000,0.900000
18.341626,-0.553570,0.040671,0.462945,-0.349865,3.852103,2.459459,0.775000,0.930000
18.391603,-0.508073,0.062882,0.445403,-0.343014,3.883881,2.524452,0.755000,0.950000
18.441581,-0.463401,0.083748,0.428615,-0.338051,3.916231,2.547549,0.735000,0.975000
18.491558,-0.417996,0.104039,0.411921,-0.333315,3.948607,2.568523,0.695000,0.990000
18.541535,-0.371780,0.123774,0.395288,-0.328694,3.980984,2.589909,0.660000,1.005000
18.591512,-0.324969,0.142853,0.378787,-0.324084,4.013366,2.614026,0.640000,1.030000
18.641489,-0.279000,0.160727,0.362928,-0.319054,4.045787,2.635058,0.610000,1.040000
18.691467,-0.232304,0.178038,0.347155,-0.314448,4.078208,2.656090,0.585000,1.055000
18.741444,-0.184896,0.194770,0.331454,-0.310236,4.110628,2.671775,0.570000,1.065000
18.791421,-0.137004,0.210836,0.315882,-0.306042,4.142984,2.655157,0.540000,1.075000
18.841398,-0.089939,0.225828,0.300919,-0.299918,4.174891,2.675527,0.510000,1.075000
18.891375,-0.042261,0.240237,0.286121,-0.294360,4.206798,2.695896,0.490000,1.095000
18.941353,0.006007,0.254053,0.271471,-0.289331,4.238704,2.716266,0.475000,1.105000
18.991330,0.054844,0.267264,0.256950,-0.284802,4.270611,2.652000,0.470000,1.105000
19.041307,0.102764,0.279498,0.243028,-0.278239,4.301534,2.670253,0.455000,1.115000
19.091284,0.151160,0.291144,0.229331,-0.272186,4.332447,2.689374,0.445000,1.125000
19.141261,0.200025,0.302203,0.215835,-0.266642,4.363360,2.708495,0.425000,1.130000
19.191238,0.249337,0.312670,0.202523,-0.261579,4.394273,2.642631,0.430000,1.140000
19.241216,0.298192,0.322373,0.189636,-0.255564,4.424226,2.628487,0.405000,1.135000
19.291193,0.347102,0.331441,0.177076,-0.249476,4.453819,2.646010,0.395000,1.140000
19.341170,0.396372,0.339944,0.164746,-0.243824,4.483413,2.663533,0.390000,1.150000
19.391147,0.445979,0.347882,0.152630,-0.238589,4.513006,2.634109,0.370000,1.145000
19.441124,0.495566,0.355208,0.140797,-0.233329,4.542082,2.566628,0.370000,1.150000
19.491101,0.544839,0.361903,0.129336,-0.227689,4.570236,2.582488,0.345000,1.145000
19.541079,0.594376,0.368062,0.118104,-0.222397,4.598390,2.598348,0.335000,1.150000
19.591056,0.644159,0.373690,0.107087,-0.217441,4.626543,2.614208,0.320000,1.125000
19.641033,0.694167,0.378792,0.096275,-0.212807,4.654697,2.517693,0.325000,1.115000
19.691010,0.743761,0.383318,0.085818,-0.207055,4.681651,2.520656,0.330000,1.150000
19.740987,0.793475,0.387339,0.075632,-0.201438,4.708483,2.535061,0.335000,1.145000
19.790965,0.843355,0.390868,0.065694,-0.196093,4.735314,2.549466,0.350000,1.155000
19.840942,0.893385,0.393915,0.055994,-0.191008,4.762146,2.527629,0.330000,1.160000
19.890919,0.943371,0.396479,0.046550,-0.186744,4.788599,2.485548,0.325000,1.170000
19.940896,0.993202,0.398569,0.037316,-0.183572,4.814470,2.498941,0.335000,1.170000
19.990873,1.043133,0.400205,0.028220,-0.180594,4.840341,2.512333,0.320000,1.175000
20.040851,1.093147,0.401392,0.019256,-0.177803,4.866212,2.525725,0.320000,1.175000
20.090828,1.143231,0.402135,0.010416,-0.175195,4.892083,2.509594,0.320000,1.175000
20.140805,1.193181,0.402440,0.001882,-0.165325,4.917654,2.517035,0.330000,1.185000
20.190782,1.243137,0.402332,-0.006099,-0.154217,4.943168,2.530060,0.330000,1.175000
20.240759,1.293122,0.401839,-0.013533,-0.143272,4.968682,2.543085,0.330000,1.175000
20.290736,1.343122,0.400988,-0.020428,-0.132476,4.994196,1.125909,0.340000,1.175000
20.340714,1.393120,0.399805,-0.026799,-0.123795,5.005450,-2.801150,0.335000,1.185000
20.390691,1.443094,0.398312,-0.032910,-0.120670,4.977403,-2.785410,0.335000,1.180000
20.440668,1.493051,0.396518,-0.038865,-0.117617,4.949357,-2.769671,0.345000,1.180000
20.490645,1.542983,0.394431,-0.044668,-0.114631,4.921310,-2.753931,0.360000,1.180000
20.540622,1.592881,0.392058,-0.050322,-0.111710,4.893263,-0.847584,0.345000,1.175000
20.590599,1.642850,0.389402,-0.055923,-0.113677,4.884599,0.003494,0.355000,1.175000
20.640577,1.692814,0.386460,-0.061719,-0.117949,4.884634,0.003494,0.355000,1.170000
20.690554,1.742704,0.383228,-0.067726,-0.122384,4.884670,0.003494,0.360000,1.160000
20.740531,1.792503,0.379695,-0.073950,-0.126993,4.884706,0.004519,0.375000,1.115000
20.790508,1.842246,0.375850,-0.080401,-0.130601,4.884752,0.011420,0.370000,1.140000
20.840485,1.892200,0.371662,-0.086840,-0.126271,4.884869,0.011420,0.380000,1.140000
20.890463,1.942033,0.367167,-0.093048,-0.121883,4.884986,0.011420,0.385000,1.145000
20.940440,1.991745,0.362377,-0.099025,-0.117441,4.885103,0.011421,0.380000,1.140000
20.990417,2.041336,0.357305,-0.104767,-0.112947,4.885219,-0.020872,0.395000,1.135000
21.040394,2.090986,0.351944,-0.110353,-0.112262,4.885006,-0.042110,0.405000,1.130000
21.090371,2.140652,0.346299,-0.116005,-0.113866,4.884575,-0.042106,0.400000,1.115000
21.140349,2.190251,0.340376,-0.121727,-0.115161,4.884144,-0.042102,0.415000,1.120000
21.190326,2.239816,0.334167,-0.127505,-0.116138,4.883713,-0.048195,0.420000,1.105000
21.240303,2.289358,0.327669,-0.133328,-0.117555,4.883220,-0.100852,0.430000,1.110000
21.290280,2.338758,0.320893,-0.139385,-0.125403,4.882188,-0.100831,0.435000,1.105000
21.340257,2.388181,0.313798,-0.145841,-0.133184,4.881156,-0.100810,0.435000,1.100000
21.390234,2.437625,0.306364,-0.152694,-0.140894,4.880123,-0.100789,0.450000,1.090000
21.440212,2.487087,0.298570,-0.159940,-0.148527,4.879091,-0.125250,0.450000,1.085000
21.490189,2.536401,0.290424,-0.167539,-0.155193,4.877808,-0.142407,0.460000,1.090000
21.540166,2.585603,0.281904,-0.175442,-0.161361,4.876349,-0.142364,0.480000,1.080000
21.590143,2.634782,0.272979,-0.183665,-0.167717,4.874889,-0.142322,0.480000,1.075000
21.640120,2.683917,0.263635,-0.192217,-0.174273,4.873430,-0.143146,0.500000,1.065000
21.690098,2.732985,0.253861,-0.201105,-0.180980,4.871962,-0.161066,0.510000,1.060000
21.740075,2.781935,0.243648,-0.210293,-0.186570,4.870309,-0.161012,0.530000,1.050000
21.790052,2.830781,0.232982,-0.219765,-0.192332,4.868657,-0.160957,0.520000,1.040000
21.840029,2.879505,0.221849,-0.229525,-0.198271,4.867004,-0.160902,0.545000,1.020000
21.890006,2.928089,0.210241,-0.239581,-0.204394,4.865352,-0.159333,0.560000,1.010000
21.939984,2.976620,0.198121,-0.249953,-0.209984,4.863715,-0.157775,0.570000,0.960000
21.989961,3.025074,0.185477,-0.260597,-0.215159,4.862093,-0.157722,0.585000,0.990000
22.039938,3.073325,0.172329,-0.271494,-0.220682,4.860472,-0.157670,0.615000,0.985000
22.089915,3.121349,0.158673,-0.282657,-0.226566,4.858850,-0.157617,0.620000,0.980000
22.139892,3.169120,0.144503,-0.294101,-0.232826,4.857229,-0.138116,0.635000,0.970000
22.189869,3.217113,0.129658,-0.305907,-0.237235,4.855808,-0.137605,0.665000,0.955000
22.239847,3.264807,0.114281,-0.317915,-0.242066,4.854391,-0.137565,0.670000,0.945000
22.289824,3.312161,0.098378,-0.330138,-0.247394,4.852975,-0.137525,0.700000,0.920000
22.339801,3.359147,0.081950,-0.342595,-0.253242,4.851558,-0.122535,0.700000,0.905000
22.389778,3.406185,0.064834,-0.355410,-0.258087,4.850296,-0.107523,0.745000,0.895000
22.439755,3.453232,0.047022,-0.368490,-0.262019,4.849188,-0.107498,0.755000,0.890000
22.489732,3.499803,0.028685,-0.381717,-0.266646,4.848080,-0.107473,0.790000,0.865000
22.539710,3.545864,0.009838,-0.395117,-0.272005,4.846972,-0.103997,0.815000,0.860000
22.589687,3.591531,-0.009573,-0.408762,-0.277642,4.845899,-0.075239,0.830000,0.840000
22.639664,3.637830,-0.030016,-0.422869,-0.279956,4.845123,-0.075227,0.860000,0.845000
22.689641,3.683480,-0.050948,-0.437005,-0.283152,4.844347,-0.075215,0.885000,0.830000
22.739618,3.728445,-0.072342,-0.451203,-0.287288,4.843571,-0.075203,0.905000,0.800000
22.789596,3.772687,-0.094169,-0.465499,-0.292435,4.842795,-0.052736,0.925000,0.770000
22.839573,3.817802,-0.117253,-0.480359,-0.293342,4.842251,-0.048606,0.960000,0.750000
22.889550,3.862357,-0.140890,-0.495173,-0.294252,4.841749,-0.048601,0.980000,0.730000
22.939527,3.906008,-0.164879,-0.509873,-0.296204,4.841247,-0.048596,1.015000,0.705000
22.989504,3.948721,-0.189175,-0.524500,-0.299289,4.840746,-0.038338,1.040000,0.695000
23.039482,3.992435,-0.214911,-0.539675,-0.297829,4.840350,-0.035191,1.090000,0.685000
23.089459,4.035638,-0.241232,-0.554677,-0.295350,4.839987,-0.035189,1.100000,0.680000
23.139436,4.077683,-0.267709,-0.569305,-0.293601,4.839623,-0.035186,1.165000,0.680000
23.189413,4.118543,-0.294272,-0.583587,-0.292643,4.839260,-0.041615,1.195000,0.690000
23.239390,4.161173,-0.322881,-0.598462,-0.286318,4.838830,-0.042123,1.245000,0.690000
23.289367,4.202628,-0.351585,-0.612719,-0.279073,4.838395,-0.042119,1.290000,0.705000
23.339345,4.242665,-0.380139,-0.626254,-0.271244,4.837960,-0.055100,1.330000,0.705000
23.389322,4.282724,-0.409526,-0.639513,-0.262235,4.837391,-0.076303,1.385000,0.715000
23.439299,4.323536,-0.440302,-0.652628,-0.250364,4.836602,-0.076291,1.430000,0.730000
23.489276,4.362724,-0.470636,-0.664680,-0.235445,4.835814,-0.086907,1.475000,0.735000
23.539253,4.400954,-0.500941,-0.675733,-0.218293,4.834916,-0.144871,1.530000,0.740000
23.589230,4.440816,-0.533256,-0.686581,-0.203465,4.833418,-0.144826,1.595000,0.745000
23.639208,4.479028,-0.564888,-0.696186,-0.182591,4.831920,-0.165834,1.650000,0.750000
23.689185,4.516536,-0.596510,-0.704519,-0.159673,4.830205,-0.232770,1.690000,0.755000
23.739162,4.555075,-0.629533,-0.712271,-0.144739,4.827795,-0.232654,1.745000,0.770000
23.789139,4.592348,-0.661940,-0.718927,-0.123678,4.825386,-0.101510,1.785000,0.765000
23.839116,4.629511,-0.694658,-0.724872,-0.129943,4.824335,0.000000,1.840000,0.770000
23.889094,4.666707,-0.727833,-0.732019,-0.155578,4.824335,-0.816302,1.910000,0.770000
23.939071,4.703740,-0.761381,-0.740245,-0.171882,4.815871,-0.387584,1.930000,0.775000
