grp_p_anonymous_namespace_unpack_input_lane_words_fu_440.grp_p_anonymous_namespace_unpack_input_lane_words_Pipeline_VITIS_LOOP_216_1_fu_83,VITIS_LOOP_216_1,upc_loop_status1.csv
grp_p_anonymous_namespace_fill_mpc_reference_trajectory_from_lane_words_fu_463,VITIS_LOOP_187_1,upc_loop_status2.csv
grp_p_anonymous_namespace_mpc_fpga_compute_core_fu_491.grp_p_anonymous_namespace_reset_core_state_hls_fu_264.grp_p_anonymous_namespace_reset_core_state_hls_Pipeline_VITIS_LOOP_364_1_fu_68,VITIS_LOOP_364_1,upc_loop_status3.csv
grp_p_anonymous_namespace_mpc_fpga_compute_core_fu_491.grp_p_anonymous_namespace_reset_core_state_hls_fu_264.grp_p_anonymous_namespace_reset_core_state_hls_Pipeline_VITIS_LOOP_372_3_fu_104,VITIS_LOOP_372_3,upc_loop_status4.csv
grp_p_anonymous_namespace_mpc_fpga_compute_core_fu_491.grp_p_anonymous_namespace_mpc_fpga_compute_core_Pipeline_VITIS_LOOP_390_1_fu_328,VITIS_LOOP_390_1,upc_loop_status5.csv
grp_p_anonymous_namespace_mpc_fpga_compute_core_fu_491.grp_p_anonymous_namespace_mpc_fpga_compute_core_Pipeline_VITIS_LOOP_397_3_fu_348,VITIS_LOOP_397_3,upc_loop_status6.csv
grp_p_anonymous_namespace_mpc_fpga_compute_core_fu_491.grp_p_anonymous_namespace_mpc_fpga_compute_core_Pipeline_VITIS_LOOP_364_1_fu_356,VITIS_LOOP_364_1,upc_loop_status7.csv
grp_p_anonymous_namespace_mpc_fpga_compute_core_fu_491.grp_p_anonymous_namespace_mpc_fpga_compute_core_Pipeline_VITIS_LOOP_372_3_fu_392,VITIS_LOOP_372_3,upc_loop_status8.csv
grp_p_anonymous_namespace_mpc_fpga_compute_core_fu_491.grp_mpc_compute_hls_fu_404,VITIS_LOOP_1231_11,seq_loop_status1.csv
grp_p_anonymous_namespace_mpc_fpga_compute_core_fu_491.grp_mpc_compute_hls_fu_404.grp_riccati_pass_hls_fu_2053.grp_riccati_backward_pass_fu_400,VITIS_LOOP_535_4,seq_loop_status2.csv
grp_p_anonymous_namespace_mpc_fpga_compute_core_fu_491.grp_mpc_compute_hls_fu_404.grp_riccati_pass_hls_fu_2053.grp_riccati_backward_pass_fu_400.grp_riccati_backward_pass_Pipeline_VITIS_LOOP_726_7_VITIS_LOOP_727_8_fu_3997,VITIS_LOOP_726_7_VITIS_LOOP_727_8,upc_loop_status9.csv
grp_p_anonymous_namespace_mpc_fpga_compute_core_fu_491.grp_mpc_compute_hls_fu_404.grp_riccati_pass_hls_fu_2053.grp_riccati_backward_pass_fu_400.grp_riccati_backward_pass_Pipeline_VITIS_LOOP_766_10_fu_4097,VITIS_LOOP_766_10,upc_loop_status10.csv
grp_p_anonymous_namespace_mpc_fpga_compute_core_fu_491.grp_mpc_compute_hls_fu_404.grp_riccati_pass_hls_fu_2053.grp_riccati_backward_pass_fu_400.grp_riccati_backward_pass_Pipeline_VITIS_LOOP_750_9_fu_4129,VITIS_LOOP_750_9,upc_loop_status11.csv
grp_p_anonymous_namespace_mpc_fpga_compute_core_fu_491.grp_mpc_compute_hls_fu_404.grp_riccati_pass_hls_fu_2053.grp_riccati_backward_pass_fu_400.grp_riccati_backward_pass_Pipeline_VITIS_LOOP_831_12_VITIS_LOOP_832_13_fu_4280,VITIS_LOOP_831_12_VITIS_LOOP_832_13,upc_loop_status12.csv
grp_p_anonymous_namespace_mpc_fpga_compute_core_fu_491.grp_mpc_compute_hls_fu_404.grp_riccati_pass_hls_fu_2053.grp_riccati_backward_pass_fu_400.grp_riccati_backward_pass_Pipeline_VITIS_LOOP_1013_37_fu_4356,VITIS_LOOP_1013_37,upc_loop_status13.csv
grp_p_anonymous_namespace_mpc_fpga_compute_core_fu_491.grp_mpc_compute_hls_fu_404.grp_riccati_pass_hls_fu_2053.grp_riccati_backward_pass_fu_400.grp_riccati_backward_pass_Pipeline_VITIS_LOOP_1029_38_fu_4428,VITIS_LOOP_1029_38,upc_loop_status14.csv
grp_p_anonymous_namespace_mpc_fpga_compute_core_fu_491.grp_mpc_compute_hls_fu_404.grp_riccati_pass_hls_fu_2053.grp_riccati_forward_pass_fu_653,VITIS_LOOP_332_2,seq_loop_status3.csv
grp_p_anonymous_namespace_mpc_fpga_compute_core_fu_491.grp_mpc_compute_hls_fu_404.grp_riccati_pass_hls_fu_2053.grp_riccati_forward_pass_fu_653.grp_riccati_forward_pass_Pipeline_VITIS_LOOP_383_4_fu_2143,VITIS_LOOP_383_4,upc_loop_status15.csv
grp_p_anonymous_namespace_mpc_fpga_compute_core_fu_491.grp_mpc_compute_hls_fu_404.grp_mpc_compute_hls_Pipeline_VITIS_LOOP_356_1_fu_2352,VITIS_LOOP_356_1,upc_loop_status16.csv
grp_p_anonymous_namespace_mpc_fpga_compute_core_fu_491.grp_mpc_compute_hls_fu_404.grp_mpc_compute_hls_Pipeline_VITIS_LOOP_366_2_fu_2400,VITIS_LOOP_366_2,upc_loop_status17.csv
grp_p_anonymous_namespace_mpc_fpga_compute_core_fu_491.grp_mpc_compute_hls_fu_404.grp_mpc_compute_hls_Pipeline_VITIS_LOOP_371_3_fu_2484,VITIS_LOOP_371_3,upc_loop_status18.csv
grp_p_anonymous_namespace_mpc_fpga_compute_core_fu_491.grp_mpc_compute_hls_fu_404.grp_reset_admm_state_hls_fu_2614.grp_reset_admm_state_hls_Pipeline_VITIS_LOOP_364_1_fu_54,VITIS_LOOP_364_1,upc_loop_status19.csv
grp_p_anonymous_namespace_mpc_fpga_compute_core_fu_491.grp_mpc_compute_hls_fu_404.grp_reset_admm_state_hls_fu_2614.grp_reset_admm_state_hls_Pipeline_VITIS_LOOP_372_3_fu_90,VITIS_LOOP_372_3,upc_loop_status20.csv
grp_p_anonymous_namespace_mpc_fpga_compute_core_fu_491.grp_mpc_compute_hls_fu_404.grp_mpc_compute_hls_Pipeline_VITIS_LOOP_1183_1_fu_2664,VITIS_LOOP_1183_1,upc_loop_status21.csv
grp_p_anonymous_namespace_mpc_fpga_compute_core_fu_491.grp_mpc_compute_hls_fu_404.grp_mpc_compute_hls_Pipeline_VITIS_LOOP_1195_4_fu_2684,VITIS_LOOP_1195_4,upc_loop_status22.csv
grp_p_anonymous_namespace_mpc_fpga_compute_core_fu_491.grp_mpc_compute_hls_fu_404.grp_mpc_compute_hls_Pipeline_VITIS_LOOP_1203_6_fu_2692,VITIS_LOOP_1203_6,upc_loop_status23.csv
grp_p_anonymous_namespace_mpc_fpga_compute_core_fu_491.grp_mpc_compute_hls_fu_404.grp_mpc_compute_hls_Pipeline_VITIS_LOOP_1215_9_fu_2744,VITIS_LOOP_1215_9,upc_loop_status24.csv
grp_p_anonymous_namespace_mpc_fpga_compute_core_fu_491.grp_mpc_compute_hls_fu_404.grp_mpc_compute_hls_Pipeline_VITIS_LOOP_1337_19_fu_2760,VITIS_LOOP_1337_19,upc_loop_status25.csv
grp_p_anonymous_namespace_mpc_fpga_compute_core_fu_491.grp_mpc_compute_hls_fu_404.grp_mpc_compute_hls_Pipeline_VITIS_LOOP_1395_20_fu_2796,VITIS_LOOP_1395_20,upc_loop_status26.csv
grp_p_anonymous_namespace_mpc_fpga_compute_core_fu_491.grp_mpc_compute_hls_fu_404.grp_mpc_compute_hls_Pipeline_VITIS_LOOP_1511_21_fu_2817,VITIS_LOOP_1511_21,upc_loop_status27.csv
grp_p_anonymous_namespace_mpc_fpga_compute_core_fu_491.grp_mpc_compute_hls_fu_404.grp_mpc_compute_hls_Pipeline_VITIS_LOOP_1555_24_fu_2824,VITIS_LOOP_1555_24,upc_loop_status28.csv
grp_p_anonymous_namespace_mpc_fpga_compute_core_fu_491.grp_mpc_compute_hls_fu_404.grp_mpc_compute_hls_Pipeline_VITIS_LOOP_1562_26_fu_2876,VITIS_LOOP_1562_26,upc_loop_status29.csv
grp_p_anonymous_namespace_mpc_fpga_compute_core_fu_491.grp_mpc_compute_hls_fu_404.grp_mpc_compute_hls_Pipeline_VITIS_LOOP_1525_22_fu_2892,VITIS_LOOP_1525_22,upc_loop_status30.csv
grp_p_anonymous_namespace_mpc_fpga_compute_core_fu_491.grp_mpc_compute_hls_fu_404.grp_mpc_compute_hls_Pipeline_VITIS_LOOP_1246_12_fu_2899,VITIS_LOOP_1246_12,upc_loop_status31.csv
grp_p_anonymous_namespace_mpc_fpga_compute_core_fu_491.grp_mpc_compute_hls_fu_404.grp_mpc_compute_hls_Pipeline_VITIS_LOOP_1282_14_fu_2923,VITIS_LOOP_1282_14,upc_loop_status32.csv
grp_p_anonymous_namespace_mpc_fpga_compute_core_fu_491.grp_mpc_compute_hls_fu_404.grp_mpc_compute_hls_Pipeline_VITIS_LOOP_1301_16_fu_2932,VITIS_LOOP_1301_16,upc_loop_status33.csv
grp_p_anonymous_namespace_mpc_fpga_compute_core_fu_491.grp_mpc_compute_hls_fu_404.grp_mpc_compute_hls_Pipeline_VITIS_LOOP_1305_17_fu_2942,VITIS_LOOP_1305_17,upc_loop_status34.csv
