,AESL_inst_mpc_fpga_top_opencl,,module_status1.csv
,grp_p_anonymous_namespace_unpack_input_lane_words_fu_440,,module_status2.csv
grp_p_anonymous_namespace_unpack_input_lane_words_fu_440,grp_p_anonymous_namespace_unpack_input_lane_words_Pipeline_VITIS_LOOP_216_1_fu_83,,module_status3.csv
,grp_p_anonymous_namespace_fill_mpc_reference_trajectory_from_lane_words_fu_463,,module_status4.csv
,grp_p_anonymous_namespace_mpc_fpga_compute_core_fu_491,,module_status5.csv
grp_p_anonymous_namespace_mpc_fpga_compute_core_fu_491,grp_p_anonymous_namespace_reset_core_state_hls_fu_264,,module_status6.csv
grp_p_anonymous_namespace_mpc_fpga_compute_core_fu_491.grp_p_anonymous_namespace_reset_core_state_hls_fu_264,grp_p_anonymous_namespace_reset_core_state_hls_Pipeline_VITIS_LOOP_364_1_fu_68,,module_status7.csv
grp_p_anonymous_namespace_mpc_fpga_compute_core_fu_491.grp_p_anonymous_namespace_reset_core_state_hls_fu_264,grp_p_anonymous_namespace_reset_core_state_hls_Pipeline_VITIS_LOOP_372_3_fu_104,,module_status8.csv
grp_p_anonymous_namespace_mpc_fpga_compute_core_fu_491,grp_p_anonymous_namespace_mpc_fpga_compute_core_Pipeline_VITIS_LOOP_390_1_fu_328,,module_status9.csv
grp_p_anonymous_namespace_mpc_fpga_compute_core_fu_491,grp_p_anonymous_namespace_mpc_fpga_compute_core_Pipeline_VITIS_LOOP_397_3_fu_348,,module_status10.csv
grp_p_anonymous_namespace_mpc_fpga_compute_core_fu_491,grp_p_anonymous_namespace_mpc_fpga_compute_core_Pipeline_VITIS_LOOP_364_1_fu_356,,module_status11.csv
grp_p_anonymous_namespace_mpc_fpga_compute_core_fu_491,grp_p_anonymous_namespace_mpc_fpga_compute_core_Pipeline_VITIS_LOOP_372_3_fu_392,,module_status12.csv
grp_p_anonymous_namespace_mpc_fpga_compute_core_fu_491,grp_mpc_compute_hls_fu_404,,module_status13.csv
grp_p_anonymous_namespace_mpc_fpga_compute_core_fu_491.grp_mpc_compute_hls_fu_404,grp_riccati_pass_hls_fu_2053,,module_status14.csv
grp_p_anonymous_namespace_mpc_fpga_compute_core_fu_491.grp_mpc_compute_hls_fu_404.grp_riccati_pass_hls_fu_2053,grp_riccati_backward_pass_fu_400,,module_status15.csv
grp_p_anonymous_namespace_mpc_fpga_compute_core_fu_491.grp_mpc_compute_hls_fu_404.grp_riccati_pass_hls_fu_2053.grp_riccati_backward_pass_fu_400,grp_invert_2x2_qp_hls_fu_3970,,module_status16.csv
grp_p_anonymous_namespace_mpc_fpga_compute_core_fu_491.grp_mpc_compute_hls_fu_404.grp_riccati_pass_hls_fu_2053.grp_riccati_backward_pass_fu_400,grp_fp_recip_fu_3990,,module_status17.csv
grp_p_anonymous_namespace_mpc_fpga_compute_core_fu_491.grp_mpc_compute_hls_fu_404.grp_riccati_pass_hls_fu_2053.grp_riccati_backward_pass_fu_400,grp_riccati_backward_pass_Pipeline_VITIS_LOOP_726_7_VITIS_LOOP_727_8_fu_3997,,module_status18.csv
grp_p_anonymous_namespace_mpc_fpga_compute_core_fu_491.grp_mpc_compute_hls_fu_404.grp_riccati_pass_hls_fu_2053.grp_riccati_backward_pass_fu_400.grp_riccati_backward_pass_Pipeline_VITIS_LOOP_726_7_VITIS_LOOP_727_8_fu_3997,sum_sum6_MG_QP_raw_fu_636,,module_status19.csv
grp_p_anonymous_namespace_mpc_fpga_compute_core_fu_491.grp_mpc_compute_hls_fu_404.grp_riccati_pass_hls_fu_2053.grp_riccati_backward_pass_fu_400,grp_riccati_backward_pass_Pipeline_VITIS_LOOP_766_10_fu_4097,,module_status20.csv
grp_p_anonymous_namespace_mpc_fpga_compute_core_fu_491.grp_mpc_compute_hls_fu_404.grp_riccati_pass_hls_fu_2053.grp_riccati_backward_pass_fu_400,grp_riccati_backward_pass_Pipeline_VITIS_LOOP_750_9_fu_4129,,module_status21.csv
grp_p_anonymous_namespace_mpc_fpga_compute_core_fu_491.grp_mpc_compute_hls_fu_404.grp_riccati_pass_hls_fu_2053.grp_riccati_backward_pass_fu_400,grp_riccati_backward_pass_Pipeline_VITIS_LOOP_831_12_VITIS_LOOP_832_13_fu_4280,,module_status22.csv
grp_p_anonymous_namespace_mpc_fpga_compute_core_fu_491.grp_mpc_compute_hls_fu_404.grp_riccati_pass_hls_fu_2053.grp_riccati_backward_pass_fu_400,grp_riccati_backward_pass_Pipeline_VITIS_LOOP_1013_37_fu_4356,,module_status23.csv
grp_p_anonymous_namespace_mpc_fpga_compute_core_fu_491.grp_mpc_compute_hls_fu_404.grp_riccati_pass_hls_fu_2053.grp_riccati_backward_pass_fu_400.grp_riccati_backward_pass_Pipeline_VITIS_LOOP_1013_37_fu_4356,total_sum8_P_MIX_raw_fu_604,,module_status24.csv
grp_p_anonymous_namespace_mpc_fpga_compute_core_fu_491.grp_mpc_compute_hls_fu_404.grp_riccati_pass_hls_fu_2053.grp_riccati_backward_pass_fu_400,grp_riccati_backward_pass_Pipeline_VITIS_LOOP_1029_38_fu_4428,,module_status25.csv
grp_p_anonymous_namespace_mpc_fpga_compute_core_fu_491.grp_mpc_compute_hls_fu_404.grp_riccati_pass_hls_fu_2053.grp_riccati_backward_pass_fu_400,grp_sum8_P_MIX_raw_pupdate_fu_4437,,module_status26.csv
grp_p_anonymous_namespace_mpc_fpga_compute_core_fu_491.grp_mpc_compute_hls_fu_404.grp_riccati_pass_hls_fu_2053.grp_riccati_backward_pass_fu_400,grp_sum8_P_MIX_raw_pupdate_fu_4449,,module_status27.csv
grp_p_anonymous_namespace_mpc_fpga_compute_core_fu_491.grp_mpc_compute_hls_fu_404.grp_riccati_pass_hls_fu_2053.grp_riccati_backward_pass_fu_400,grp_sum8_P_MIX_raw_pupdate_fu_4461,,module_status28.csv
grp_p_anonymous_namespace_mpc_fpga_compute_core_fu_491.grp_mpc_compute_hls_fu_404.grp_riccati_pass_hls_fu_2053.grp_riccati_backward_pass_fu_400,grp_sum8_P_MIX_raw_pupdate_fu_4473,,module_status29.csv
grp_p_anonymous_namespace_mpc_fpga_compute_core_fu_491.grp_mpc_compute_hls_fu_404.grp_riccati_pass_hls_fu_2053.grp_riccati_backward_pass_fu_400,grp_sum8_P_MIX_raw_pupdate_fu_4485,,module_status30.csv
grp_p_anonymous_namespace_mpc_fpga_compute_core_fu_491.grp_mpc_compute_hls_fu_404.grp_riccati_pass_hls_fu_2053.grp_riccati_backward_pass_fu_400,grp_sum8_P_MIX_raw_pupdate_fu_4497,,module_status31.csv
grp_p_anonymous_namespace_mpc_fpga_compute_core_fu_491.grp_mpc_compute_hls_fu_404.grp_riccati_pass_hls_fu_2053.grp_riccati_backward_pass_fu_400,grp_sum8_P_MIX_raw_pupdate_fu_4509,,module_status32.csv
grp_p_anonymous_namespace_mpc_fpga_compute_core_fu_491.grp_mpc_compute_hls_fu_404.grp_riccati_pass_hls_fu_2053.grp_riccati_backward_pass_fu_400,grp_sum8_P_MIX_raw_pupdate_fu_4521,,module_status33.csv
grp_p_anonymous_namespace_mpc_fpga_compute_core_fu_491.grp_mpc_compute_hls_fu_404.grp_riccati_pass_hls_fu_2053.grp_riccati_backward_pass_fu_400,grp_sum8_P_MIX_raw_pupdate_fu_4533,,module_status34.csv
grp_p_anonymous_namespace_mpc_fpga_compute_core_fu_491.grp_mpc_compute_hls_fu_404.grp_riccati_pass_hls_fu_2053.grp_riccati_backward_pass_fu_400,grp_sum8_P_MIX_raw_pupdate_fu_4545,,module_status35.csv
grp_p_anonymous_namespace_mpc_fpga_compute_core_fu_491.grp_mpc_compute_hls_fu_404.grp_riccati_pass_hls_fu_2053.grp_riccati_backward_pass_fu_400,grp_sum8_P_MIX_raw_pupdate_fu_4557,,module_status36.csv
grp_p_anonymous_namespace_mpc_fpga_compute_core_fu_491.grp_mpc_compute_hls_fu_404.grp_riccati_pass_hls_fu_2053.grp_riccati_backward_pass_fu_400,grp_sum8_P_MIX_raw_pupdate_fu_4569,,module_status37.csv
grp_p_anonymous_namespace_mpc_fpga_compute_core_fu_491.grp_mpc_compute_hls_fu_404.grp_riccati_pass_hls_fu_2053.grp_riccati_backward_pass_fu_400,grp_sum8_P_MIX_raw_pupdate_fu_4581,,module_status38.csv
grp_p_anonymous_namespace_mpc_fpga_compute_core_fu_491.grp_mpc_compute_hls_fu_404.grp_riccati_pass_hls_fu_2053.grp_riccati_backward_pass_fu_400,grp_sum8_P_MIX_raw_pupdate_fu_4593,,module_status39.csv
grp_p_anonymous_namespace_mpc_fpga_compute_core_fu_491.grp_mpc_compute_hls_fu_404.grp_riccati_pass_hls_fu_2053.grp_riccati_backward_pass_fu_400,grp_sum8_P_MIX_raw_pupdate_fu_4605,,module_status40.csv
grp_p_anonymous_namespace_mpc_fpga_compute_core_fu_491.grp_mpc_compute_hls_fu_404.grp_riccati_pass_hls_fu_2053.grp_riccati_backward_pass_fu_400,grp_sum8_P_MIX_raw_pupdate_fu_4617,,module_status41.csv
grp_p_anonymous_namespace_mpc_fpga_compute_core_fu_491.grp_mpc_compute_hls_fu_404.grp_riccati_pass_hls_fu_2053.grp_riccati_backward_pass_fu_400,grp_sum8_P_MIX_raw_pupdate_fu_4629,,module_status42.csv
grp_p_anonymous_namespace_mpc_fpga_compute_core_fu_491.grp_mpc_compute_hls_fu_404.grp_riccati_pass_hls_fu_2053.grp_riccati_backward_pass_fu_400,grp_sum8_P_MIX_raw_pupdate_fu_4641,,module_status43.csv
grp_p_anonymous_namespace_mpc_fpga_compute_core_fu_491.grp_mpc_compute_hls_fu_404.grp_riccati_pass_hls_fu_2053.grp_riccati_backward_pass_fu_400,grp_sum8_P_MIX_raw_pupdate_fu_4653,,module_status44.csv
grp_p_anonymous_namespace_mpc_fpga_compute_core_fu_491.grp_mpc_compute_hls_fu_404.grp_riccati_pass_hls_fu_2053.grp_riccati_backward_pass_fu_400,grp_sum8_P_MIX_raw_pupdate_fu_4665,,module_status45.csv
grp_p_anonymous_namespace_mpc_fpga_compute_core_fu_491.grp_mpc_compute_hls_fu_404.grp_riccati_pass_hls_fu_2053.grp_riccati_backward_pass_fu_400,grp_sum8_P_MIX_raw_pupdate_fu_4677,,module_status46.csv
grp_p_anonymous_namespace_mpc_fpga_compute_core_fu_491.grp_mpc_compute_hls_fu_404.grp_riccati_pass_hls_fu_2053.grp_riccati_backward_pass_fu_400,pd_sum_sum6_P_QP_raw_fu_13849,,module_status47.csv
grp_p_anonymous_namespace_mpc_fpga_compute_core_fu_491.grp_mpc_compute_hls_fu_404.grp_riccati_pass_hls_fu_2053,grp_riccati_forward_pass_fu_653,,module_status48.csv
grp_p_anonymous_namespace_mpc_fpga_compute_core_fu_491.grp_mpc_compute_hls_fu_404.grp_riccati_pass_hls_fu_2053.grp_riccati_forward_pass_fu_653,prod_sum0_sum8_K_QP_raw_fu_2119,,module_status49.csv
grp_p_anonymous_namespace_mpc_fpga_compute_core_fu_491.grp_mpc_compute_hls_fu_404.grp_riccati_pass_hls_fu_2053.grp_riccati_forward_pass_fu_653,prod_sum1_sum8_K_QP_raw_fu_2131,,module_status50.csv
grp_p_anonymous_namespace_mpc_fpga_compute_core_fu_491.grp_mpc_compute_hls_fu_404.grp_riccati_pass_hls_fu_2053.grp_riccati_forward_pass_fu_653,grp_riccati_forward_pass_Pipeline_VITIS_LOOP_383_4_fu_2143,,module_status51.csv
grp_p_anonymous_namespace_mpc_fpga_compute_core_fu_491.grp_mpc_compute_hls_fu_404.grp_riccati_pass_hls_fu_2053.grp_riccati_forward_pass_fu_653.grp_riccati_forward_pass_Pipeline_VITIS_LOOP_383_4_fu_2143,ax_sum_sum6_QP_raw_fu_690,,module_status52.csv
grp_p_anonymous_namespace_mpc_fpga_compute_core_fu_491.grp_mpc_compute_hls_fu_404,grp_mpc_compute_hls_Pipeline_VITIS_LOOP_356_1_fu_2352,,module_status53.csv
grp_p_anonymous_namespace_mpc_fpga_compute_core_fu_491.grp_mpc_compute_hls_fu_404,grp_mpc_compute_hls_Pipeline_VITIS_LOOP_366_2_fu_2400,,module_status54.csv
grp_p_anonymous_namespace_mpc_fpga_compute_core_fu_491.grp_mpc_compute_hls_fu_404.grp_mpc_compute_hls_Pipeline_VITIS_LOOP_366_2_fu_2400,grp_compute_window_min_hls_fu_908,,module_status55.csv
grp_p_anonymous_namespace_mpc_fpga_compute_core_fu_491.grp_mpc_compute_hls_fu_404.grp_mpc_compute_hls_Pipeline_VITIS_LOOP_366_2_fu_2400,grp_compute_window_min_hls_fu_933,,module_status56.csv
grp_p_anonymous_namespace_mpc_fpga_compute_core_fu_491.grp_mpc_compute_hls_fu_404,grp_mpc_compute_hls_Pipeline_VITIS_LOOP_371_3_fu_2484,,module_status57.csv
grp_p_anonymous_namespace_mpc_fpga_compute_core_fu_491.grp_mpc_compute_hls_fu_404.grp_mpc_compute_hls_Pipeline_VITIS_LOOP_371_3_fu_2484,grp_fp_atan_lut_fu_1707,,module_status58.csv
grp_p_anonymous_namespace_mpc_fpga_compute_core_fu_491.grp_mpc_compute_hls_fu_404.grp_mpc_compute_hls_Pipeline_VITIS_LOOP_371_3_fu_2484,grp_compute_frenet_AB_and_next_hls_fu_1714,,module_status59.csv
grp_p_anonymous_namespace_mpc_fpga_compute_core_fu_491.grp_mpc_compute_hls_fu_404.grp_mpc_compute_hls_Pipeline_VITIS_LOOP_371_3_fu_2484.grp_compute_frenet_AB_and_next_hls_fu_1714,grp_compute_frenet_AB_hls_fu_78,,module_status60.csv
grp_p_anonymous_namespace_mpc_fpga_compute_core_fu_491.grp_mpc_compute_hls_fu_404.grp_mpc_compute_hls_Pipeline_VITIS_LOOP_371_3_fu_2484.grp_compute_frenet_AB_and_next_hls_fu_1714.grp_compute_frenet_AB_hls_fu_78,grp_compute_frenet_tire_hls_fu_178,,module_status61.csv
grp_p_anonymous_namespace_mpc_fpga_compute_core_fu_491.grp_mpc_compute_hls_fu_404.grp_mpc_compute_hls_Pipeline_VITIS_LOOP_371_3_fu_2484.grp_compute_frenet_AB_and_next_hls_fu_1714.grp_compute_frenet_AB_hls_fu_78.grp_compute_frenet_tire_hls_fu_178,grp_fp_trig_pair_fused_fn_fu_154,,module_status62.csv
grp_p_anonymous_namespace_mpc_fpga_compute_core_fu_491.grp_mpc_compute_hls_fu_404.grp_mpc_compute_hls_Pipeline_VITIS_LOOP_371_3_fu_2484.grp_compute_frenet_AB_and_next_hls_fu_1714.grp_compute_frenet_AB_hls_fu_78.grp_compute_frenet_tire_hls_fu_178,grp_fp_recip_fn_fu_184,,module_status63.csv
grp_p_anonymous_namespace_mpc_fpga_compute_core_fu_491.grp_mpc_compute_hls_fu_404.grp_mpc_compute_hls_Pipeline_VITIS_LOOP_371_3_fu_2484.grp_compute_frenet_AB_and_next_hls_fu_1714.grp_compute_frenet_AB_hls_fu_78.grp_compute_frenet_tire_hls_fu_178,grp_fp_slip_terms_fu_191,,module_status64.csv
grp_p_anonymous_namespace_mpc_fpga_compute_core_fu_491.grp_mpc_compute_hls_fu_404.grp_mpc_compute_hls_Pipeline_VITIS_LOOP_371_3_fu_2484.grp_compute_frenet_AB_and_next_hls_fu_1714.grp_compute_frenet_AB_hls_fu_78.grp_compute_frenet_tire_hls_fu_178,grp_compute_front_tire_path_fn_fu_198,,module_status65.csv
grp_p_anonymous_namespace_mpc_fpga_compute_core_fu_491.grp_mpc_compute_hls_fu_404.grp_mpc_compute_hls_Pipeline_VITIS_LOOP_371_3_fu_2484.grp_compute_frenet_AB_and_next_hls_fu_1714.grp_compute_frenet_AB_hls_fu_78.grp_compute_frenet_tire_hls_fu_178.grp_compute_front_tire_path_fn_fu_198,grp_fp_atan_lut_fn_fu_150,,module_status66.csv
grp_p_anonymous_namespace_mpc_fpga_compute_core_fu_491.grp_mpc_compute_hls_fu_404.grp_mpc_compute_hls_Pipeline_VITIS_LOOP_371_3_fu_2484.grp_compute_frenet_AB_and_next_hls_fu_1714.grp_compute_frenet_AB_hls_fu_78.grp_compute_frenet_tire_hls_fu_178.grp_compute_front_tire_path_fn_fu_198,grp_fp_recip_fn_fu_158,,module_status67.csv
grp_p_anonymous_namespace_mpc_fpga_compute_core_fu_491.grp_mpc_compute_hls_fu_404.grp_mpc_compute_hls_Pipeline_VITIS_LOOP_371_3_fu_2484.grp_compute_frenet_AB_and_next_hls_fu_1714.grp_compute_frenet_AB_hls_fu_78.grp_compute_frenet_tire_hls_fu_178.grp_compute_front_tire_path_fn_fu_198,grp_fp_trig_pair_fused_fn_fu_166,,module_status68.csv
grp_p_anonymous_namespace_mpc_fpga_compute_core_fu_491.grp_mpc_compute_hls_fu_404.grp_mpc_compute_hls_Pipeline_VITIS_LOOP_371_3_fu_2484.grp_compute_frenet_AB_and_next_hls_fu_1714.grp_compute_frenet_AB_hls_fu_78.grp_compute_frenet_tire_hls_fu_178.grp_compute_front_tire_path_fn_fu_198,grp_fp_pacejka_ceff_fu_175,,module_status69.csv
grp_p_anonymous_namespace_mpc_fpga_compute_core_fu_491.grp_mpc_compute_hls_fu_404.grp_mpc_compute_hls_Pipeline_VITIS_LOOP_371_3_fu_2484.grp_compute_frenet_AB_and_next_hls_fu_1714.grp_compute_frenet_AB_hls_fu_78.grp_compute_frenet_tire_hls_fu_178.grp_compute_front_tire_path_fn_fu_198,grp_fp_front_force_jacobians_fn_fu_182,,module_status70.csv
grp_p_anonymous_namespace_mpc_fpga_compute_core_fu_491.grp_mpc_compute_hls_fu_404.grp_mpc_compute_hls_Pipeline_VITIS_LOOP_371_3_fu_2484.grp_compute_frenet_AB_and_next_hls_fu_1714.grp_compute_frenet_AB_hls_fu_78.grp_compute_frenet_tire_hls_fu_178,grp_compute_rear_tire_path_fn_fu_219,,module_status71.csv
grp_p_anonymous_namespace_mpc_fpga_compute_core_fu_491.grp_mpc_compute_hls_fu_404.grp_mpc_compute_hls_Pipeline_VITIS_LOOP_371_3_fu_2484.grp_compute_frenet_AB_and_next_hls_fu_1714.grp_compute_frenet_AB_hls_fu_78.grp_compute_frenet_tire_hls_fu_178.grp_compute_rear_tire_path_fn_fu_219,grp_fp_atan_lut_fn_fu_138,,module_status72.csv
grp_p_anonymous_namespace_mpc_fpga_compute_core_fu_491.grp_mpc_compute_hls_fu_404.grp_mpc_compute_hls_Pipeline_VITIS_LOOP_371_3_fu_2484.grp_compute_frenet_AB_and_next_hls_fu_1714.grp_compute_frenet_AB_hls_fu_78.grp_compute_frenet_tire_hls_fu_178.grp_compute_rear_tire_path_fn_fu_219,grp_fp_recip_fn_fu_146,,module_status73.csv
grp_p_anonymous_namespace_mpc_fpga_compute_core_fu_491.grp_mpc_compute_hls_fu_404.grp_mpc_compute_hls_Pipeline_VITIS_LOOP_371_3_fu_2484.grp_compute_frenet_AB_and_next_hls_fu_1714.grp_compute_frenet_AB_hls_fu_78.grp_compute_frenet_tire_hls_fu_178.grp_compute_rear_tire_path_fn_fu_219,grp_fp_trig_pair_fused_fn_fu_154,,module_status74.csv
grp_p_anonymous_namespace_mpc_fpga_compute_core_fu_491.grp_mpc_compute_hls_fu_404.grp_mpc_compute_hls_Pipeline_VITIS_LOOP_371_3_fu_2484.grp_compute_frenet_AB_and_next_hls_fu_1714.grp_compute_frenet_AB_hls_fu_78.grp_compute_frenet_tire_hls_fu_178.grp_compute_rear_tire_path_fn_fu_219,grp_fp_pacejka_ceff_fu_163,,module_status75.csv
grp_p_anonymous_namespace_mpc_fpga_compute_core_fu_491.grp_mpc_compute_hls_fu_404.grp_mpc_compute_hls_Pipeline_VITIS_LOOP_371_3_fu_2484.grp_compute_frenet_AB_and_next_hls_fu_1714.grp_compute_frenet_AB_hls_fu_78.grp_compute_frenet_tire_hls_fu_178.grp_compute_rear_tire_path_fn_fu_219,grp_fp_rear_force_jacobians_fn_fu_170,,module_status76.csv
grp_p_anonymous_namespace_mpc_fpga_compute_core_fu_491.grp_mpc_compute_hls_fu_404.grp_mpc_compute_hls_Pipeline_VITIS_LOOP_371_3_fu_2484.grp_compute_frenet_AB_and_next_hls_fu_1714.grp_compute_frenet_AB_hls_fu_78,grp_fp_trig_pair_fused_fn_fu_200,,module_status77.csv
grp_p_anonymous_namespace_mpc_fpga_compute_core_fu_491.grp_mpc_compute_hls_fu_404.grp_mpc_compute_hls_Pipeline_VITIS_LOOP_371_3_fu_2484.grp_compute_frenet_AB_and_next_hls_fu_1714.grp_compute_frenet_AB_hls_fu_78,grp_fp_frenet_recip_fu_209,,module_status78.csv
grp_p_anonymous_namespace_mpc_fpga_compute_core_fu_491.grp_mpc_compute_hls_fu_404.grp_mpc_compute_hls_Pipeline_VITIS_LOOP_371_3_fu_2484.grp_compute_frenet_AB_and_next_hls_fu_1714.grp_compute_frenet_AB_hls_fu_78.grp_fp_frenet_recip_fu_209,grp_fp_recip_fn_fu_54,,module_status79.csv
grp_p_anonymous_namespace_mpc_fpga_compute_core_fu_491.grp_mpc_compute_hls_fu_404.grp_mpc_compute_hls_Pipeline_VITIS_LOOP_371_3_fu_2484.grp_compute_frenet_AB_and_next_hls_fu_1714.grp_compute_frenet_AB_hls_fu_78,grp_compute_stage_shared_products_fu_217,,module_status80.csv
grp_p_anonymous_namespace_mpc_fpga_compute_core_fu_491.grp_mpc_compute_hls_fu_404.grp_mpc_compute_hls_Pipeline_VITIS_LOOP_371_3_fu_2484.grp_compute_frenet_AB_and_next_hls_fu_1714.grp_compute_frenet_AB_hls_fu_78,grp_compute_B_accel_load_transfer_fu_231,,module_status81.csv
grp_p_anonymous_namespace_mpc_fpga_compute_core_fu_491.grp_mpc_compute_hls_fu_404.grp_mpc_compute_hls_Pipeline_VITIS_LOOP_371_3_fu_2484.grp_compute_frenet_AB_and_next_hls_fu_1714.grp_compute_frenet_AB_hls_fu_78.grp_compute_B_accel_load_transfer_fu_231,grp_fp_recip_fn_fu_140,,module_status82.csv
grp_p_anonymous_namespace_mpc_fpga_compute_core_fu_491.grp_mpc_compute_hls_fu_404.grp_mpc_compute_hls_Pipeline_VITIS_LOOP_371_3_fu_2484.grp_compute_frenet_AB_and_next_hls_fu_1714.grp_compute_frenet_AB_hls_fu_78,grp_fp_rollout_from_forces_fn_fu_244,,module_status83.csv
grp_p_anonymous_namespace_mpc_fpga_compute_core_fu_491.grp_mpc_compute_hls_fu_404.grp_mpc_compute_hls_Pipeline_VITIS_LOOP_371_3_fu_2484.grp_compute_frenet_AB_and_next_hls_fu_1714.grp_compute_frenet_AB_hls_fu_78.grp_fp_rollout_from_forces_fn_fu_244,grp_fp_recip_fn_fu_214,,module_status84.csv
grp_p_anonymous_namespace_mpc_fpga_compute_core_fu_491.grp_mpc_compute_hls_fu_404.grp_mpc_compute_hls_Pipeline_VITIS_LOOP_371_3_fu_2484.grp_compute_frenet_AB_and_next_hls_fu_1714.grp_compute_frenet_AB_hls_fu_78,grp_compute_B_steering_fu_263,,module_status85.csv
grp_p_anonymous_namespace_mpc_fpga_compute_core_fu_491.grp_mpc_compute_hls_fu_404.grp_mpc_compute_hls_Pipeline_VITIS_LOOP_371_3_fu_2484.grp_compute_frenet_AB_and_next_hls_fu_1714.grp_compute_frenet_AB_hls_fu_78,grp_fp_frenet_rows01_fn_fu_272,,module_status86.csv
grp_p_anonymous_namespace_mpc_fpga_compute_core_fu_491.grp_mpc_compute_hls_fu_404.grp_mpc_compute_hls_Pipeline_VITIS_LOOP_371_3_fu_2484,grp_compute_affine_bias_dense_hls_fu_1741,,module_status87.csv
grp_p_anonymous_namespace_mpc_fpga_compute_core_fu_491.grp_mpc_compute_hls_fu_404.grp_mpc_compute_hls_Pipeline_VITIS_LOOP_371_3_fu_2484.grp_compute_affine_bias_dense_hls_fu_1741,grp_affine_b0_term_hls_fu_591,,module_status88.csv
grp_p_anonymous_namespace_mpc_fpga_compute_core_fu_491.grp_mpc_compute_hls_fu_404,grp_reset_admm_state_hls_fu_2614,,module_status89.csv
grp_p_anonymous_namespace_mpc_fpga_compute_core_fu_491.grp_mpc_compute_hls_fu_404.grp_reset_admm_state_hls_fu_2614,grp_reset_admm_state_hls_Pipeline_VITIS_LOOP_364_1_fu_54,,module_status90.csv
grp_p_anonymous_namespace_mpc_fpga_compute_core_fu_491.grp_mpc_compute_hls_fu_404.grp_reset_admm_state_hls_fu_2614,grp_reset_admm_state_hls_Pipeline_VITIS_LOOP_372_3_fu_90,,module_status91.csv
grp_p_anonymous_namespace_mpc_fpga_compute_core_fu_491.grp_mpc_compute_hls_fu_404,grp_mpc_compute_hls_Pipeline_VITIS_LOOP_1183_1_fu_2664,,module_status92.csv
grp_p_anonymous_namespace_mpc_fpga_compute_core_fu_491.grp_mpc_compute_hls_fu_404,grp_mpc_compute_hls_Pipeline_VITIS_LOOP_1195_4_fu_2684,,module_status93.csv
grp_p_anonymous_namespace_mpc_fpga_compute_core_fu_491.grp_mpc_compute_hls_fu_404,grp_mpc_compute_hls_Pipeline_VITIS_LOOP_1203_6_fu_2692,,module_status94.csv
grp_p_anonymous_namespace_mpc_fpga_compute_core_fu_491.grp_mpc_compute_hls_fu_404,grp_mpc_compute_hls_Pipeline_VITIS_LOOP_1215_9_fu_2744,,module_status95.csv
grp_p_anonymous_namespace_mpc_fpga_compute_core_fu_491.grp_mpc_compute_hls_fu_404,grp_mpc_compute_hls_Pipeline_VITIS_LOOP_1337_19_fu_2760,,module_status96.csv
grp_p_anonymous_namespace_mpc_fpga_compute_core_fu_491.grp_mpc_compute_hls_fu_404,grp_mpc_compute_hls_Pipeline_VITIS_LOOP_1395_20_fu_2796,,module_status97.csv
grp_p_anonymous_namespace_mpc_fpga_compute_core_fu_491.grp_mpc_compute_hls_fu_404,grp_mpc_compute_hls_Pipeline_VITIS_LOOP_1511_21_fu_2817,,module_status98.csv
grp_p_anonymous_namespace_mpc_fpga_compute_core_fu_491.grp_mpc_compute_hls_fu_404,grp_mpc_compute_hls_Pipeline_VITIS_LOOP_1555_24_fu_2824,,module_status99.csv
grp_p_anonymous_namespace_mpc_fpga_compute_core_fu_491.grp_mpc_compute_hls_fu_404,grp_mpc_compute_hls_Pipeline_VITIS_LOOP_1562_26_fu_2876,,module_status100.csv
grp_p_anonymous_namespace_mpc_fpga_compute_core_fu_491.grp_mpc_compute_hls_fu_404,grp_mpc_compute_hls_Pipeline_VITIS_LOOP_1525_22_fu_2892,,module_status101.csv
grp_p_anonymous_namespace_mpc_fpga_compute_core_fu_491.grp_mpc_compute_hls_fu_404,grp_mpc_compute_hls_Pipeline_VITIS_LOOP_1246_12_fu_2899,,module_status102.csv
grp_p_anonymous_namespace_mpc_fpga_compute_core_fu_491.grp_mpc_compute_hls_fu_404,grp_mpc_compute_hls_Pipeline_VITIS_LOOP_1282_14_fu_2923,,module_status103.csv
grp_p_anonymous_namespace_mpc_fpga_compute_core_fu_491.grp_mpc_compute_hls_fu_404,grp_mpc_compute_hls_Pipeline_VITIS_LOOP_1301_16_fu_2932,,module_status104.csv
grp_p_anonymous_namespace_mpc_fpga_compute_core_fu_491.grp_mpc_compute_hls_fu_404,grp_mpc_compute_hls_Pipeline_VITIS_LOOP_1305_17_fu_2942,,module_status105.csv
grp_p_anonymous_namespace_mpc_fpga_compute_core_fu_491.grp_mpc_compute_hls_fu_404,call_ln671_mpc_persist_writeback_hls_fu_2952,,module_status106.csv
grp_p_anonymous_namespace_mpc_fpga_compute_core_fu_491.grp_mpc_compute_hls_fu_404,grp_fp_recip_fu_6151,,module_status107.csv
