monotonic_time_ns,ros_time_sec,ros_time_nsec,node_name,pid,cpu_percent
2560388756638,1777558739,585198652,/vrpn_mocap/vrpn_mocap_client_node,2369,0.000
2560388756638,1777558739,585198652,ackermann_mux,7630,0.000
2560388756638,1777558739,585198652,ekf_localization,7569,0.000
2560388756638,1777558739,585198652,gpu_amcl_cpp,7567,0.000
2560388756638,1777558739,585198652,hokuyo_scip_driver,7636,0.000
2560388756638,1777558739,585198652,joy,7626,0.000
2560388756638,1777558739,585198652,joy_teleop,7628,0.000
2560388756638,1777558739,585198652,lateral_planner_node,7753,0.000
2560388756638,1777558739,585198652,lifecycle_manager_map,7622,0.000
2560388756638,1777558739,585198652,map_server,7620,0.000
2560388756638,1777558739,585198652,odom_fused,7565,0.000
2560388756638,1777558739,585198652,performance_monitor,7796,0.000
2560388756638,1777558739,585198652,pipeline_latency_monitor,7794,0.000
2560388756638,1777558739,585198652,scan_splitter_node,7656,0.000
2560388756638,1777558739,585198652,static_baselink_to_imu,7690,0.000
2560388756638,1777558739,585198652,static_baselink_to_laser,7675,0.000
2560388756638,1777558739,585198652,vesc_container,7624,0.000
2560588818656,1777558739,765308930,/vrpn_mocap/vrpn_mocap_client_node,2369,2.499
2560588818656,1777558739,765308930,ackermann_mux,7630,1.666
2560588818656,1777558739,765308930,ekf_localization,7569,2.499
2560588818656,1777558739,765308930,gpu_amcl_cpp,7567,3.332
2560588818656,1777558739,765308930,hokuyo_scip_driver,7636,2.499
2560588818656,1777558739,765308930,joy,7626,3.332
2560588818656,1777558739,765308930,joy_teleop,7628,1.666
2560588818656,1777558739,765308930,lateral_planner_node,7753,4.165
2560588818656,1777558739,765308930,lifecycle_manager_map,7622,1.666
2560588818656,1777558739,765308930,map_server,7620,3.332
2560588818656,1777558739,765308930,odom_fused,7565,1.666
2560588818656,1777558739,765308930,performance_monitor,7796,1.666
2560588818656,1777558739,765308930,pipeline_latency_monitor,7794,6.665
2560588818656,1777558739,765308930,scan_splitter_node,7656,2.499
2560588818656,1777558739,765308930,static_baselink_to_imu,7690,2.499
2560588818656,1777558739,765308930,static_baselink_to_laser,7675,1.666
2560588818656,1777558739,765308930,vesc_container,7624,6.665
2560788814784,1777558739,965304643,/vrpn_mocap/vrpn_mocap_client_node,2369,1.667
2560788814784,1777558739,965304643,ackermann_mux,7630,1.667
2560788814784,1777558739,965304643,ekf_localization,7569,1.667
2560788814784,1777558739,965304643,gpu_amcl_cpp,7567,0.833
2560788814784,1777558739,965304643,hokuyo_scip_driver,7636,0.833
2560788814784,1777558739,965304643,joy,7626,0.000
2560788814784,1777558739,965304643,joy_teleop,7628,0.833
2560788814784,1777558739,965304643,lateral_planner_node,7753,4.167
2560788814784,1777558739,965304643,lifecycle_manager_map,7622,1.667
2560788814784,1777558739,965304643,map_server,7620,0.833
2560788814784,1777558739,965304643,odom_fused,7565,1.667
2560788814784,1777558739,965304643,performance_monitor,7796,0.833
2560788814784,1777558739,965304643,pipeline_latency_monitor,7794,2.500
2560788814784,1777558739,965304643,scan_splitter_node,7656,1.667
2560788814784,1777558739,965304643,static_baselink_to_imu,7690,0.000
2560788814784,1777558739,965304643,static_baselink_to_laser,7675,0.833
2560788814784,1777558739,965304643,vesc_container,7624,5.833
2560988821921,1777558740,165311491,/vrpn_mocap/vrpn_mocap_client_node,2369,0.000
2560988821921,1777558740,165311491,ackermann_mux,7630,0.000
2560988821921,1777558740,165311491,ekf_localization,7569,1.667
2560988821921,1777558740,165311491,gpu_amcl_cpp,7567,1.667
2560988821921,1777558740,165311491,hokuyo_scip_driver,7636,0.000
2560988821921,1777558740,165311491,joy,7626,0.833
2560988821921,1777558740,165311491,joy_teleop,7628,0.833
2560988821921,1777558740,165311491,lateral_planner_node,7753,3.333
2560988821921,1777558740,165311491,lifecycle_manager_map,7622,0.000
2560988821921,1777558740,165311491,map_server,7620,0.000
2560988821921,1777558740,165311491,odom_fused,7565,1.667
2560988821921,1777558740,165311491,performance_monitor,7796,0.833
2560988821921,1777558740,165311491,pipeline_latency_monitor,7794,1.667
2560988821921,1777558740,165311491,scan_splitter_node,7656,0.833
2560988821921,1777558740,165311491,static_baselink_to_imu,7690,0.000
2560988821921,1777558740,165311491,static_baselink_to_laser,7675,0.000
2560988821921,1777558740,165311491,vesc_container,7624,5.000
2561188818081,1777558740,365307204,/vrpn_mocap/vrpn_mocap_client_node,2369,0.000
2561188818081,1777558740,365307204,ackermann_mux,7630,0.000
2561188818081,1777558740,365307204,ekf_localization,7569,1.667
2561188818081,1777558740,365307204,gpu_amcl_cpp,7567,1.667
2561188818081,1777558740,365307204,hokuyo_scip_driver,7636,0.000
2561188818081,1777558740,365307204,joy,7626,0.000
2561188818081,1777558740,365307204,joy_teleop,7628,0.000
2561188818081,1777558740,365307204,lateral_planner_node,7753,3.333
2561188818081,1777558740,365307204,lifecycle_manager_map,7622,0.000
2561188818081,1777558740,365307204,map_server,7620,0.000
2561188818081,1777558740,365307204,odom_fused,7565,0.833
2561188818081,1777558740,365307204,performance_monitor,7796,0.000
2561188818081,1777558740,365307204,pipeline_latency_monitor,7794,0.833
2561188818081,1777558740,365307204,scan_splitter_node,7656,0.833
2561188818081,1777558740,365307204,static_baselink_to_imu,7690,0.000
2561188818081,1777558740,365307204,static_baselink_to_laser,7675,0.000
2561188818081,1777558740,365307204,vesc_container,7624,5.000
2561388797729,1777558740,572746005,/vrpn_mocap/vrpn_mocap_client_node,2369,1.667
2561388797729,1777558740,572746005,ackermann_mux,7630,0.833
2561388797729,1777558740,572746005,ekf_localization,7569,1.667
2561388797729,1777558740,572746005,gpu_amcl_cpp,7567,0.833
2561388797729,1777558740,572746005,hokuyo_scip_driver,7636,0.833
2561388797729,1777558740,572746005,joy,7626,0.833
2561388797729,1777558740,572746005,joy_teleop,7628,0.833
2561388797729,1777558740,572746005,lateral_planner_node,7753,3.334
2561388797729,1777558740,572746005,lifecycle_manager_map,7622,0.833
2561388797729,1777558740,572746005,map_server,7620,0.000
2561388797729,1777558740,572746005,odom_fused,7565,0.000
2561388797729,1777558740,572746005,performance_monitor,7796,1.667
2561388797729,1777558740,572746005,pipeline_latency_monitor,7794,1.667
2561388797729,1777558740,572746005,scan_splitter_node,7656,1.667
2561388797729,1777558740,572746005,static_baselink_to_imu,7690,0.833
2561388797729,1777558740,572746005,static_baselink_to_laser,7675,0.000
2561388797729,1777558740,572746005,vesc_container,7624,5.834
2561588822306,1777558740,765311013,/vrpn_mocap/vrpn_mocap_client_node,2369,0.833
2561588822306,1777558740,765311013,ackermann_mux,7630,0.000
2561588822306,1777558740,765311013,ekf_localization,7569,0.833
2561588822306,1777558740,765311013,gpu_amcl_cpp,7567,1.666
2561588822306,1777558740,765311013,hokuyo_scip_driver,7636,0.000
2561588822306,1777558740,765311013,joy,7626,0.000
2561588822306,1777558740,765311013,joy_teleop,7628,0.000
2561588822306,1777558740,765311013,lateral_planner_node,7753,4.166
2561588822306,1777558740,765311013,lifecycle_manager_map,7622,0.000
2561588822306,1777558740,765311013,map_server,7620,0.000
2561588822306,1777558740,765311013,odom_fused,7565,1.666
2561588822306,1777558740,765311013,performance_monitor,7796,0.833
2561588822306,1777558740,765311013,pipeline_latency_monitor,7794,0.000
2561588822306,1777558740,765311013,scan_splitter_node,7656,0.833
2561588822306,1777558740,765311013,static_baselink_to_imu,7690,0.000
2561588822306,1777558740,765311013,static_baselink_to_laser,7675,0.833
2561588822306,1777558740,765311013,vesc_container,7624,4.999
2561788817283,1777558740,965306053,/vrpn_mocap/vrpn_mocap_client_node,2369,0.000
2561788817283,1777558740,965306053,ackermann_mux,7630,0.000
2561788817283,1777558740,965306053,ekf_localization,7569,1.667
2561788817283,1777558740,965306053,gpu_amcl_cpp,7567,0.833
2561788817283,1777558740,965306053,hokuyo_scip_driver,7636,0.000
2561788817283,1777558740,965306053,joy,7626,0.000
2561788817283,1777558740,965306053,joy_teleop,7628,0.833
2561788817283,1777558740,965306053,lateral_planner_node,7753,3.333
2561788817283,1777558740,965306053,lifecycle_manager_map,7622,0.000
2561788817283,1777558740,965306053,map_server,7620,0.000
2561788817283,1777558740,965306053,odom_fused,7565,0.000
2561788817283,1777558740,965306053,performance_monitor,7796,0.000
2561788817283,1777558740,965306053,pipeline_latency_monitor,7794,0.833
2561788817283,1777558740,965306053,scan_splitter_node,7656,0.833
2561788817283,1777558740,965306053,static_baselink_to_imu,7690,0.000
2561788817283,1777558740,965306053,static_baselink_to_laser,7675,0.000
2561788817283,1777558740,965306053,vesc_container,7624,4.167
2561988817315,1777558741,165307237,/vrpn_mocap/vrpn_mocap_client_node,2369,0.833
2561988817315,1777558741,165307237,ackermann_mux,7630,0.000
2561988817315,1777558741,165307237,ekf_localization,7569,0.833
2561988817315,1777558741,165307237,gpu_amcl_cpp,7567,1.667
2561988817315,1777558741,165307237,hokuyo_scip_driver,7636,0.000
2561988817315,1777558741,165307237,joy,7626,0.833
2561988817315,1777558741,165307237,joy_teleop,7628,0.000
2561988817315,1777558741,165307237,lateral_planner_node,7753,3.333
2561988817315,1777558741,165307237,lifecycle_manager_map,7622,0.000
2561988817315,1777558741,165307237,map_server,7620,0.833
2561988817315,1777558741,165307237,odom_fused,7565,1.667
2561988817315,1777558741,165307237,performance_monitor,7796,0.833
2561988817315,1777558741,165307237,pipeline_latency_monitor,7794,0.833
2561988817315,1777558741,165307237,scan_splitter_node,7656,1.667
2561988817315,1777558741,165307237,static_baselink_to_imu,7690,0.000
2561988817315,1777558741,165307237,static_baselink_to_laser,7675,0.000
2561988817315,1777558741,165307237,vesc_container,7624,5.833
2562188816580,1777558741,365307238,/vrpn_mocap/vrpn_mocap_client_node,2369,0.833
2562188816580,1777558741,365307238,ackermann_mux,7630,0.000
2562188816580,1777558741,365307238,ekf_localization,7569,0.833
2562188816580,1777558741,365307238,gpu_amcl_cpp,7567,2.500
2562188816580,1777558741,365307238,hokuyo_scip_driver,7636,0.000
2562188816580,1777558741,365307238,joy,7626,0.000
2562188816580,1777558741,365307238,joy_teleop,7628,0.000
2562188816580,1777558741,365307238,lateral_planner_node,7753,3.333
2562188816580,1777558741,365307238,lifecycle_manager_map,7622,0.000
2562188816580,1777558741,365307238,map_server,7620,0.000
2562188816580,1777558741,365307238,odom_fused,7565,0.833
2562188816580,1777558741,365307238,performance_monitor,7796,0.000
2562188816580,1777558741,365307238,pipeline_latency_monitor,7794,1.667
2562188816580,1777558741,365307238,scan_splitter_node,7656,0.833
2562188816580,1777558741,365307238,static_baselink_to_imu,7690,0.000
2562188816580,1777558741,365307238,static_baselink_to_laser,7675,0.000
2562188816580,1777558741,365307238,vesc_container,7624,5.000
2562388838885,1777558741,574434176,/vrpn_mocap/vrpn_mocap_client_node,2369,0.833
2562388838885,1777558741,574434176,ackermann_mux,7630,0.833
2562388838885,1777558741,574434176,ekf_localization,7569,1.666
2562388838885,1777558741,574434176,gpu_amcl_cpp,7567,0.833
2562388838885,1777558741,574434176,hokuyo_scip_driver,7636,0.833
2562388838885,1777558741,574434176,joy,7626,0.833
2562388838885,1777558741,574434176,joy_teleop,7628,0.833
2562388838885,1777558741,574434176,lateral_planner_node,7753,4.999
2562388838885,1777558741,574434176,lifecycle_manager_map,7622,0.833
2562388838885,1777558741,574434176,map_server,7620,0.833
2562388838885,1777558741,574434176,odom_fused,7565,1.666
2562388838885,1777558741,574434176,performance_monitor,7796,2.500
2562388838885,1777558741,574434176,pipeline_latency_monitor,7794,1.666
2562388838885,1777558741,574434176,scan_splitter_node,7656,1.666
2562388838885,1777558741,574434176,static_baselink_to_imu,7690,0.833
2562388838885,1777558741,574434176,static_baselink_to_laser,7675,0.833
2562388838885,1777558741,574434176,vesc_container,7624,6.666
2562588820421,1777558741,765310407,/vrpn_mocap/vrpn_mocap_client_node,2369,2.500
2562588820421,1777558741,765310407,ackermann_mux,7630,2.500
2562588820421,1777558741,765310407,ekf_localization,7569,1.667
2562588820421,1777558741,765310407,gpu_amcl_cpp,7567,1.667
2562588820421,1777558741,765310407,hokuyo_scip_driver,7636,0.833
2562588820421,1777558741,765310407,joy,7626,1.667
2562588820421,1777558741,765310407,joy_teleop,7628,0.833
2562588820421,1777558741,765310407,lateral_planner_node,7753,4.167
2562588820421,1777558741,765310407,lifecycle_manager_map,7622,0.833
2562588820421,1777558741,765310407,map_server,7620,1.667
2562588820421,1777558741,765310407,odom_fused,7565,0.833
2562588820421,1777558741,765310407,performance_monitor,7796,3.334
2562588820421,1777558741,765310407,pipeline_latency_monitor,7794,0.833
2562588820421,1777558741,765310407,scan_splitter_node,7656,1.667
2562588820421,1777558741,765310407,static_baselink_to_imu,7690,0.833
2562588820421,1777558741,765310407,static_baselink_to_laser,7675,0.000
2562588820421,1777558741,765310407,vesc_container,7624,6.667
2562788815749,1777558741,965305607,/vrpn_mocap/vrpn_mocap_client_node,2369,0.833
2562788815749,1777558741,965305607,ackermann_mux,7630,0.833
2562788815749,1777558741,965305607,ekf_localization,7569,2.500
2562788815749,1777558741,965305607,gpu_amcl_cpp,7567,2.500
2562788815749,1777558741,965305607,hokuyo_scip_driver,7636,1.667
2562788815749,1777558741,965305607,joy,7626,0.000
2562788815749,1777558741,965305607,joy_teleop,7628,0.833
2562788815749,1777558741,965305607,lateral_planner_node,7753,3.333
2562788815749,1777558741,965305607,lifecycle_manager_map,7622,0.833
2562788815749,1777558741,965305607,map_server,7620,0.833
2562788815749,1777558741,965305607,odom_fused,7565,1.667
2562788815749,1777558741,965305607,performance_monitor,7796,1.667
2562788815749,1777558741,965305607,pipeline_latency_monitor,7794,1.667
2562788815749,1777558741,965305607,scan_splitter_node,7656,0.833
2562788815749,1777558741,965305607,static_baselink_to_imu,7690,0.833
2562788815749,1777558741,965305607,static_baselink_to_laser,7675,0.833
2562788815749,1777558741,965305607,vesc_container,7624,5.833
2562988815173,1777558742,165304296,/vrpn_mocap/vrpn_mocap_client_node,2369,0.833
2562988815173,1777558742,165304296,ackermann_mux,7630,0.000
2562988815173,1777558742,165304296,ekf_localization,7569,1.667
2562988815173,1777558742,165304296,gpu_amcl_cpp,7567,2.500
2562988815173,1777558742,165304296,hokuyo_scip_driver,7636,0.000
2562988815173,1777558742,165304296,joy,7626,1.667
2562988815173,1777558742,165304296,joy_teleop,7628,1.667
2562988815173,1777558742,165304296,lateral_planner_node,7753,3.333
2562988815173,1777558742,165304296,lifecycle_manager_map,7622,0.833
2562988815173,1777558742,165304296,map_server,7620,0.000
2562988815173,1777558742,165304296,odom_fused,7565,1.667
2562988815173,1777558742,165304296,performance_monitor,7796,2.500
2562988815173,1777558742,165304296,pipeline_latency_monitor,7794,1.667
2562988815173,1777558742,165304296,scan_splitter_node,7656,1.667
2562988815173,1777558742,165304296,static_baselink_to_imu,7690,0.833
2562988815173,1777558742,165304296,static_baselink_to_laser,7675,0.833
2562988815173,1777558742,165304296,vesc_container,7624,5.833
2563188815974,1777558742,365306024,/vrpn_mocap/vrpn_mocap_client_node,2369,0.833
2563188815974,1777558742,365306024,ackermann_mux,7630,0.000
2563188815974,1777558742,365306024,ekf_localization,7569,1.667
2563188815974,1777558742,365306024,gpu_amcl_cpp,7567,1.667
2563188815974,1777558742,365306024,hokuyo_scip_driver,7636,0.000
2563188815974,1777558742,365306024,joy,7626,0.000
2563188815974,1777558742,365306024,joy_teleop,7628,0.000
2563188815974,1777558742,365306024,lateral_planner_node,7753,4.167
2563188815974,1777558742,365306024,lifecycle_manager_map,7622,0.000
2563188815974,1777558742,365306024,map_server,7620,0.833
2563188815974,1777558742,365306024,odom_fused,7565,0.833
2563188815974,1777558742,365306024,performance_monitor,7796,0.000
2563188815974,1777558742,365306024,pipeline_latency_monitor,7794,1.667
2563188815974,1777558742,365306024,scan_splitter_node,7656,1.667
2563188815974,1777558742,365306024,static_baselink_to_imu,7690,0.000
2563188815974,1777558742,365306024,static_baselink_to_laser,7675,0.000
2563188815974,1777558742,365306024,vesc_container,7624,5.000
2563388817990,1777558742,571557406,/vrpn_mocap/vrpn_mocap_client_node,2369,0.833
2563388817990,1777558742,571557406,ackermann_mux,7630,0.833
2563388817990,1777558742,571557406,ekf_localization,7569,1.667
2563388817990,1777558742,571557406,gpu_amcl_cpp,7567,1.667
2563388817990,1777558742,571557406,hokuyo_scip_driver,7636,0.833
2563388817990,1777558742,571557406,joy,7626,0.833
2563388817990,1777558742,571557406,joy_teleop,7628,0.833
2563388817990,1777558742,571557406,lateral_planner_node,7753,4.167
2563388817990,1777558742,571557406,lifecycle_manager_map,7622,0.000
2563388817990,1777558742,571557406,map_server,7620,0.000
2563388817990,1777558742,571557406,mpc_hardware_node,7825,0.000
2563388817990,1777558742,571557406,odom_fused,7565,1.667
2563388817990,1777558742,571557406,performance_monitor,7796,2.500
2563388817990,1777558742,571557406,pipeline_latency_monitor,7794,0.833
2563388817990,1777558742,571557406,scan_splitter_node,7656,1.667
2563388817990,1777558742,571557406,static_baselink_to_imu,7690,0.000
2563388817990,1777558742,571557406,static_baselink_to_laser,7675,0.000
2563388817990,1777558742,571557406,vesc_container,7624,5.833
2563588822407,1777558742,765310953,/vrpn_mocap/vrpn_mocap_client_node,2369,0.000
2563588822407,1777558742,765310953,ackermann_mux,7630,0.833
2563588822407,1777558742,765310953,ekf_localization,7569,1.667
2563588822407,1777558742,765310953,gpu_amcl_cpp,7567,0.833
2563588822407,1777558742,765310953,hokuyo_scip_driver,7636,0.000
2563588822407,1777558742,765310953,joy,7626,0.000
2563588822407,1777558742,765310953,joy_teleop,7628,0.000
2563588822407,1777558742,765310953,lateral_planner_node,7753,2.500
2563588822407,1777558742,765310953,lifecycle_manager_map,7622,0.000
2563588822407,1777558742,765310953,map_server,7620,0.000
2563588822407,1777558742,765310953,mpc_hardware_node,7825,0.000
2563588822407,1777558742,765310953,odom_fused,7565,0.833
2563588822407,1777558742,765310953,performance_monitor,7796,0.000
2563588822407,1777558742,765310953,pipeline_latency_monitor,7794,0.833
2563588822407,1777558742,765310953,scan_splitter_node,7656,0.833
2563588822407,1777558742,765310953,static_baselink_to_imu,7690,0.000
2563588822407,1777558742,765310953,static_baselink_to_laser,7675,0.000
2563588822407,1777558742,765310953,vesc_container,7624,5.000
2563788821479,1777558742,965310922,/vrpn_mocap/vrpn_mocap_client_node,2369,0.833
2563788821479,1777558742,965310922,ackermann_mux,7630,0.000
2563788821479,1777558742,965310922,ekf_localization,7569,0.833
2563788821479,1777558742,965310922,gpu_amcl_cpp,7567,1.667
2563788821479,1777558742,965310922,hokuyo_scip_driver,7636,0.000
2563788821479,1777558742,965310922,joy,7626,0.000
2563788821479,1777558742,965310922,joy_teleop,7628,0.833
2563788821479,1777558742,965310922,lateral_planner_node,7753,4.167
2563788821479,1777558742,965310922,lifecycle_manager_map,7622,0.000
2563788821479,1777558742,965310922,map_server,7620,0.000
2563788821479,1777558742,965310922,mpc_hardware_node,7825,0.833
2563788821479,1777558742,965310922,odom_fused,7565,0.833
2563788821479,1777558742,965310922,performance_monitor,7796,0.833
2563788821479,1777558742,965310922,pipeline_latency_monitor,7794,0.833
2563788821479,1777558742,965310922,scan_splitter_node,7656,0.833
2563788821479,1777558742,965310922,static_baselink_to_imu,7690,0.000
2563788821479,1777558742,965310922,static_baselink_to_laser,7675,0.000
2563788821479,1777558742,965310922,vesc_container,7624,5.000
2563988815496,1777558743,165304138,/vrpn_mocap/vrpn_mocap_client_node,2369,0.833
2563988815496,1777558743,165304138,ackermann_mux,7630,0.000
2563988815496,1777558743,165304138,ekf_localization,7569,1.667
2563988815496,1777558743,165304138,gpu_amcl_cpp,7567,0.833
2563988815496,1777558743,165304138,hokuyo_scip_driver,7636,0.000
2563988815496,1777558743,165304138,joy,7626,0.000
2563988815496,1777558743,165304138,joy_teleop,7628,0.000
2563988815496,1777558743,165304138,lateral_planner_node,7753,3.333
2563988815496,1777558743,165304138,lifecycle_manager_map,7622,0.000
2563988815496,1777558743,165304138,map_server,7620,0.000
2563988815496,1777558743,165304138,mpc_hardware_node,7825,0.000
2563988815496,1777558743,165304138,odom_fused,7565,0.833
2563988815496,1777558743,165304138,performance_monitor,7796,0.000
2563988815496,1777558743,165304138,pipeline_latency_monitor,7794,0.833
2563988815496,1777558743,165304138,scan_splitter_node,7656,0.833
2563988815496,1777558743,165304138,static_baselink_to_imu,7690,0.000
2563988815496,1777558743,165304138,static_baselink_to_laser,7675,0.000
2563988815496,1777558743,165304138,vesc_container,7624,5.000
2564188820872,1777558743,365310314,/vrpn_mocap/vrpn_mocap_client_node,2369,0.000
2564188820872,1777558743,365310314,ackermann_mux,7630,0.000
2564188820872,1777558743,365310314,ekf_localization,7569,0.000
2564188820872,1777558743,365310314,gpu_amcl_cpp,7567,1.667
2564188820872,1777558743,365310314,hokuyo_scip_driver,7636,0.000
2564188820872,1777558743,365310314,joy,7626,0.833
2564188820872,1777558743,365310314,joy_teleop,7628,0.833
2564188820872,1777558743,365310314,lateral_planner_node,7753,3.333
2564188820872,1777558743,365310314,lifecycle_manager_map,7622,0.000
2564188820872,1777558743,365310314,map_server,7620,0.000
2564188820872,1777558743,365310314,mpc_hardware_node,7825,0.833
2564188820872,1777558743,365310314,odom_fused,7565,0.833
2564188820872,1777558743,365310314,performance_monitor,7796,0.833
2564188820872,1777558743,365310314,pipeline_latency_monitor,7794,0.833
2564188820872,1777558743,365310314,scan_splitter_node,7656,0.833
2564188820872,1777558743,365310314,static_baselink_to_imu,7690,0.000
2564188820872,1777558743,365310314,static_baselink_to_laser,7675,0.000
2564188820872,1777558743,365310314,vesc_container,7624,5.000
2564389425719,1777558743,575203799,/vrpn_mocap/vrpn_mocap_client_node,2369,0.831
2564389425719,1777558743,575203799,ackermann_mux,7630,0.000
2564389425719,1777558743,575203799,ekf_localization,7569,2.492
2564389425719,1777558743,575203799,gpu_amcl_cpp,7567,1.662
2564389425719,1777558743,575203799,hokuyo_scip_driver,7636,0.000
2564389425719,1777558743,575203799,joy,7626,0.000
2564389425719,1777558743,575203799,joy_teleop,7628,0.000
2564389425719,1777558743,575203799,lateral_planner_node,7753,3.323
2564389425719,1777558743,575203799,lifecycle_manager_map,7622,0.000
2564389425719,1777558743,575203799,map_server,7620,0.831
2564389425719,1777558743,575203799,mpc_hardware_node,7825,0.000
2564389425719,1777558743,575203799,odom_fused,7565,0.831
2564389425719,1777558743,575203799,performance_monitor,7796,1.662
2564389425719,1777558743,575203799,pipeline_latency_monitor,7794,0.831
2564389425719,1777558743,575203799,scan_splitter_node,7656,1.662
2564389425719,1777558743,575203799,static_baselink_to_imu,7690,0.831
2564389425719,1777558743,575203799,static_baselink_to_laser,7675,0.831
2564389425719,1777558743,575203799,vesc_container,7624,4.985
2564588823049,1777558743,765311883,/vrpn_mocap/vrpn_mocap_client_node,2369,0.836
2564588823049,1777558743,765311883,ackermann_mux,7630,0.000
2564588823049,1777558743,765311883,ekf_localization,7569,0.836
2564588823049,1777558743,765311883,gpu_amcl_cpp,7567,1.672
2564588823049,1777558743,765311883,hokuyo_scip_driver,7636,1.672
2564588823049,1777558743,765311883,joy,7626,0.836
2564588823049,1777558743,765311883,joy_teleop,7628,0.000
2564588823049,1777558743,765311883,lateral_planner_node,7753,4.179
2564588823049,1777558743,765311883,lifecycle_manager_map,7622,0.000
2564588823049,1777558743,765311883,map_server,7620,0.000
2564588823049,1777558743,765311883,mpc_hardware_node,7825,2.508
2564588823049,1777558743,765311883,odom_fused,7565,0.836
2564588823049,1777558743,765311883,performance_monitor,7796,0.000
2564588823049,1777558743,765311883,pipeline_latency_monitor,7794,0.836
2564588823049,1777558743,765311883,scan_splitter_node,7656,0.836
2564588823049,1777558743,765311883,static_baselink_to_imu,7690,0.000
2564588823049,1777558743,765311883,static_baselink_to_laser,7675,0.000
2564588823049,1777558743,765311883,vesc_container,7624,5.015
2564788823850,1777558743,965312748,/vrpn_mocap/vrpn_mocap_client_node,2369,0.833
2564788823850,1777558743,965312748,ackermann_mux,7630,0.000
2564788823850,1777558743,965312748,ekf_localization,7569,0.833
2564788823850,1777558743,965312748,gpu_amcl_cpp,7567,0.833
2564788823850,1777558743,965312748,hokuyo_scip_driver,7636,0.000
2564788823850,1777558743,965312748,joy,7626,0.000
2564788823850,1777558743,965312748,joy_teleop,7628,0.000
2564788823850,1777558743,965312748,lateral_planner_node,7753,3.333
2564788823850,1777558743,965312748,lifecycle_manager_map,7622,0.000
2564788823850,1777558743,965312748,map_server,7620,0.000
2564788823850,1777558743,965312748,mpc_hardware_node,7825,2.500
2564788823850,1777558743,965312748,odom_fused,7565,0.833
2564788823850,1777558743,965312748,performance_monitor,7796,0.833
2564788823850,1777558743,965312748,pipeline_latency_monitor,7794,0.833
2564788823850,1777558743,965312748,scan_splitter_node,7656,0.833
2564788823850,1777558743,965312748,static_baselink_to_imu,7690,0.000
2564788823850,1777558743,965312748,static_baselink_to_laser,7675,0.000
2564788823850,1777558743,965312748,vesc_container,7624,5.000
2564988820074,1777558744,165309644,/vrpn_mocap/vrpn_mocap_client_node,2369,0.000
2564988820074,1777558744,165309644,ackermann_mux,7630,0.833
2564988820074,1777558744,165309644,ekf_localization,7569,1.667
2564988820074,1777558744,165309644,gpu_amcl_cpp,7567,1.667
2564988820074,1777558744,165309644,hokuyo_scip_driver,7636,0.000
2564988820074,1777558744,165309644,joy,7626,0.000
2564988820074,1777558744,165309644,joy_teleop,7628,0.833
2564988820074,1777558744,165309644,lateral_planner_node,7753,3.333
2564988820074,1777558744,165309644,lifecycle_manager_map,7622,0.000
2564988820074,1777558744,165309644,map_server,7620,0.000
2564988820074,1777558744,165309644,mpc_hardware_node,7825,3.333
2564988820074,1777558744,165309644,odom_fused,7565,0.833
2564988820074,1777558744,165309644,performance_monitor,7796,0.000
2564988820074,1777558744,165309644,pipeline_latency_monitor,7794,0.833
2564988820074,1777558744,165309644,scan_splitter_node,7656,0.833
2564988820074,1777558744,165309644,static_baselink_to_imu,7690,0.000
2564988820074,1777558744,165309644,static_baselink_to_laser,7675,0.000
2564988820074,1777558744,165309644,vesc_container,7624,5.000
2565188820907,1777558744,365310797,/vrpn_mocap/vrpn_mocap_client_node,2369,0.833
2565188820907,1777558744,365310797,ackermann_mux,7630,0.000
2565188820907,1777558744,365310797,ekf_localization,7569,1.667
2565188820907,1777558744,365310797,gpu_amcl_cpp,7567,0.833
2565188820907,1777558744,365310797,hokuyo_scip_driver,7636,0.000
2565188820907,1777558744,365310797,joy,7626,0.000
2565188820907,1777558744,365310797,joy_teleop,7628,0.000
2565188820907,1777558744,365310797,lateral_planner_node,7753,3.333
2565188820907,1777558744,365310797,lifecycle_manager_map,7622,0.000
2565188820907,1777558744,365310797,map_server,7620,0.000
2565188820907,1777558744,365310797,mpc_hardware_node,7825,2.500
2565188820907,1777558744,365310797,odom_fused,7565,0.833
2565188820907,1777558744,365310797,performance_monitor,7796,0.833
2565188820907,1777558744,365310797,pipeline_latency_monitor,7794,0.833
2565188820907,1777558744,365310797,scan_splitter_node,7656,0.833
2565188820907,1777558744,365310797,static_baselink_to_imu,7690,0.000
2565188820907,1777558744,365310797,static_baselink_to_laser,7675,0.000
2565188820907,1777558744,365310797,vesc_container,7624,5.000
2565390471378,1777558744,578305859,/vrpn_mocap/vrpn_mocap_client_node,2369,0.827
2565390471378,1777558744,578305859,ackermann_mux,7630,0.827
2565390471378,1777558744,578305859,ekf_localization,7569,0.827
2565390471378,1777558744,578305859,gpu_amcl_cpp,7567,1.653
2565390471378,1777558744,578305859,hokuyo_scip_driver,7636,0.000
2565390471378,1777558744,578305859,joy,7626,0.827
2565390471378,1777558744,578305859,joy_teleop,7628,0.827
2565390471378,1777558744,578305859,lateral_planner_node,7753,4.959
2565390471378,1777558744,578305859,lifecycle_manager_map,7622,1.653
2565390471378,1777558744,578305859,map_server,7620,0.827
2565390471378,1777558744,578305859,mpc_hardware_node,7825,3.306
2565390471378,1777558744,578305859,odom_fused,7565,0.827
2565390471378,1777558744,578305859,performance_monitor,7796,0.827
2565390471378,1777558744,578305859,pipeline_latency_monitor,7794,0.827
2565390471378,1777558744,578305859,scan_splitter_node,7656,1.653
2565390471378,1777558744,578305859,static_baselink_to_imu,7690,0.000
2565390471378,1777558744,578305859,static_baselink_to_laser,7675,0.000
2565390471378,1777558744,578305859,vesc_container,7624,6.612
2565588816939,1777558744,765305261,/vrpn_mocap/vrpn_mocap_client_node,2369,0.000
2565588816939,1777558744,765305261,ackermann_mux,7630,0.000
2565588816939,1777558744,765305261,ekf_localization,7569,1.681
2565588816939,1777558744,765305261,gpu_amcl_cpp,7567,1.681
2565588816939,1777558744,765305261,hokuyo_scip_driver,7636,0.840
2565588816939,1777558744,765305261,joy,7626,0.840
2565588816939,1777558744,765305261,joy_teleop,7628,0.000
2565588816939,1777558744,765305261,lateral_planner_node,7753,2.521
2565588816939,1777558744,765305261,lifecycle_manager_map,7622,0.000
2565588816939,1777558744,765305261,map_server,7620,0.000
2565588816939,1777558744,765305261,mpc_hardware_node,7825,1.681
2565588816939,1777558744,765305261,odom_fused,7565,0.840
2565588816939,1777558744,765305261,performance_monitor,7796,0.840
2565588816939,1777558744,765305261,pipeline_latency_monitor,7794,1.681
2565588816939,1777558744,765305261,scan_splitter_node,7656,0.840
2565588816939,1777558744,765305261,static_baselink_to_imu,7690,0.000
2565588816939,1777558744,765305261,static_baselink_to_laser,7675,0.840
2565588816939,1777558744,765305261,vesc_container,7624,5.042
2565788816364,1777558744,965305230,/vrpn_mocap/vrpn_mocap_client_node,2369,0.833
2565788816364,1777558744,965305230,ackermann_mux,7630,0.000
2565788816364,1777558744,965305230,ekf_localization,7569,1.667
2565788816364,1777558744,965305230,gpu_amcl_cpp,7567,0.833
2565788816364,1777558744,965305230,hokuyo_scip_driver,7636,0.000
2565788816364,1777558744,965305230,joy,7626,0.000
2565788816364,1777558744,965305230,joy_teleop,7628,0.833
2565788816364,1777558744,965305230,lateral_planner_node,7753,4.167
2565788816364,1777558744,965305230,lifecycle_manager_map,7622,0.000
2565788816364,1777558744,965305230,map_server,7620,0.000
2565788816364,1777558744,965305230,mpc_hardware_node,7825,0.000
2565788816364,1777558744,965305230,odom_fused,7565,1.667
2565788816364,1777558744,965305230,performance_monitor,7796,0.833
2565788816364,1777558744,965305230,pipeline_latency_monitor,7794,0.833
2565788816364,1777558744,965305230,scan_splitter_node,7656,1.667
2565788816364,1777558744,965305230,static_baselink_to_imu,7690,0.833
2565788816364,1777558744,965305230,static_baselink_to_laser,7675,0.000
2565788816364,1777558744,965305230,vesc_container,7624,5.833
2565988822604,1777558745,165312462,/vrpn_mocap/vrpn_mocap_client_node,2369,0.833
2565988822604,1777558745,165312462,ackermann_mux,7630,0.833
2565988822604,1777558745,165312462,ekf_localization,7569,0.833
2565988822604,1777558745,165312462,gpu_amcl_cpp,7567,2.500
2565988822604,1777558745,165312462,hokuyo_scip_driver,7636,0.000
2565988822604,1777558745,165312462,joy,7626,0.833
2565988822604,1777558745,165312462,joy_teleop,7628,0.000
2565988822604,1777558745,165312462,lateral_planner_node,7753,3.333
2565988822604,1777558745,165312462,lifecycle_manager_map,7622,0.000
2565988822604,1777558745,165312462,map_server,7620,0.833
2565988822604,1777558745,165312462,mpc_hardware_node,7825,1.667
2565988822604,1777558745,165312462,odom_fused,7565,0.000
2565988822604,1777558745,165312462,performance_monitor,7796,0.833
2565988822604,1777558745,165312462,pipeline_latency_monitor,7794,0.833
2565988822604,1777558745,165312462,scan_splitter_node,7656,0.833
2565988822604,1777558745,165312462,static_baselink_to_imu,7690,0.833
2565988822604,1777558745,165312462,static_baselink_to_laser,7675,0.000
2565988822604,1777558745,165312462,vesc_container,7624,5.833
2566188821133,1777558745,365310543,/vrpn_mocap/vrpn_mocap_client_node,2369,0.000
2566188821133,1777558745,365310543,ackermann_mux,7630,0.000
2566188821133,1777558745,365310543,ekf_localization,7569,1.667
2566188821133,1777558745,365310543,gpu_amcl_cpp,7567,0.833
2566188821133,1777558745,365310543,hokuyo_scip_driver,7636,0.833
2566188821133,1777558745,365310543,joy,7626,0.000
2566188821133,1777558745,365310543,joy_teleop,7628,0.000
2566188821133,1777558745,365310543,lateral_planner_node,7753,3.333
2566188821133,1777558745,365310543,lifecycle_manager_map,7622,0.000
2566188821133,1777558745,365310543,map_server,7620,0.000
2566188821133,1777558745,365310543,mpc_hardware_node,7825,0.000
2566188821133,1777558745,365310543,odom_fused,7565,0.833
2566188821133,1777558745,365310543,performance_monitor,7796,0.000
2566188821133,1777558745,365310543,pipeline_latency_monitor,7794,0.833
2566188821133,1777558745,365310543,scan_splitter_node,7656,0.833
2566188821133,1777558745,365310543,static_baselink_to_imu,7690,0.000
2566188821133,1777558745,365310543,static_baselink_to_laser,7675,0.833
2566188821133,1777558745,365310543,vesc_container,7624,5.000
2566388824589,1777558745,572448474,/vrpn_mocap/vrpn_mocap_client_node,2369,0.833
2566388824589,1777558745,572448474,ackermann_mux,7630,0.000
2566388824589,1777558745,572448474,ekf_localization,7569,0.833
2566388824589,1777558745,572448474,gpu_amcl_cpp,7567,1.667
2566388824589,1777558745,572448474,hokuyo_scip_driver,7636,0.000
2566388824589,1777558745,572448474,joy,7626,0.000
2566388824589,1777558745,572448474,joy_teleop,7628,0.833
2566388824589,1777558745,572448474,lateral_planner_node,7753,3.333
2566388824589,1777558745,572448474,lifecycle_manager_map,7622,0.000
2566388824589,1777558745,572448474,map_server,7620,0.000
2566388824589,1777558745,572448474,mpc_hardware_node,7825,0.000
2566388824589,1777558745,572448474,odom_fused,7565,0.833
2566388824589,1777558745,572448474,performance_monitor,7796,0.833
2566388824589,1777558745,572448474,pipeline_latency_monitor,7794,0.833
2566388824589,1777558745,572448474,scan_splitter_node,7656,0.833
2566388824589,1777558745,572448474,static_baselink_to_imu,7690,0.000
2566388824589,1777558745,572448474,static_baselink_to_laser,7675,0.000
2566388824589,1777558745,572448474,vesc_container,7624,5.000
2566588843438,1777558745,765334128,/vrpn_mocap/vrpn_mocap_client_node,2369,0.833
2566588843438,1777558745,765334128,ackermann_mux,7630,0.833
2566588843438,1777558745,765334128,ekf_localization,7569,1.667
2566588843438,1777558745,765334128,gpu_amcl_cpp,7567,0.833
2566588843438,1777558745,765334128,hokuyo_scip_driver,7636,0.000
2566588843438,1777558745,765334128,joy,7626,0.833
2566588843438,1777558745,765334128,joy_teleop,7628,0.000
2566588843438,1777558745,765334128,lateral_planner_node,7753,4.166
2566588843438,1777558745,765334128,lifecycle_manager_map,7622,0.000
2566588843438,1777558745,765334128,map_server,7620,0.833
2566588843438,1777558745,765334128,mpc_hardware_node,7825,5.000
2566588843438,1777558745,765334128,odom_fused,7565,1.667
2566588843438,1777558745,765334128,performance_monitor,7796,1.667
2566588843438,1777558745,765334128,pipeline_latency_monitor,7794,1.667
2566588843438,1777558745,765334128,scan_splitter_node,7656,1.667
2566588843438,1777558745,765334128,static_baselink_to_imu,7690,0.000
2566588843438,1777558745,765334128,static_baselink_to_laser,7675,0.000
2566588843438,1777558745,765334128,vesc_container,7624,8.333
2566788823758,1777558745,965314480,/vrpn_mocap/vrpn_mocap_client_node,2369,0.000
2566788823758,1777558745,965314480,ackermann_mux,7630,0.833
2566788823758,1777558745,965314480,ekf_localization,7569,1.667
2566788823758,1777558745,965314480,gpu_amcl_cpp,7567,1.667
2566788823758,1777558745,965314480,hokuyo_scip_driver,7636,0.000
2566788823758,1777558745,965314480,joy,7626,0.000
2566788823758,1777558745,965314480,joy_teleop,7628,0.000
2566788823758,1777558745,965314480,lateral_planner_node,7753,3.334
2566788823758,1777558745,965314480,lifecycle_manager_map,7622,0.000
2566788823758,1777558745,965314480,map_server,7620,0.000
2566788823758,1777558745,965314480,mpc_hardware_node,7825,3.334
2566788823758,1777558745,965314480,odom_fused,7565,0.833
2566788823758,1777558745,965314480,performance_monitor,7796,0.000
2566788823758,1777558745,965314480,pipeline_latency_monitor,7794,1.667
2566788823758,1777558745,965314480,scan_splitter_node,7656,0.833
2566788823758,1777558745,965314480,static_baselink_to_imu,7690,0.000
2566788823758,1777558745,965314480,static_baselink_to_laser,7675,0.000
2566788823758,1777558745,965314480,vesc_container,7624,8.334
2566988825551,1777558746,165315953,/vrpn_mocap/vrpn_mocap_client_node,2369,0.833
2566988825551,1777558746,165315953,ackermann_mux,7630,0.833
2566988825551,1777558746,165315953,ekf_localization,7569,0.000
2566988825551,1777558746,165315953,gpu_amcl_cpp,7567,0.833
2566988825551,1777558746,165315953,hokuyo_scip_driver,7636,0.000
2566988825551,1777558746,165315953,joy,7626,0.000
2566988825551,1777558746,165315953,joy_teleop,7628,0.833
2566988825551,1777558746,165315953,lateral_planner_node,7753,4.167
2566988825551,1777558746,165315953,lifecycle_manager_map,7622,0.000
2566988825551,1777558746,165315953,map_server,7620,0.000
2566988825551,1777558746,165315953,mpc_hardware_node,7825,5.000
2566988825551,1777558746,165315953,odom_fused,7565,0.833
2566988825551,1777558746,165315953,performance_monitor,7796,0.000
2566988825551,1777558746,165315953,pipeline_latency_monitor,7794,2.500
2566988825551,1777558746,165315953,scan_splitter_node,7656,0.833
2566988825551,1777558746,165315953,static_baselink_to_imu,7690,0.000
2566988825551,1777558746,165315953,static_baselink_to_laser,7675,0.000
2566988825551,1777558746,165315953,vesc_container,7624,8.333
2567188907569,1777558746,365397523,/vrpn_mocap/vrpn_mocap_client_node,2369,0.000
2567188907569,1777558746,365397523,ackermann_mux,7630,1.666
2567188907569,1777558746,365397523,ekf_localization,7569,2.499
2567188907569,1777558746,365397523,gpu_amcl_cpp,7567,1.666
2567188907569,1777558746,365397523,hokuyo_scip_driver,7636,0.000
2567188907569,1777558746,365397523,joy,7626,0.833
2567188907569,1777558746,365397523,joy_teleop,7628,0.000
2567188907569,1777558746,365397523,lateral_planner_node,7753,3.332
2567188907569,1777558746,365397523,lifecycle_manager_map,7622,0.000
2567188907569,1777558746,365397523,map_server,7620,0.000
2567188907569,1777558746,365397523,mpc_hardware_node,7825,3.332
2567188907569,1777558746,365397523,odom_fused,7565,0.833
2567188907569,1777558746,365397523,performance_monitor,7796,0.833
2567188907569,1777558746,365397523,pipeline_latency_monitor,7794,0.833
2567188907569,1777558746,365397523,scan_splitter_node,7656,0.833
2567188907569,1777558746,365397523,static_baselink_to_imu,7690,0.000
2567188907569,1777558746,365397523,static_baselink_to_laser,7675,0.000
2567188907569,1777558746,365397523,vesc_container,7624,7.497
2567388920882,1777558746,571331873,/vrpn_mocap/vrpn_mocap_client_node,2369,0.833
2567388920882,1777558746,571331873,ackermann_mux,7630,0.000
2567388920882,1777558746,571331873,ekf_localization,7569,0.833
2567388920882,1777558746,571331873,gpu_amcl_cpp,7567,1.667
2567388920882,1777558746,571331873,hokuyo_scip_driver,7636,0.000
2567388920882,1777558746,571331873,joy,7626,0.000
2567388920882,1777558746,571331873,joy_teleop,7628,0.000
2567388920882,1777558746,571331873,lateral_planner_node,7753,3.333
2567388920882,1777558746,571331873,lifecycle_manager_map,7622,0.000
2567388920882,1777558746,571331873,map_server,7620,0.000
2567388920882,1777558746,571331873,mpc_hardware_node,7825,4.166
2567388920882,1777558746,571331873,odom_fused,7565,0.833
2567388920882,1777558746,571331873,performance_monitor,7796,0.833
2567388920882,1777558746,571331873,pipeline_latency_monitor,7794,1.667
2567388920882,1777558746,571331873,scan_splitter_node,7656,0.833
2567388920882,1777558746,571331873,static_baselink_to_imu,7690,0.000
2567388920882,1777558746,571331873,static_baselink_to_laser,7675,0.000
2567388920882,1777558746,571331873,vesc_container,7624,8.333
2567588825904,1777558746,765315442,/vrpn_mocap/vrpn_mocap_client_node,2369,0.834
2567588825904,1777558746,765315442,ackermann_mux,7630,1.667
2567588825904,1777558746,765315442,ekf_localization,7569,0.834
2567588825904,1777558746,765315442,gpu_amcl_cpp,7567,0.834
2567588825904,1777558746,765315442,hokuyo_scip_driver,7636,0.834
2567588825904,1777558746,765315442,joy,7626,0.000
2567588825904,1777558746,765315442,joy_teleop,7628,0.000
2567588825904,1777558746,765315442,lateral_planner_node,7753,3.335
2567588825904,1777558746,765315442,lifecycle_manager_map,7622,0.000
2567588825904,1777558746,765315442,map_server,7620,0.000
2567588825904,1777558746,765315442,mpc_hardware_node,7825,4.169
2567588825904,1777558746,765315442,odom_fused,7565,0.834
2567588825904,1777558746,765315442,performance_monitor,7796,0.834
2567588825904,1777558746,765315442,pipeline_latency_monitor,7794,1.667
2567588825904,1777558746,765315442,scan_splitter_node,7656,1.667
2567588825904,1777558746,765315442,static_baselink_to_imu,7690,0.000
2567588825904,1777558746,765315442,static_baselink_to_laser,7675,0.000
2567588825904,1777558746,765315442,vesc_container,7624,8.337
2567788822800,1777558746,965312883,/vrpn_mocap/vrpn_mocap_client_node,2369,0.000
2567788822800,1777558746,965312883,ackermann_mux,7630,0.833
2567788822800,1777558746,965312883,ekf_localization,7569,0.833
2567788822800,1777558746,965312883,gpu_amcl_cpp,7567,1.667
2567788822800,1777558746,965312883,hokuyo_scip_driver,7636,0.000
2567788822800,1777558746,965312883,joy,7626,0.000
2567788822800,1777558746,965312883,joy_teleop,7628,0.833
2567788822800,1777558746,965312883,lateral_planner_node,7753,3.333
2567788822800,1777558746,965312883,lifecycle_manager_map,7622,0.000
2567788822800,1777558746,965312883,map_server,7620,0.000
2567788822800,1777558746,965312883,mpc_hardware_node,7825,3.333
2567788822800,1777558746,965312883,odom_fused,7565,0.833
2567788822800,1777558746,965312883,performance_monitor,7796,0.000
2567788822800,1777558746,965312883,pipeline_latency_monitor,7794,1.667
2567788822800,1777558746,965312883,scan_splitter_node,7656,1.667
2567788822800,1777558746,965312883,static_baselink_to_imu,7690,0.000
2567788822800,1777558746,965312883,static_baselink_to_laser,7675,0.000
2567788822800,1777558746,965312883,vesc_container,7624,7.500
2567988886354,1777558747,165376853,/vrpn_mocap/vrpn_mocap_client_node,2369,0.833
2567988886354,1777558747,165376853,ackermann_mux,7630,0.833
2567988886354,1777558747,165376853,ekf_localization,7569,1.666
2567988886354,1777558747,165376853,gpu_amcl_cpp,7567,0.833
2567988886354,1777558747,165376853,hokuyo_scip_driver,7636,0.000
2567988886354,1777558747,165376853,joy,7626,0.000
2567988886354,1777558747,165376853,joy_teleop,7628,0.000
2567988886354,1777558747,165376853,lateral_planner_node,7753,3.332
2567988886354,1777558747,165376853,lifecycle_manager_map,7622,0.833
2567988886354,1777558747,165376853,map_server,7620,0.000
2567988886354,1777558747,165376853,mpc_hardware_node,7825,3.332
2567988886354,1777558747,165376853,odom_fused,7565,0.833
2567988886354,1777558747,165376853,performance_monitor,7796,0.833
2567988886354,1777558747,165376853,pipeline_latency_monitor,7794,2.499
2567988886354,1777558747,165376853,scan_splitter_node,7656,0.833
2567988886354,1777558747,165376853,static_baselink_to_imu,7690,0.000
2567988886354,1777558747,165376853,static_baselink_to_laser,7675,0.000
2567988886354,1777558747,165376853,vesc_container,7624,8.331
2568188824177,1777558747,365313491,/vrpn_mocap/vrpn_mocap_client_node,2369,0.000
2568188824177,1777558747,365313491,ackermann_mux,7630,1.667
2568188824177,1777558747,365313491,ekf_localization,7569,0.834
2568188824177,1777558747,365313491,gpu_amcl_cpp,7567,0.834
2568188824177,1777558747,365313491,hokuyo_scip_driver,7636,0.000
2568188824177,1777558747,365313491,joy,7626,0.000
2568188824177,1777558747,365313491,joy_teleop,7628,0.000
2568188824177,1777558747,365313491,lateral_planner_node,7753,4.168
2568188824177,1777558747,365313491,lifecycle_manager_map,7622,0.000
2568188824177,1777558747,365313491,map_server,7620,0.000
2568188824177,1777558747,365313491,mpc_hardware_node,7825,5.002
2568188824177,1777558747,365313491,odom_fused,7565,0.834
2568188824177,1777558747,365313491,performance_monitor,7796,0.834
2568188824177,1777558747,365313491,pipeline_latency_monitor,7794,0.834
2568188824177,1777558747,365313491,scan_splitter_node,7656,0.834
2568188824177,1777558747,365313491,static_baselink_to_imu,7690,0.000
2568188824177,1777558747,365313491,static_baselink_to_laser,7675,0.000
2568188824177,1777558747,365313491,vesc_container,7624,8.336
2568388858131,1777558747,571725069,/vrpn_mocap/vrpn_mocap_client_node,2369,0.833
2568388858131,1777558747,571725069,ackermann_mux,7630,0.833
2568388858131,1777558747,571725069,ekf_localization,7569,0.833
2568388858131,1777558747,571725069,gpu_amcl_cpp,7567,2.500
2568388858131,1777558747,571725069,hokuyo_scip_driver,7636,0.000
2568388858131,1777558747,571725069,joy,7626,1.666
2568388858131,1777558747,571725069,joy_teleop,7628,0.000
2568388858131,1777558747,571725069,lateral_planner_node,7753,2.500
2568388858131,1777558747,571725069,lifecycle_manager_map,7622,0.833
2568388858131,1777558747,571725069,map_server,7620,0.000
2568388858131,1777558747,571725069,mpc_hardware_node,7825,3.333
2568388858131,1777558747,571725069,odom_fused,7565,0.833
2568388858131,1777558747,571725069,performance_monitor,7796,0.833
2568388858131,1777558747,571725069,pipeline_latency_monitor,7794,2.500
2568388858131,1777558747,571725069,scan_splitter_node,7656,0.833
2568388858131,1777558747,571725069,static_baselink_to_imu,7690,0.000
2568388858131,1777558747,571725069,static_baselink_to_laser,7675,0.000
2568388858131,1777558747,571725069,vesc_container,7624,8.332
2568588827346,1777558747,765316852,/vrpn_mocap/vrpn_mocap_client_node,2369,0.833
2568588827346,1777558747,765316852,ackermann_mux,7630,0.833
2568588827346,1777558747,765316852,ekf_localization,7569,2.500
2568588827346,1777558747,765316852,gpu_amcl_cpp,7567,0.833
2568588827346,1777558747,765316852,hokuyo_scip_driver,7636,0.000
2568588827346,1777558747,765316852,joy,7626,0.000
2568588827346,1777558747,765316852,joy_teleop,7628,0.833
2568588827346,1777558747,765316852,lateral_planner_node,7753,4.167
2568588827346,1777558747,765316852,lifecycle_manager_map,7622,0.000
2568588827346,1777558747,765316852,map_server,7620,0.000
2568588827346,1777558747,765316852,mpc_hardware_node,7825,4.167
2568588827346,1777558747,765316852,odom_fused,7565,0.000
2568588827346,1777558747,765316852,performance_monitor,7796,0.000
2568588827346,1777558747,765316852,pipeline_latency_monitor,7794,1.667
2568588827346,1777558747,765316852,scan_splitter_node,7656,0.833
2568588827346,1777558747,765316852,static_baselink_to_imu,7690,0.000
2568588827346,1777558747,765316852,static_baselink_to_laser,7675,0.000
2568588827346,1777558747,765316852,vesc_container,7624,7.501
2568788901301,1777558747,965390807,/vrpn_mocap/vrpn_mocap_client_node,2369,0.000
2568788901301,1777558747,965390807,ackermann_mux,7630,1.666
2568788901301,1777558747,965390807,ekf_localization,7569,0.833
2568788901301,1777558747,965390807,gpu_amcl_cpp,7567,1.666
2568788901301,1777558747,965390807,hokuyo_scip_driver,7636,0.833
2568788901301,1777558747,965390807,joy,7626,0.000
2568788901301,1777558747,965390807,joy_teleop,7628,0.833
2568788901301,1777558747,965390807,lateral_planner_node,7753,3.332
2568788901301,1777558747,965390807,lifecycle_manager_map,7622,0.000
2568788901301,1777558747,965390807,map_server,7620,0.000
2568788901301,1777558747,965390807,mpc_hardware_node,7825,3.332
2568788901301,1777558747,965390807,odom_fused,7565,0.833
2568788901301,1777558747,965390807,performance_monitor,7796,0.833
2568788901301,1777558747,965390807,pipeline_latency_monitor,7794,0.833
2568788901301,1777558747,965390807,scan_splitter_node,7656,0.833
2568788901301,1777558747,965390807,static_baselink_to_imu,7690,0.000
2568788901301,1777558747,965390807,static_baselink_to_laser,7675,0.000
2568788901301,1777558747,965390807,vesc_container,7624,8.330
2568988825427,1777558748,165320469,/vrpn_mocap/vrpn_mocap_client_node,2369,0.834
2568988825427,1777558748,165320469,ackermann_mux,7630,0.834
2568988825427,1777558748,165320469,ekf_localization,7569,0.834
2568988825427,1777558748,165320469,gpu_amcl_cpp,7567,0.834
2568988825427,1777558748,165320469,hokuyo_scip_driver,7636,0.000
2568988825427,1777558748,165320469,joy,7626,0.000
2568988825427,1777558748,165320469,joy_teleop,7628,0.000
2568988825427,1777558748,165320469,lateral_planner_node,7753,3.335
2568988825427,1777558748,165320469,lifecycle_manager_map,7622,0.000
2568988825427,1777558748,165320469,map_server,7620,0.000
2568988825427,1777558748,165320469,mpc_hardware_node,7825,4.168
2568988825427,1777558748,165320469,odom_fused,7565,1.667
2568988825427,1777558748,165320469,performance_monitor,7796,0.834
2568988825427,1777558748,165320469,pipeline_latency_monitor,7794,1.667
2568988825427,1777558748,165320469,scan_splitter_node,7656,0.834
2568988825427,1777558748,165320469,static_baselink_to_imu,7690,0.000
2568988825427,1777558748,165320469,static_baselink_to_laser,7675,0.000
2568988825427,1777558748,165320469,vesc_container,7624,7.503
2569188820724,1777558748,365309846,/vrpn_mocap/vrpn_mocap_client_node,2369,0.000
2569188820724,1777558748,365309846,ackermann_mux,7630,0.833
2569188820724,1777558748,365309846,ekf_localization,7569,1.667
2569188820724,1777558748,365309846,gpu_amcl_cpp,7567,0.833
2569188820724,1777558748,365309846,hokuyo_scip_driver,7636,0.833
2569188820724,1777558748,365309846,joy,7626,0.000
2569188820724,1777558748,365309846,joy_teleop,7628,0.000
2569188820724,1777558748,365309846,lateral_planner_node,7753,3.333
2569188820724,1777558748,365309846,lifecycle_manager_map,7622,0.000
2569188820724,1777558748,365309846,map_server,7620,0.000
2569188820724,1777558748,365309846,mpc_hardware_node,7825,3.333
2569188820724,1777558748,365309846,odom_fused,7565,0.000
2569188820724,1777558748,365309846,performance_monitor,7796,0.000
2569188820724,1777558748,365309846,pipeline_latency_monitor,7794,2.500
2569188820724,1777558748,365309846,scan_splitter_node,7656,0.833
2569188820724,1777558748,365309846,static_baselink_to_imu,7690,0.000
2569188820724,1777558748,365309846,static_baselink_to_laser,7675,0.000
2569188820724,1777558748,365309846,vesc_container,7624,8.334
2569388845333,1777558748,571301989,/vrpn_mocap/vrpn_mocap_client_node,2369,0.833
2569388845333,1777558748,571301989,ackermann_mux,7630,0.833
2569388845333,1777558748,571301989,ekf_localization,7569,0.833
2569388845333,1777558748,571301989,gpu_amcl_cpp,7567,2.500
2569388845333,1777558748,571301989,hokuyo_scip_driver,7636,0.000
2569388845333,1777558748,571301989,joy,7626,0.000
2569388845333,1777558748,571301989,joy_teleop,7628,0.000
2569388845333,1777558748,571301989,lateral_planner_node,7753,4.166
2569388845333,1777558748,571301989,lifecycle_manager_map,7622,0.000
2569388845333,1777558748,571301989,map_server,7620,0.000
2569388845333,1777558748,571301989,mpc_hardware_node,7825,4.166
2569388845333,1777558748,571301989,odom_fused,7565,0.833
2569388845333,1777558748,571301989,performance_monitor,7796,0.833
2569388845333,1777558748,571301989,pipeline_latency_monitor,7794,0.833
2569388845333,1777558748,571301989,scan_splitter_node,7656,1.666
2569388845333,1777558748,571301989,static_baselink_to_imu,7690,0.000
2569388845333,1777558748,571301989,static_baselink_to_laser,7675,0.000
2569388845333,1777558748,571301989,vesc_container,7624,8.332
2569588825493,1777558748,765315415,/vrpn_mocap/vrpn_mocap_client_node,2369,0.833
2569588825493,1777558748,765315415,ackermann_mux,7630,0.833
2569588825493,1777558748,765315415,ekf_localization,7569,0.833
2569588825493,1777558748,765315415,gpu_amcl_cpp,7567,0.833
2569588825493,1777558748,765315415,hokuyo_scip_driver,7636,0.000
2569588825493,1777558748,765315415,joy,7626,0.833
2569588825493,1777558748,765315415,joy_teleop,7628,0.833
2569588825493,1777558748,765315415,lateral_planner_node,7753,2.500
2569588825493,1777558748,765315415,lifecycle_manager_map,7622,0.000
2569588825493,1777558748,765315415,map_server,7620,0.000
2569588825493,1777558748,765315415,mpc_hardware_node,7825,4.167
2569588825493,1777558748,765315415,odom_fused,7565,0.833
2569588825493,1777558748,765315415,performance_monitor,7796,0.833
2569588825493,1777558748,765315415,pipeline_latency_monitor,7794,2.500
2569588825493,1777558748,765315415,scan_splitter_node,7656,0.833
2569588825493,1777558748,765315415,static_baselink_to_imu,7690,0.000
2569588825493,1777558748,765315415,static_baselink_to_laser,7675,0.000
2569588825493,1777558748,765315415,vesc_container,7624,7.501
2569788821781,1777558748,965312631,/vrpn_mocap/vrpn_mocap_client_node,2369,0.000
2569788821781,1777558748,965312631,ackermann_mux,7630,0.833
2569788821781,1777558748,965312631,ekf_localization,7569,1.667
2569788821781,1777558748,965312631,gpu_amcl_cpp,7567,0.833
2569788821781,1777558748,965312631,hokuyo_scip_driver,7636,0.000
2569788821781,1777558748,965312631,joy,7626,0.000
2569788821781,1777558748,965312631,joy_teleop,7628,0.000
2569788821781,1777558748,965312631,lateral_planner_node,7753,3.333
2569788821781,1777558748,965312631,lifecycle_manager_map,7622,0.000
2569788821781,1777558748,965312631,map_server,7620,0.000
2569788821781,1777558748,965312631,mpc_hardware_node,7825,3.333
2569788821781,1777558748,965312631,odom_fused,7565,1.667
2569788821781,1777558748,965312631,performance_monitor,7796,0.833
2569788821781,1777558748,965312631,pipeline_latency_monitor,7794,1.667
2569788821781,1777558748,965312631,scan_splitter_node,7656,0.833
2569788821781,1777558748,965312631,static_baselink_to_imu,7690,0.000
2569788821781,1777558748,965312631,static_baselink_to_laser,7675,0.000
2569788821781,1777558748,965312631,vesc_container,7624,8.333
2569988824693,1777558749,165316536,/vrpn_mocap/vrpn_mocap_client_node,2369,0.833
2569988824693,1777558749,165316536,ackermann_mux,7630,1.667
2569988824693,1777558749,165316536,ekf_localization,7569,1.667
2569988824693,1777558749,165316536,gpu_amcl_cpp,7567,1.667
2569988824693,1777558749,165316536,hokuyo_scip_driver,7636,0.000
2569988824693,1777558749,165316536,joy,7626,0.000
2569988824693,1777558749,165316536,joy_teleop,7628,0.000
2569988824693,1777558749,165316536,lateral_planner_node,7753,4.167
2569988824693,1777558749,165316536,lifecycle_manager_map,7622,0.000
2569988824693,1777558749,165316536,map_server,7620,0.000
2569988824693,1777558749,165316536,mpc_hardware_node,7825,3.333
2569988824693,1777558749,165316536,odom_fused,7565,0.833
2569988824693,1777558749,165316536,performance_monitor,7796,0.000
2569988824693,1777558749,165316536,pipeline_latency_monitor,7794,1.667
2569988824693,1777558749,165316536,scan_splitter_node,7656,1.667
2569988824693,1777558749,165316536,static_baselink_to_imu,7690,0.000
2569988824693,1777558749,165316536,static_baselink_to_laser,7675,0.000
2569988824693,1777558749,165316536,vesc_container,7624,8.333
2570188862583,1777558749,365352697,/vrpn_mocap/vrpn_mocap_client_node,2369,0.833
2570188862583,1777558749,365352697,ackermann_mux,7630,0.833
2570188862583,1777558749,365352697,ekf_localization,7569,0.833
2570188862583,1777558749,365352697,gpu_amcl_cpp,7567,0.833
2570188862583,1777558749,365352697,hokuyo_scip_driver,7636,0.000
2570188862583,1777558749,365352697,joy,7626,0.833
2570188862583,1777558749,365352697,joy_teleop,7628,0.000
2570188862583,1777558749,365352697,lateral_planner_node,7753,2.500
2570188862583,1777558749,365352697,lifecycle_manager_map,7622,0.000
2570188862583,1777558749,365352697,map_server,7620,0.000
2570188862583,1777558749,365352697,mpc_hardware_node,7825,4.166
2570188862583,1777558749,365352697,odom_fused,7565,0.833
2570188862583,1777558749,365352697,performance_monitor,7796,0.000
2570188862583,1777558749,365352697,pipeline_latency_monitor,7794,0.833
2570188862583,1777558749,365352697,scan_splitter_node,7656,0.833
2570188862583,1777558749,365352697,static_baselink_to_imu,7690,0.000
2570188862583,1777558749,365352697,static_baselink_to_laser,7675,0.000
2570188862583,1777558749,365352697,vesc_container,7624,8.332
2570388815414,1777558749,571338504,/vrpn_mocap/vrpn_mocap_client_node,2369,0.000
2570388815414,1777558749,571338504,ackermann_mux,7630,0.834
2570388815414,1777558749,571338504,ekf_localization,7569,1.667
2570388815414,1777558749,571338504,gpu_amcl_cpp,7567,1.667
2570388815414,1777558749,571338504,hokuyo_scip_driver,7636,0.000
2570388815414,1777558749,571338504,joy,7626,0.000
2570388815414,1777558749,571338504,joy_teleop,7628,0.834
2570388815414,1777558749,571338504,lateral_planner_node,7753,4.168
2570388815414,1777558749,571338504,lifecycle_manager_map,7622,0.000
2570388815414,1777558749,571338504,map_server,7620,0.000
2570388815414,1777558749,571338504,mpc_hardware_node,7825,3.334
2570388815414,1777558749,571338504,odom_fused,7565,0.834
2570388815414,1777558749,571338504,performance_monitor,7796,1.667
2570388815414,1777558749,571338504,pipeline_latency_monitor,7794,2.501
2570388815414,1777558749,571338504,scan_splitter_node,7656,0.834
2570388815414,1777558749,571338504,static_baselink_to_imu,7690,0.000
2570388815414,1777558749,571338504,static_baselink_to_laser,7675,0.000
2570388815414,1777558749,571338504,vesc_container,7624,7.502
2570588818935,1777558749,765308921,/vrpn_mocap/vrpn_mocap_client_node,2369,0.833
2570588818935,1777558749,765308921,ackermann_mux,7630,0.833
2570588818935,1777558749,765308921,ekf_localization,7569,0.833
2570588818935,1777558749,765308921,gpu_amcl_cpp,7567,0.833
2570588818935,1777558749,765308921,hokuyo_scip_driver,7636,0.000
2570588818935,1777558749,765308921,joy,7626,0.000
2570588818935,1777558749,765308921,joy_teleop,7628,0.000
2570588818935,1777558749,765308921,lateral_planner_node,7753,3.333
2570588818935,1777558749,765308921,lifecycle_manager_map,7622,0.000
2570588818935,1777558749,765308921,map_server,7620,0.000
2570588818935,1777558749,765308921,mpc_hardware_node,7825,4.167
2570588818935,1777558749,765308921,odom_fused,7565,0.833
2570588818935,1777558749,765308921,performance_monitor,7796,0.000
2570588818935,1777558749,765308921,pipeline_latency_monitor,7794,1.667
2570588818935,1777558749,765308921,scan_splitter_node,7656,0.833
2570588818935,1777558749,765308921,static_baselink_to_imu,7690,0.000
2570588818935,1777558749,765308921,static_baselink_to_laser,7675,0.000
2570588818935,1777558749,765308921,vesc_container,7624,8.333
2570788823255,1777558749,965313913,/vrpn_mocap/vrpn_mocap_client_node,2369,0.000
2570788823255,1777558749,965313913,ackermann_mux,7630,1.667
2570788823255,1777558749,965313913,ekf_localization,7569,1.667
2570788823255,1777558749,965313913,gpu_amcl_cpp,7567,1.667
2570788823255,1777558749,965313913,hokuyo_scip_driver,7636,0.000
2570788823255,1777558749,965313913,joy,7626,0.000
2570788823255,1777558749,965313913,joy_teleop,7628,0.000
2570788823255,1777558749,965313913,lateral_planner_node,7753,3.333
2570788823255,1777558749,965313913,lifecycle_manager_map,7622,0.000
2570788823255,1777558749,965313913,map_server,7620,0.000
2570788823255,1777558749,965313913,mpc_hardware_node,7825,4.167
2570788823255,1777558749,965313913,odom_fused,7565,0.000
2570788823255,1777558749,965313913,performance_monitor,7796,0.833
2570788823255,1777558749,965313913,pipeline_latency_monitor,7794,0.833
2570788823255,1777558749,965313913,scan_splitter_node,7656,0.833
2570788823255,1777558749,965313913,static_baselink_to_imu,7690,0.000
2570788823255,1777558749,965313913,static_baselink_to_laser,7675,0.000
2570788823255,1777558749,965313913,vesc_container,7624,7.500
2570988819000,1777558750,165308922,/vrpn_mocap/vrpn_mocap_client_node,2369,0.833
2570988819000,1777558750,165308922,ackermann_mux,7630,0.833
2570988819000,1777558750,165308922,ekf_localization,7569,0.833
2570988819000,1777558750,165308922,gpu_amcl_cpp,7567,1.667
2570988819000,1777558750,165308922,hokuyo_scip_driver,7636,0.000
2570988819000,1777558750,165308922,joy,7626,0.000
2570988819000,1777558750,165308922,joy_teleop,7628,0.000
2570988819000,1777558750,165308922,lateral_planner_node,7753,3.333
2570988819000,1777558750,165308922,lifecycle_manager_map,7622,0.000
2570988819000,1777558750,165308922,map_server,7620,0.000
2570988819000,1777558750,165308922,mpc_hardware_node,7825,3.333
2570988819000,1777558750,165308922,odom_fused,7565,1.667
2570988819000,1777558750,165308922,performance_monitor,7796,0.833
2570988819000,1777558750,165308922,pipeline_latency_monitor,7794,1.667
2570988819000,1777558750,165308922,scan_splitter_node,7656,0.833
2570988819000,1777558750,165308922,static_baselink_to_imu,7690,0.000
2570988819000,1777558750,165308922,static_baselink_to_laser,7675,0.000
2570988819000,1777558750,165308922,vesc_container,7624,8.334
2571188820632,1777558750,365310778,/vrpn_mocap/vrpn_mocap_client_node,2369,0.833
2571188820632,1777558750,365310778,ackermann_mux,7630,0.833
2571188820632,1777558750,365310778,ekf_localization,7569,1.667
2571188820632,1777558750,365310778,gpu_amcl_cpp,7567,1.667
2571188820632,1777558750,365310778,hokuyo_scip_driver,7636,0.000
2571188820632,1777558750,365310778,joy,7626,0.833
2571188820632,1777558750,365310778,joy_teleop,7628,0.833
2571188820632,1777558750,365310778,lateral_planner_node,7753,4.167
2571188820632,1777558750,365310778,lifecycle_manager_map,7622,0.000
2571188820632,1777558750,365310778,map_server,7620,0.000
2571188820632,1777558750,365310778,mpc_hardware_node,7825,5.000
2571188820632,1777558750,365310778,odom_fused,7565,0.000
2571188820632,1777558750,365310778,performance_monitor,7796,0.000
2571188820632,1777558750,365310778,pipeline_latency_monitor,7794,1.667
2571188820632,1777558750,365310778,scan_splitter_node,7656,0.833
2571188820632,1777558750,365310778,static_baselink_to_imu,7690,0.000
2571188820632,1777558750,365310778,static_baselink_to_laser,7675,0.000
2571188820632,1777558750,365310778,vesc_container,7624,8.333
2571388825465,1777558750,571474030,/vrpn_mocap/vrpn_mocap_client_node,2369,0.000
2571388825465,1777558750,571474030,ackermann_mux,7630,0.833
2571388825465,1777558750,571474030,ekf_localization,7569,0.833
2571388825465,1777558750,571474030,gpu_amcl_cpp,7567,1.667
2571388825465,1777558750,571474030,hokuyo_scip_driver,7636,0.833
2571388825465,1777558750,571474030,joy,7626,0.000
2571388825465,1777558750,571474030,joy_teleop,7628,0.000
2571388825465,1777558750,571474030,lateral_planner_node,7753,4.167
2571388825465,1777558750,571474030,lifecycle_manager_map,7622,0.000
2571388825465,1777558750,571474030,map_server,7620,0.000
2571388825465,1777558750,571474030,mpc_hardware_node,7825,3.333
2571388825465,1777558750,571474030,odom_fused,7565,0.833
2571388825465,1777558750,571474030,performance_monitor,7796,1.667
2571388825465,1777558750,571474030,pipeline_latency_monitor,7794,1.667
2571388825465,1777558750,571474030,scan_splitter_node,7656,0.833
2571388825465,1777558750,571474030,static_baselink_to_imu,7690,0.000
2571388825465,1777558750,571474030,static_baselink_to_laser,7675,0.000
2571388825465,1777558750,571474030,vesc_container,7624,9.166
2571588924027,1777558750,765413886,/vrpn_mocap/vrpn_mocap_client_node,2369,0.833
2571588924027,1777558750,765413886,ackermann_mux,7630,0.833
2571588924027,1777558750,765413886,ekf_localization,7569,1.666
2571588924027,1777558750,765413886,gpu_amcl_cpp,7567,0.833
2571588924027,1777558750,765413886,hokuyo_scip_driver,7636,0.000
2571588924027,1777558750,765413886,joy,7626,0.000
2571588924027,1777558750,765413886,joy_teleop,7628,0.000
2571588924027,1777558750,765413886,lateral_planner_node,7753,2.499
2571588924027,1777558750,765413886,lifecycle_manager_map,7622,0.000
2571588924027,1777558750,765413886,map_server,7620,0.000
2571588924027,1777558750,765413886,mpc_hardware_node,7825,4.165
2571588924027,1777558750,765413886,odom_fused,7565,0.833
2571588924027,1777558750,765413886,performance_monitor,7796,0.833
2571588924027,1777558750,765413886,pipeline_latency_monitor,7794,2.499
2571588924027,1777558750,765413886,scan_splitter_node,7656,0.833
2571588924027,1777558750,765413886,static_baselink_to_imu,7690,0.000
2571588924027,1777558750,765413886,static_baselink_to_laser,7675,0.000
2571588924027,1777558750,765413886,vesc_container,7624,7.496
2571788825689,1777558750,965316796,/vrpn_mocap/vrpn_mocap_client_node,2369,0.000
2571788825689,1777558750,965316796,ackermann_mux,7630,1.667
2571788825689,1777558750,965316796,ekf_localization,7569,0.834
2571788825689,1777558750,965316796,gpu_amcl_cpp,7567,0.834
2571788825689,1777558750,965316796,hokuyo_scip_driver,7636,0.000
2571788825689,1777558750,965316796,joy,7626,0.834
2571788825689,1777558750,965316796,joy_teleop,7628,0.000
2571788825689,1777558750,965316796,lateral_planner_node,7753,3.335
2571788825689,1777558750,965316796,lifecycle_manager_map,7622,0.000
2571788825689,1777558750,965316796,map_server,7620,0.000
2571788825689,1777558750,965316796,mpc_hardware_node,7825,3.335
2571788825689,1777558750,965316796,odom_fused,7565,0.834
2571788825689,1777558750,965316796,performance_monitor,7796,0.000
2571788825689,1777558750,965316796,pipeline_latency_monitor,7794,0.834
2571788825689,1777558750,965316796,scan_splitter_node,7656,0.834
2571788825689,1777558750,965316796,static_baselink_to_imu,7690,0.000
2571788825689,1777558750,965316796,static_baselink_to_laser,7675,0.000
2571788825689,1777558750,965316796,vesc_container,7624,8.337
2571988830266,1777558751,165320668,/vrpn_mocap/vrpn_mocap_client_node,2369,0.833
2571988830266,1777558751,165320668,ackermann_mux,7630,0.000
2571988830266,1777558751,165320668,ekf_localization,7569,1.667
2571988830266,1777558751,165320668,gpu_amcl_cpp,7567,1.667
2571988830266,1777558751,165320668,hokuyo_scip_driver,7636,0.000
2571988830266,1777558751,165320668,joy,7626,0.000
2571988830266,1777558751,165320668,joy_teleop,7628,0.000
2571988830266,1777558751,165320668,lateral_planner_node,7753,3.333
2571988830266,1777558751,165320668,lifecycle_manager_map,7622,0.000
2571988830266,1777558751,165320668,map_server,7620,0.000
2571988830266,1777558751,165320668,mpc_hardware_node,7825,4.167
2571988830266,1777558751,165320668,odom_fused,7565,0.833
2571988830266,1777558751,165320668,performance_monitor,7796,0.000
2571988830266,1777558751,165320668,pipeline_latency_monitor,7794,1.667
2571988830266,1777558751,165320668,scan_splitter_node,7656,0.833
2571988830266,1777558751,165320668,static_baselink_to_imu,7690,0.000
2571988830266,1777558751,165320668,static_baselink_to_laser,7675,0.000
2571988830266,1777558751,165320668,vesc_container,7624,7.500
2572188819098,1777558751,365309532,/vrpn_mocap/vrpn_mocap_client_node,2369,0.833
2572188819098,1777558751,365309532,ackermann_mux,7630,0.833
2572188819098,1777558751,365309532,ekf_localization,7569,1.667
2572188819098,1777558751,365309532,gpu_amcl_cpp,7567,0.833
2572188819098,1777558751,365309532,hokuyo_scip_driver,7636,0.000
2572188819098,1777558751,365309532,joy,7626,0.000
2572188819098,1777558751,365309532,joy_teleop,7628,0.833
2572188819098,1777558751,365309532,lateral_planner_node,7753,4.167
2572188819098,1777558751,365309532,lifecycle_manager_map,7622,0.000
2572188819098,1777558751,365309532,map_server,7620,0.000
2572188819098,1777558751,365309532,mpc_hardware_node,7825,3.334
2572188819098,1777558751,365309532,odom_fused,7565,0.833
2572188819098,1777558751,365309532,performance_monitor,7796,0.833
2572188819098,1777558751,365309532,pipeline_latency_monitor,7794,2.500
2572188819098,1777558751,365309532,scan_splitter_node,7656,0.833
2572188819098,1777558751,365309532,static_baselink_to_imu,7690,0.000
2572188819098,1777558751,365309532,static_baselink_to_laser,7675,0.000
2572188819098,1777558751,365309532,vesc_container,7624,8.334
2572388898941,1777558751,572510280,/vrpn_mocap/vrpn_mocap_client_node,2369,0.000
2572388898941,1777558751,572510280,ackermann_mux,7630,1.666
2572388898941,1777558751,572510280,ekf_localization,7569,0.833
2572388898941,1777558751,572510280,gpu_amcl_cpp,7567,1.666
2572388898941,1777558751,572510280,hokuyo_scip_driver,7636,0.000
2572388898941,1777558751,572510280,joy,7626,0.833
2572388898941,1777558751,572510280,joy_teleop,7628,0.833
2572388898941,1777558751,572510280,lateral_planner_node,7753,3.332
2572388898941,1777558751,572510280,lifecycle_manager_map,7622,0.000
2572388898941,1777558751,572510280,map_server,7620,0.000
2572388898941,1777558751,572510280,mpc_hardware_node,7825,4.998
2572388898941,1777558751,572510280,odom_fused,7565,0.833
2572388898941,1777558751,572510280,performance_monitor,7796,0.833
2572388898941,1777558751,572510280,pipeline_latency_monitor,7794,1.666
2572388898941,1777558751,572510280,scan_splitter_node,7656,1.666
2572388898941,1777558751,572510280,static_baselink_to_imu,7690,0.000
2572388898941,1777558751,572510280,static_baselink_to_laser,7675,0.833
2572388898941,1777558751,572510280,vesc_container,7624,7.497
2572588811739,1777558751,765302621,/vrpn_mocap/vrpn_mocap_client_node,2369,0.834
2572588811739,1777558751,765302621,ackermann_mux,7630,0.000
2572588811739,1777558751,765302621,ekf_localization,7569,1.667
2572588811739,1777558751,765302621,gpu_amcl_cpp,7567,0.834
2572588811739,1777558751,765302621,hokuyo_scip_driver,7636,0.834
2572588811739,1777558751,765302621,joy,7626,0.000
2572588811739,1777558751,765302621,joy_teleop,7628,0.000
2572588811739,1777558751,765302621,lateral_planner_node,7753,3.335
2572588811739,1777558751,765302621,lifecycle_manager_map,7622,0.000
2572588811739,1777558751,765302621,map_server,7620,0.000
2572588811739,1777558751,765302621,odom_fused,7565,0.834
2572588811739,1777558751,765302621,performance_monitor,7796,0.834
2572588811739,1777558751,765302621,pipeline_latency_monitor,7794,0.834
2572588811739,1777558751,765302621,scan_splitter_node,7656,0.834
2572588811739,1777558751,765302621,static_baselink_to_imu,7690,0.000
2572588811739,1777558751,765302621,static_baselink_to_laser,7675,0.000
2572588811739,1777558751,765302621,vesc_container,7624,5.836
2572788815195,1777558751,965304446,/vrpn_mocap/vrpn_mocap_client_node,2369,0.833
2572788815195,1777558751,965304446,ackermann_mux,7630,0.000
2572788815195,1777558751,965304446,ekf_localization,7569,0.833
2572788815195,1777558751,965304446,gpu_amcl_cpp,7567,1.667
2572788815195,1777558751,965304446,hokuyo_scip_driver,7636,0.000
2572788815195,1777558751,965304446,joy,7626,0.000
2572788815195,1777558751,965304446,joy_teleop,7628,0.000
2572788815195,1777558751,965304446,lateral_planner_node,7753,3.333
2572788815195,1777558751,965304446,lifecycle_manager_map,7622,0.000
2572788815195,1777558751,965304446,map_server,7620,0.000
2572788815195,1777558751,965304446,odom_fused,7565,0.833
2572788815195,1777558751,965304446,performance_monitor,7796,0.833
2572788815195,1777558751,965304446,pipeline_latency_monitor,7794,0.833
2572788815195,1777558751,965304446,scan_splitter_node,7656,0.833
2572788815195,1777558751,965304446,static_baselink_to_imu,7690,0.000
2572788815195,1777558751,965304446,static_baselink_to_laser,7675,0.000
2572788815195,1777558751,965304446,vesc_container,7624,5.833
2572988820572,1777558752,165309662,/vrpn_mocap/vrpn_mocap_client_node,2369,0.000
2572988820572,1777558752,165309662,ackermann_mux,7630,0.000
2572988820572,1777558752,165309662,ekf_localization,7569,0.833
2572988820572,1777558752,165309662,gpu_amcl_cpp,7567,0.833
2572988820572,1777558752,165309662,hokuyo_scip_driver,7636,0.833
2572988820572,1777558752,165309662,joy,7626,0.000
2572988820572,1777558752,165309662,joy_teleop,7628,0.833
2572988820572,1777558752,165309662,lateral_planner_node,7753,3.333
2572988820572,1777558752,165309662,lifecycle_manager_map,7622,0.000
2572988820572,1777558752,165309662,map_server,7620,0.000
2572988820572,1777558752,165309662,odom_fused,7565,0.833
2572988820572,1777558752,165309662,performance_monitor,7796,0.000
2572988820572,1777558752,165309662,pipeline_latency_monitor,7794,0.833
2572988820572,1777558752,165309662,scan_splitter_node,7656,0.833
2572988820572,1777558752,165309662,static_baselink_to_imu,7690,0.000
2572988820572,1777558752,165309662,static_baselink_to_laser,7675,0.000
2572988820572,1777558752,165309662,vesc_container,7624,4.167
2573188814684,1777558752,365303358,/vrpn_mocap/vrpn_mocap_client_node,2369,0.833
2573188814684,1777558752,365303358,ackermann_mux,7630,0.000
2573188814684,1777558752,365303358,ekf_localization,7569,1.667
2573188814684,1777558752,365303358,gpu_amcl_cpp,7567,0.833
2573188814684,1777558752,365303358,hokuyo_scip_driver,7636,0.000
2573188814684,1777558752,365303358,joy,7626,0.000
2573188814684,1777558752,365303358,joy_teleop,7628,0.000
2573188814684,1777558752,365303358,lateral_planner_node,7753,2.500
2573188814684,1777558752,365303358,lifecycle_manager_map,7622,0.000
2573188814684,1777558752,365303358,map_server,7620,0.000
2573188814684,1777558752,365303358,odom_fused,7565,0.833
2573188814684,1777558752,365303358,performance_monitor,7796,0.000
2573188814684,1777558752,365303358,pipeline_latency_monitor,7794,0.833
2573188814684,1777558752,365303358,scan_splitter_node,7656,1.667
2573188814684,1777558752,365303358,static_baselink_to_imu,7690,0.000
2573188814684,1777558752,365303358,static_baselink_to_laser,7675,0.000
2573188814684,1777558752,365303358,vesc_container,7624,5.000
