FPGA_ROS2,QP_MUL    fp_QP_mul_t,MUL,41,746512315076,52,64,62025660,0,0,0,0,0
FPGA_ROS2,P_QP_MUL  fp_P_QP_mul_t,MUL,41,805920652544,53,65,286220880,0,0,0,0,0
FPGA_ROS2,MG_QP_MUL fp_MG_QP_mul_t,MUL,31,654992512,44,56,77938080,0,0,0,0,0
FPGA_ROS2,MG_K_MUL  fp_MG_K_mul_t,MUL,31,1034571755,35,56,57109800,0,0,0,0,0
FPGA_ROS2,K_QP_MUL  fp_K_QP_mul_t,MUL,30,360088149,43,55,10750080,0,0,0,0,0
FPGA_ROS2,FN_MUL    fp_fn_accum_t,MUL,33,2406554815,42,59,74467840,0,0,0,0,0
FPGA_ROS2,SUM2_QP_RAW,SUM,26,26945629,28,64,28274772,0,0,0,0,0
FPGA_ROS2,SUM4_QP_RAW,SUM,21,578609,29,64,4899200,0,0,0,0,0
FPGA_ROS2,SUM8_QP_RAW,SUM,19,249041,30,64,2939520,0,0,0,0,0
FPGA_ROS2,SUM6_QP_tree,SUM,35,16302276772,55,64,4031280,0,0,0,0,0
FPGA_ROS2,SUM6_QP_ACC (true),SUM,35,12176840484,55,64,4031280,0,0,0,0,0
FPGA_ROS2,SUM2_P_RAW,SUM,25,12180676,28,64,18947016,0,0,0,0,0
FPGA_ROS2,SUM6_P_QP,SUM,40,370923425584,56,64,25531440,0,0,0,0,0
FPGA_ROS2,SUM2_P_QP,SUM,33,2688287940,54,64,6046920,0,0,0,0,0
FPGA_ROS2,SUM4_P_QP,SUM,32,1888618300,55,64,6046920,0,0,0,0,0
FPGA_ROS2,SUM2_P_MIX,SUM,41,805920652544,66,64,72563040,0,0,0,0,0
FPGA_ROS2,SUM4_P_MIX,SUM,39,188411046784,67,64,36281520,0,0,0,0,0
FPGA_ROS2,SUM8_P_MIX,SUM,37,47612313872,68,64,4031280,0,0,0,0,0
FPGA_ROS2,SUM8_P_MIX_pupdate,SUM,39,199565574508,68,64,14109480,0,0,0,0,0
FPGA_ROS2,SUM2_MG_RAW,SUM,15,8528,19,64,1343760,0,0,0,0,0
FPGA_ROS2,SUM6_MG_QP,SUM,31,653210332,47,64,8062560,0,0,0,0,0
FPGA_ROS2,SUM2_MG_QP,SUM,24,7845687,45,64,1343760,0,0,0,0,0
FPGA_ROS2,SUM4_MG_QP,SUM,24,5555720,46,64,1343760,0,0,0,0,0
FPGA_ROS2,SUM2_QP_MG,SUM,26,16817044,45,64,12093840,0,0,0,0,0
FPGA_ROS2,SUM2_MG_K,SUM,21,659108,36,64,11421960,0,0,0,0,0
FPGA_ROS2,SUM2_K_QP,SUM,30,432174100,44,64,5375040,0,0,0,0,0
FPGA_ROS2,SUM4_K_QP,SUM,30,432415492,45,64,2687520,0,0,0,0,0
FPGA_ROS2,SUM8_K_QP,SUM,29,200751623,46,64,1343760,0,0,0,0,0
FPGA_ROS2,QP_RECIP_SHIFT,SUM,13,2238,40,64,699753,0,0,0,0,0
FPGA_ROS2,FN_RECIP_SHIFT,SUM,16,16432,33,64,4409280,0,0,0,0,0
FPGA_ROS2,QP_DET_MUL,SUM,39,264516755995,53,64,671880,0,0,0,0,0
FPGA_ROS2,QP_ITEM   single product,ITEM,36,23538220148,52,64,24187680,0,0,0,0,0
FPGA_ROS2,P_QP_ITEM single product,ITEM,40,372045041152,53,64,153188640,0,0,0,0,0
FPGA_ROS2,P_MIX_ITEM single product,ITEM,41,805920652544,65,64,145126080,0,0,0,0,0
FPGA_ROS2,MG_QP_ITEM single product,ITEM,31,654992512,44,64,48375360,0,0,0,0,0
FPGA_ROS2,K_QP_ITEM single product,ITEM,30,360088149,43,64,10750080,0,0,0,0,0
FPGA_ROS2,QP_STORE  fp_QP_t,STORE,26,26943112,0,26,108135803,14,12,0,1,84922598
FPGA_ROS2,FN_STORE  fp_FN_t,STORE,21,785201,0,21,294441920,12,9,0,1,293922124
FPGA_ROS2,P_STORE   fp_P_t,STORE,26,22639370,0,27,81297480,6,20,0,1,75903957
FPGA_ROS2,MG_STORE  fp_MG_t,STORE,17,39868,0,18,22843920,3,14,0,1,20960684
FPGA_ROS2,K_STORE   fp_K_t,STORE,17,32846,0,17,12093840,8,9,0,1,11486373
FPGA_UDP,QP_MUL    fp_QP_mul_t,MUL,41,709348999872,52,64,62027504,0,0,0,0,0
FPGA_UDP,P_QP_MUL  fp_P_QP_mul_t,MUL,41,1008309084752,53,65,287916360,0,0,0,0,0
FPGA_UDP,MG_QP_MUL fp_MG_QP_mul_t,MUL,31,700988580,44,56,78399760,0,0,0,0,0
FPGA_UDP,MG_K_MUL  fp_MG_K_mul_t,MUL,32,1236865292,35,56,57448100,0,0,0,0,0
FPGA_UDP,K_QP_MUL  fp_K_QP_mul_t,MUL,30,443843426,43,55,10813760,0,0,0,0,0
FPGA_UDP,FN_MUL    fp_fn_accum_t,MUL,33,2414942638,42,59,73726080,0,0,0,0,0
FPGA_UDP,SUM2_QP_RAW,SUM,25,8507538,28,64,28286622,0,0,0,0,0
FPGA_UDP,SUM4_QP_RAW,SUM,21,588368,29,64,4850400,0,0,0,0,0
FPGA_UDP,SUM8_QP_RAW,SUM,19,241448,30,64,2910240,0,0,0,0,0
FPGA_UDP,SUM6_QP_tree,SUM,35,15581034552,55,64,4055160,0,0,0,0,0
FPGA_UDP,SUM6_QP_ACC (true),SUM,35,12929312472,55,64,4055160,0,0,0,0,0
FPGA_UDP,SUM2_P_RAW,SUM,26,17150747,28,64,19059252,0,0,0,0,0
FPGA_UDP,SUM6_P_QP,SUM,40,420954182456,56,64,25682680,0,0,0,0,0
FPGA_UDP,SUM2_P_QP,SUM,33,3900221463,54,64,6082740,0,0,0,0,0
FPGA_UDP,SUM4_P_QP,SUM,32,2076317200,55,64,6082740,0,0,0,0,0
FPGA_UDP,SUM2_P_MIX,SUM,41,1008309084752,66,64,72992880,0,0,0,0,0
FPGA_UDP,SUM4_P_MIX,SUM,39,255313064544,67,64,36496440,0,0,0,0,0
FPGA_UDP,SUM8_P_MIX,SUM,38,107500543396,68,64,4055160,0,0,0,0,0
FPGA_UDP,SUM8_P_MIX_pupdate,SUM,40,280995219192,68,64,14193060,0,0,0,0,0
FPGA_UDP,SUM2_MG_RAW,SUM,16,19428,19,64,1351720,0,0,0,0,0
FPGA_UDP,SUM6_MG_QP,SUM,31,693717740,47,64,8110320,0,0,0,0,0
FPGA_UDP,SUM2_MG_QP,SUM,24,7798913,45,64,1351720,0,0,0,0,0
FPGA_UDP,SUM4_MG_QP,SUM,24,5362884,46,64,1351720,0,0,0,0,0
FPGA_UDP,SUM2_QP_MG,SUM,26,18166300,45,64,12165480,0,0,0,0,0
FPGA_UDP,SUM2_MG_K,SUM,21,711185,36,64,11489620,0,0,0,0,0
FPGA_UDP,SUM2_K_QP,SUM,30,414547784,44,64,5406880,0,0,0,0,0
FPGA_UDP,SUM4_K_QP,SUM,30,414415206,45,64,2703440,0,0,0,0,0
FPGA_UDP,SUM8_K_QP,SUM,29,214394375,46,64,1351720,0,0,0,0,0
FPGA_UDP,QP_RECIP_SHIFT,SUM,13,2238,40,64,701655,0,0,0,0,0
FPGA_UDP,FN_RECIP_SHIFT,SUM,16,16432,33,64,4365360,0,0,0,0,0
FPGA_UDP,QP_DET_MUL,SUM,39,259126787676,53,64,675860,0,0,0,0,0
FPGA_UDP,QP_ITEM   single product,ITEM,36,20339378100,52,64,24330960,0,0,0,0,0
FPGA_UDP,P_QP_ITEM single product,ITEM,40,408858202064,53,64,154096080,0,0,0,0,0
FPGA_UDP,P_MIX_ITEM single product,ITEM,41,1008309084752,65,64,145985760,0,0,0,0,0
FPGA_UDP,MG_QP_ITEM single product,ITEM,31,700988580,44,64,48661920,0,0,0,0,0
FPGA_UDP,K_QP_ITEM single product,ITEM,30,443843426,43,64,10813760,0,0,0,0,0
FPGA_UDP,QP_STORE  fp_QP_t,STORE,25,16384000,0,26,107863983,14,11,0,1,84736322
FPGA_UDP,FN_STORE  fp_FN_t,STORE,21,786415,0,21,291509040,12,9,0,1,290984253
FPGA_UDP,P_STORE   fp_P_t,STORE,26,25693005,0,27,81779060,6,20,0,1,76372513
FPGA_UDP,MG_STORE  fp_MG_t,STORE,17,42341,0,18,22979240,3,14,0,1,21098585
FPGA_UDP,K_STORE   fp_K_t,STORE,17,35482,0,17,12165480,8,9,0,1,11561088
MPC_10Laps,QP_MUL    fp_QP_mul_t,MUL,41,569069475183,52,64,66383040,0,0,0,0,0
MPC_10Laps,P_QP_MUL  fp_P_QP_mul_t,MUL,42,1274008422672,53,65,312743640,0,0,0,0,0
MPC_10Laps,MG_QP_MUL fp_MG_QP_mul_t,MUL,31,994299984,44,56,85160240,0,0,0,0,0
MPC_10Laps,MG_K_MUL  fp_MG_K_mul_t,MUL,32,1938470478,35,56,62401900,0,0,0,0,0
MPC_10Laps,K_QP_MUL  fp_K_QP_mul_t,MUL,30,522344466,43,55,11746240,0,0,0,0,0
MPC_10Laps,FN_MUL    fp_fn_accum_t,MUL,33,2444840230,42,59,76854240,0,0,0,0,0
MPC_10Laps,SUM2_QP_RAW,SUM,24,6046782,28,64,30300594,0,0,0,0,0
MPC_10Laps,SUM4_QP_RAW,SUM,21,711706,29,64,5056200,0,0,0,0,0
MPC_10Laps,SUM8_QP_RAW,SUM,20,304618,30,64,3033720,0,0,0,0,0
MPC_10Laps,SUM6_QP_tree,SUM,36,19245842884,55,64,4404840,0,0,0,0,0
MPC_10Laps,SUM6_QP_ACC (true),SUM,35,15642887296,55,64,4404840,0,0,0,0,0
MPC_10Laps,SUM2_P_RAW,SUM,26,18003135,28,64,20702748,0,0,0,0,0
MPC_10Laps,SUM6_P_QP,SUM,41,612929010600,56,64,27897320,0,0,0,0,0
MPC_10Laps,SUM2_P_QP,SUM,33,4188074111,54,64,6607260,0,0,0,0,0
MPC_10Laps,SUM4_P_QP,SUM,33,2474759340,55,64,6607260,0,0,0,0,0
MPC_10Laps,SUM2_P_MIX,SUM,42,1274008422672,66,64,79287120,0,0,0,0,0
MPC_10Laps,SUM4_P_MIX,SUM,40,276782221568,67,64,39643560,0,0,0,0,0
MPC_10Laps,SUM8_P_MIX,SUM,39,156084216980,68,64,4404840,0,0,0,0,0
MPC_10Laps,SUM8_P_MIX_pupdate,SUM,40,294960749936,68,64,15416940,0,0,0,0,0
MPC_10Laps,SUM2_MG_RAW,SUM,16,23450,19,64,1468280,0,0,0,0,0
MPC_10Laps,SUM6_MG_QP,SUM,32,1075658912,47,64,8809680,0,0,0,0,0
MPC_10Laps,SUM2_MG_QP,SUM,25,8496185,45,64,1468280,0,0,0,0,0
MPC_10Laps,SUM4_MG_QP,SUM,24,4688076,46,64,1468280,0,0,0,0,0
MPC_10Laps,SUM2_QP_MG,SUM,25,15942130,45,64,13214520,0,0,0,0,0
MPC_10Laps,SUM2_MG_K,SUM,21,620598,36,64,12480380,0,0,0,0,0
MPC_10Laps,SUM2_K_QP,SUM,30,446157456,44,64,5873120,0,0,0,0,0
MPC_10Laps,SUM4_K_QP,SUM,30,443169913,45,64,2936560,0,0,0,0,0
MPC_10Laps,SUM8_K_QP,SUM,29,208516189,46,64,1468280,0,0,0,0,0
MPC_10Laps,QP_RECIP_SHIFT,SUM,13,2238,40,64,758554,0,0,0,0,0
MPC_10Laps,FN_RECIP_SHIFT,SUM,16,16432,33,64,4550580,0,0,0,0,0
MPC_10Laps,QP_DET_MUL,SUM,39,228727884899,53,64,734140,0,0,0,0,0
MPC_10Laps,QP_ITEM   single product,ITEM,36,25860334080,52,64,26429040,0,0,0,0,0
MPC_10Laps,P_QP_ITEM single product,ITEM,41,567743805504,53,64,167383920,0,0,0,0,0
MPC_10Laps,P_MIX_ITEM single product,ITEM,42,1274008422672,65,64,158574240,0,0,0,0,0
MPC_10Laps,MG_QP_ITEM single product,ITEM,31,994299984,44,64,52858080,0,0,0,0,0
MPC_10Laps,K_QP_ITEM single product,ITEM,30,522344466,43,64,11746240,0,0,0,0,0
MPC_10Laps,QP_STORE  fp_QP_t,STORE,25,16384000,0,26,114686264,14,11,0,1,90216690
MPC_10Laps,FN_STORE  fp_FN_t,STORE,21,784553,0,21,303877620,12,9,0,1,303307477
MPC_10Laps,P_STORE   fp_P_t,STORE,27,37410218,0,27,88830940,6,21,0,1,82931408
MPC_10Laps,MG_STORE  fp_MG_t,STORE,18,65653,0,18,24960760,3,15,0,1,22891550
MPC_10Laps,K_STORE   fp_K_t,STORE,16,31137,0,17,13214520,8,8,0,1,12559504
MPC10LapBaseline,QP_MUL    fp_QP_mul_t,MUL,41,1023791418397,52,64,65469246,0,0,0,0,0
MPC10LapBaseline,P_QP_MUL  fp_P_QP_mul_t,MUL,41,898582606080,53,65,295771800,0,0,0,0,0
MPC10LapBaseline,MG_QP_MUL fp_MG_QP_mul_t,MUL,31,683961624,44,56,80538800,0,0,0,0,0
MPC10LapBaseline,MG_K_MUL  fp_MG_K_mul_t,MUL,32,1182527170,35,56,59015500,0,0,0,0,0
MPC10LapBaseline,K_QP_MUL  fp_K_QP_mul_t,MUL,30,397395792,43,55,11108800,0,0,0,0,0
MPC10LapBaseline,FN_MUL    fp_fn_accum_t,MUL,33,2419225008,42,59,81575360,0,0,0,0,0
MPC10LapBaseline,SUM2_QP_RAW,SUM,21,1019349,28,64,29825866,0,0,0,0,0
MPC10LapBaseline,SUM4_QP_RAW,SUM,20,373980,29,64,5366800,0,0,0,0,0
MPC10LapBaseline,SUM8_QP_RAW,SUM,19,145073,30,64,3220080,0,0,0,0,0
MPC10LapBaseline,SUM6_QP_tree,SUM,35,9779746356,55,64,4165800,0,0,0,0,0
MPC10LapBaseline,SUM6_QP_ACC (true),SUM,34,7980772768,55,64,4165800,0,0,0,0,0
MPC10LapBaseline,SUM2_P_RAW,SUM,25,14536081,28,64,19579260,0,0,0,0,0
MPC10LapBaseline,SUM6_P_QP,SUM,40,376386038228,56,64,26383400,0,0,0,0,0
MPC10LapBaseline,SUM2_P_QP,SUM,33,3298700244,54,64,6248700,0,0,0,0,0
MPC10LapBaseline,SUM4_P_QP,SUM,32,1828651472,55,64,6248700,0,0,0,0,0
MPC10LapBaseline,SUM2_P_MIX,SUM,41,898582606080,66,64,74984400,0,0,0,0,0
MPC10LapBaseline,SUM4_P_MIX,SUM,39,208752789104,67,64,37492200,0,0,0,0,0
MPC10LapBaseline,SUM8_P_MIX,SUM,37,43446257676,68,64,4165800,0,0,0,0,0
MPC10LapBaseline,SUM8_P_MIX_pupdate,SUM,39,238156536732,68,64,14580300,0,0,0,0,0
MPC10LapBaseline,SUM2_MG_RAW,SUM,14,6302,19,64,1388600,0,0,0,0,0
MPC10LapBaseline,SUM6_MG_QP,SUM,31,628991288,47,64,8331600,0,0,0,0,0
MPC10LapBaseline,SUM2_MG_QP,SUM,25,10943148,45,64,1388600,0,0,0,0,0
MPC10LapBaseline,SUM4_MG_QP,SUM,24,6013000,46,64,1388600,0,0,0,0,0
MPC10LapBaseline,SUM2_QP_MG,SUM,26,17016906,45,64,12497400,0,0,0,0,0
MPC10LapBaseline,SUM2_MG_K,SUM,21,663482,36,64,11803100,0,0,0,0,0
MPC10LapBaseline,SUM2_K_QP,SUM,30,383949031,44,64,5554400,0,0,0,0,0
MPC10LapBaseline,SUM4_K_QP,SUM,30,384423736,45,64,2777200,0,0,0,0,0
MPC10LapBaseline,SUM8_K_QP,SUM,29,198620803,46,64,1388600,0,0,0,0,0
MPC10LapBaseline,QP_RECIP_SHIFT,SUM,13,2238,40,64,704636,0,0,0,0,0
MPC10LapBaseline,FN_RECIP_SHIFT,SUM,16,16432,33,64,4830120,0,0,0,0,0
MPC10LapBaseline,QP_DET_MUL,SUM,40,459037665396,53,64,694300,0,0,0,0,0
MPC10LapBaseline,QP_ITEM   single product,ITEM,35,12567258520,52,64,24994800,0,0,0,0,0
MPC10LapBaseline,P_QP_ITEM single product,ITEM,40,364420089468,53,64,158300400,0,0,0,0,0
MPC10LapBaseline,P_MIX_ITEM single product,ITEM,41,898582606080,65,64,149968800,0,0,0,0,0
MPC10LapBaseline,MG_QP_ITEM single product,ITEM,31,683961624,44,64,49989600,0,0,0,0,0
MPC10LapBaseline,K_QP_ITEM single product,ITEM,30,397395792,43,64,11108800,0,0,0,0,0
MPC10LapBaseline,QP_STORE  fp_QP_t,STORE,26,28017435,0,26,115172088,14,12,0,1,90203957
MPC10LapBaseline,FN_STORE  fp_FN_t,STORE,21,776395,0,21,322544680,12,9,0,1,322118408
MPC10LapBaseline,P_STORE   fp_P_t,STORE,26,22972781,0,27,84010300,6,20,0,1,78537781
MPC10LapBaseline,MG_STORE  fp_MG_t,STORE,17,38390,0,18,23606200,3,14,0,1,21671839
MPC10LapBaseline,K_STORE   fp_K_t,STORE,17,33237,0,17,12497400,8,9,0,1,11904731
LateralPlanner,QP_MUL    fp_QP_mul_t,MUL,41,1074446073980,52,64,76104730,0,0,0,0,0
LateralPlanner,P_QP_MUL  fp_P_QP_mul_t,MUL,42,1596205354916,53,65,366513360,0,0,0,0,0
LateralPlanner,MG_QP_MUL fp_MG_QP_mul_t,MUL,32,1268675400,44,56,99801760,0,0,0,0,0
LateralPlanner,MG_K_MUL  fp_MG_K_mul_t,MUL,33,2299987300,35,56,73130600,0,0,0,0,0
LateralPlanner,K_QP_MUL  fp_K_QP_mul_t,MUL,30,530987945,43,55,13765760,0,0,0,0,0
LateralPlanner,FN_MUL    fp_fn_accum_t,MUL,33,2446692451,42,59,84551520,0,0,0,0,0
LateralPlanner,SUM2_QP_RAW,SUM,26,25880257,28,64,34779196,0,0,0,0,0
LateralPlanner,SUM4_QP_RAW,SUM,21,866427,29,64,5562600,0,0,0,0,0
LateralPlanner,SUM8_QP_RAW,SUM,20,344033,30,64,3337560,0,0,0,0,0
LateralPlanner,SUM6_QP_tree,SUM,36,20627660484,55,64,5162160,0,0,0,0,0
LateralPlanner,SUM6_QP_ACC (true),SUM,35,15836833896,55,64,5162160,0,0,0,0,0
LateralPlanner,SUM2_P_RAW,SUM,26,29106133,28,64,24262152,0,0,0,0,0
LateralPlanner,SUM6_P_QP,SUM,41,690902656036,56,64,32693680,0,0,0,0,0
LateralPlanner,SUM2_P_QP,SUM,34,6812388509,54,64,7743240,0,0,0,0,0
LateralPlanner,SUM4_P_QP,SUM,32,1930788676,55,64,7743240,0,0,0,0,0
LateralPlanner,SUM2_P_MIX,SUM,42,1596205354916,66,64,92918880,0,0,0,0,0
LateralPlanner,SUM4_P_MIX,SUM,40,356976899760,67,64,46459440,0,0,0,0,0
LateralPlanner,SUM8_P_MIX,SUM,38,132714518384,68,64,5162160,0,0,0,0,0
LateralPlanner,SUM8_P_MIX_pupdate,SUM,40,476872271636,68,64,18067560,0,0,0,0,0
LateralPlanner,SUM2_MG_RAW,SUM,15,11508,19,64,1720720,0,0,0,0,0
LateralPlanner,SUM6_MG_QP,SUM,32,1233502116,47,64,10324320,0,0,0,0,0
LateralPlanner,SUM2_MG_QP,SUM,25,14657511,45,64,1720720,0,0,0,0,0
LateralPlanner,SUM4_MG_QP,SUM,24,5859884,46,64,1720720,0,0,0,0,0
LateralPlanner,SUM2_QP_MG,SUM,26,18188468,45,64,15486480,0,0,0,0,0
LateralPlanner,SUM2_MG_K,SUM,21,704883,36,64,14626120,0,0,0,0,0
LateralPlanner,SUM2_K_QP,SUM,30,475163870,44,64,6882880,0,0,0,0,0
LateralPlanner,SUM4_K_QP,SUM,30,474882906,45,64,3441440,0,0,0,0,0
LateralPlanner,SUM8_K_QP,SUM,29,206705858,46,64,1720720,0,0,0,0,0
LateralPlanner,QP_RECIP_SHIFT,SUM,13,2238,40,64,886475,0,0,0,0,0
LateralPlanner,FN_RECIP_SHIFT,SUM,16,16432,33,64,5006340,0,0,0,0,0
LateralPlanner,QP_DET_MUL,SUM,40,536970875851,53,64,860360,0,0,0,0,0
LateralPlanner,QP_ITEM   single product,ITEM,36,28602609800,52,64,30972960,0,0,0,0,0
LateralPlanner,P_QP_ITEM single product,ITEM,41,714310925940,53,64,196162080,0,0,0,0,0
LateralPlanner,P_MIX_ITEM single product,ITEM,42,1596205354916,65,64,185837760,0,0,0,0,0
LateralPlanner,MG_QP_ITEM single product,ITEM,32,1268675400,44,64,61945920,0,0,0,0,0
LateralPlanner,K_QP_ITEM single product,ITEM,30,530987945,43,64,13765760,0,0,0,0,0
LateralPlanner,QP_STORE  fp_QP_t,STORE,26,32774101,0,26,130177595,14,12,0,1,102642279
LateralPlanner,FN_STORE  fp_FN_t,STORE,21,785703,0,21,334312260,12,9,0,1,333833698
LateralPlanner,P_STORE   fp_P_t,STORE,27,42169352,0,27,104103560,6,21,0,1,97215419
LateralPlanner,MG_STORE  fp_MG_t,STORE,18,75286,0,18,29252240,3,15,0,1,26848841
LateralPlanner,K_STORE   fp_K_t,STORE,17,35525,0,17,15486480,8,9,0,1,14749541
