x_ref_m; y_ref_m; width_left_m; width_right_m; psi_racetraj_rad; s_racetraj_m
0.4233; 0.5896; 1.1534; 0.8213; 0.0000; 0.0000
0.5062; 0.6034; 1.1504; 0.8061; 0.0000; 0.0840
0.7079; 0.6338; 1.1416; 0.7709; 0.0000; 0.2879
0.9576; 0.6649; 1.1998; 0.7285; 0.0000; 0.5396
1.1883; 0.6813; 1.1853; 0.7167; 0.0000; 0.7709
1.3809; 0.6809; 1.2122; 0.6516; 0.0000; 0.9635
1.5501; 0.6709; 1.1960; 0.6507; 0.0000; 1.1330
1.7116; 0.6585; 1.2083; 0.6505; 0.0000; 1.2950
1.8754; 0.6478; 1.2319; 0.6306; 0.0000; 1.4591
2.0408; 0.6365; 1.2543; 0.5791; 0.0000; 1.6248
2.2060; 0.6217; 1.2514; 0.5518; 0.0000; 1.7907
2.3695; 0.6012; 1.2692; 0.5600; 0.0000; 1.9556
2.5321; 0.5767; 1.2766; 0.5512; 0.0000; 2.1200
2.6951; 0.5514; 1.2713; 0.4786; 0.0000; 2.2850
2.8599; 0.5281; 1.2552; 0.4958; 0.0000; 2.4514
3.0278; 0.5063; 1.2706; 0.4959; 0.0000; 2.6207
3.2002; 0.4822; 1.2991; 0.4324; 0.0000; 2.7948
3.3784; 0.4519; 1.3114; 0.4284; 0.0000; 2.9755
3.5627; 0.4135; 1.3117; 0.4231; 0.0000; 3.1638
3.7508; 0.3712; 1.3050; 0.4202; 0.0000; 3.3565
3.9397; 0.3302; 1.2902; 0.4202; 0.0000; 3.5499
4.1266; 0.2950; 1.2954; 0.4179; 0.0000; 3.7401
4.3069; 0.2657; 1.2874; 0.4238; 0.0000; 3.9227
4.4754; 0.2402; 1.2947; 0.4132; 0.0000; 4.0932
4.6271; 0.2163; 1.2849; 0.4193; 0.0000; 4.2466
4.7650; 0.1923; 1.2884; 0.4130; 0.0000; 4.3867
4.9033; 0.1664; 1.2661; 0.4040; 0.0000; 4.5274
5.0567; 0.1369; 1.2550; 0.3995; 0.0000; 4.6836
5.2352; 0.1026; 1.2462; 0.3993; 0.0000; 4.8654
5.4327; 0.0634; 1.2392; 0.4033; 0.0000; 5.0667
5.6390; 0.0193; 1.1647; 0.3962; 0.0000; 5.2777
5.8447; -0.0291; 1.1626; 0.4103; 0.0000; 5.4890
6.0499; -0.0791; 1.1255; 0.3969; 0.0000; 5.7002
6.2608; -0.1261; 1.0668; 0.4181; 0.0000; 5.9163
6.4837; -0.1658; 1.0441; 0.4076; 0.0000; 6.1427
6.7194; -0.1975; 0.9587; 0.3979; 0.0000; 6.3804
6.9588; -0.2271; 0.9502; 0.3931; 0.0000; 6.6217
7.1922; -0.2614; 0.9502; 0.4039; 0.0000; 6.8576
7.4114; -0.3055; 0.9371; 0.4630; 0.0000; 7.0812
7.6187; -0.3559; 0.9420; 0.4455; 0.0000; 7.2945
7.8194; -0.4063; 0.9061; 0.4526; 0.0000; 7.5014
8.0187; -0.4507; 0.8696; 0.4422; 0.0000; 7.7057
8.2181; -0.4888; 0.8637; 0.4624; 0.0000; 7.9087
8.4157; -0.5247; 0.8521; 0.4565; 0.0000; 8.1095
8.6094; -0.5632; 0.8308; 0.4546; 0.0000; 8.3070
8.7992; -0.6064; 0.8157; 0.4640; 0.0000; 8.5017
8.9898; -0.6503; 0.8149; 0.4683; 0.0000; 8.6972
9.1865; -0.6901; 0.8550; 0.4409; 0.0000; 8.8980
9.3948; -0.7222; 0.8326; 0.4390; 0.0000; 9.1087
9.6196; -0.7511; 0.8485; 0.4487; 0.0000; 9.3354
9.8657; -0.7852; 0.8587; 0.4204; 0.0000; 9.5838
10.1374; -0.8325; 0.8649; 0.4171; 0.0000; 9.8596
10.4277; -0.8921; 0.7922; 0.3564; 0.0000; 10.1559
10.7152; -0.9523; 0.7670; 0.3551; 0.0000; 10.4497
10.9779; -1.0006; 0.7646; 0.4275; 0.0000; 10.7168
11.2011; -1.0300; 0.7278; 0.4245; 0.0000; 10.9419
11.3963; -1.0523; 0.6575; 0.5072; 0.0000; 11.1384
11.5804; -1.0833; 0.6424; 0.5306; 0.0000; 11.3251
11.7688; -1.1371; 0.6193; 0.5525; 0.0000; 11.5210
11.9610; -1.2116; 0.5993; 0.7365; 0.0000; 11.7271
12.1467; -1.2946; 0.5636; 0.8132; 0.0000; 11.9305
12.3155; -1.3737; 0.5577; 0.8734; 0.0000; 12.1169
12.4616; -1.4466; 0.5220; 0.9699; 0.0000; 12.2803
12.5869; -1.5277; 0.3738; 1.2127; 0.0000; 12.4295
12.6940; -1.6325; 0.3113; 1.3053; 0.0000; 12.5794
12.7856; -1.7727; 0.2684; 1.4097; 0.0000; 12.7468
12.8654; -1.9396; 0.2991; 1.1574; 0.0000; 12.9318
12.9371; -2.1186; 0.3526; 0.9890; 0.0000; 13.1246
13.0047; -2.2954; 0.6823; 0.9280; 0.0000; 13.3139
13.0706; -2.4616; 1.0210; 0.6752; 0.0000; 13.4927
13.1360; -2.6134; 1.0142; 0.5699; 0.0000; 13.6580
13.2023; -2.7475; 1.0140; 0.4925; 0.0000; 13.8076
13.2727; -2.8640; 0.9991; 0.4445; 0.0000; 13.9437
13.3548; -2.9716; 1.0917; 0.3338; 0.0000; 14.0790
13.4567; -3.0800; 1.0661; 0.2475; 0.0000; 14.2278
13.5852; -3.1961; 1.0870; 0.2074; 0.0000; 14.4010
13.7369; -3.3057; 1.2503; 0.1965; 0.0000; 14.5882
13.9044; -3.3863; 1.2488; 0.2218; 0.0000; 14.7740
14.0801; -3.4158; 1.2488; 0.2218; 0.0000; 14.9522
14.2588; -3.3889; 0.9293; 0.4234; 0.0000; 15.1330
14.4377; -3.3191; 0.7148; 0.5587; 0.0000; 15.3250
14.6141; -3.2214; 0.7148; 0.5587; 0.0000; 15.5267
14.7856; -3.1096; 0.6768; 0.6310; 0.0000; 15.7313
14.9502; -2.9961; 0.5502; 0.8540; 0.0000; 15.9312
15.1062; -2.8927; 0.4785; 0.8877; 0.0000; 16.1185
15.2527; -2.8104; 0.4690; 0.9543; 0.0000; 16.2864
15.3950; -2.7537; 0.3598; 1.1258; 0.0000; 16.4396
15.5426; -2.7233; 0.3209; 1.2036; 0.0000; 16.5904
15.7047; -2.7197; 0.3040; 1.2307; 0.0000; 16.7525
15.8811; -2.7423; 0.2463; 1.2814; 0.0000; 16.9303
16.0567; -2.7890; 0.2536; 1.3167; 0.0000; 17.1120
16.2155; -2.8574; 0.2937; 1.3108; 0.0000; 17.2849
16.3459; -2.9448; 0.4297; 1.2615; 0.0000; 17.4419
16.4567; -3.0470; 0.5206; 1.1784; 0.0000; 17.5927
16.5624; -3.1592; 0.6033; 1.1916; 0.0000; 17.7468
16.6765; -3.2767; 0.8666; 1.1651; 0.0000; 17.9106
16.8012; -3.3949; 1.1606; 0.8502; 0.0000; 18.0824
16.9296; -3.5094; 1.2333; 0.6333; 0.0000; 18.2544
17.0544; -3.6158; 1.2814; 0.5471; 0.0000; 18.4184
17.1733; -3.7104; 1.3049; 0.4812; 0.0000; 18.5703
17.2936; -3.7912; 1.4631; 0.2945; 0.0000; 18.7153
17.4243; -3.8562; 1.5098; 0.2328; 0.0000; 18.8612
17.5725; -3.9032; 1.5215; 0.2503; 0.0000; 19.0167
17.7366; -3.9263; 1.6936; 0.2086; 0.0000; 19.1825
17.9117; -3.9183; 1.7211; 0.1972; 0.0000; 19.3577
18.0926; -3.8723; 1.7278; 0.2055; 0.0000; 19.5443
18.2758; -3.7886; 1.7278; 0.2055; 0.0000; 19.7458
18.4592; -3.6744; 1.7278; 0.2055; 0.0000; 19.9618
18.6408; -3.5378; 1.7626; 0.4562; 0.0000; 20.1890
18.8183; -3.3895; 1.7613; 0.4465; 0.0000; 20.4204
18.9896; -3.2486; 1.1779; 0.6795; 0.0000; 20.6422
19.1520; -3.1359; 1.1477; 0.6860; 0.0000; 20.8398
19.3033; -3.0705; 1.1547; 0.6846; 0.0000; 21.0047
19.4434; -3.0566; 1.1991; 0.6412; 0.0000; 21.1455
19.5730; -3.0903; 1.2577; 0.6479; 0.0000; 21.2795
19.6932; -3.1677; 1.3808; 0.5938; 0.0000; 21.4224
19.8044; -3.2834; 1.9595; 0.3958; 0.0000; 21.5829
19.9065; -3.4297; 1.0120; 0.2792; 0.0000; 21.7613
19.9994; -3.5988; 0.8378; 0.2648; 0.0000; 21.9542
20.0819; -3.7830; 0.8379; 0.2645; 0.0000; 22.1560
20.1481; -3.9751; 0.7959; 0.3836; 0.0000; 22.3593
20.1912; -4.1682; 0.7672; 0.3943; 0.0000; 22.5571
20.2046; -4.3554; 0.7454; 0.3909; 0.0000; 22.7447
20.1881; -4.5343; 0.7401; 0.4245; 0.0000; 22.9245
20.1459; -4.7058; 0.6190; 0.5686; 0.0000; 23.1010
20.0823; -4.8706; 0.6029; 0.6188; 0.0000; 23.2777
20.0021; -5.0290; 0.5478; 0.6450; 0.0000; 23.4552
19.9102; -5.1802; 0.4467; 0.9397; 0.0000; 23.6321
19.8121; -5.3232; 0.4091; 1.0167; 0.0000; 23.8056
19.7112; -5.4572; 0.3762; 1.1008; 0.0000; 23.9733
19.6014; -5.5818; 0.3082; 1.3027; 0.0000; 24.1394
19.4731; -5.6969; 0.3153; 1.4461; 0.0000; 24.3117
19.3171; -5.8021; 0.2814; 1.5741; 0.0000; 24.4999
19.1377; -5.8975; 0.2566; 1.6441; 0.0000; 24.7031
18.9520; -5.9834; 0.2884; 1.8677; 0.0000; 24.9077
18.7778; -6.0598; 0.3065; 1.9346; 0.0000; 25.0980
18.6249; -6.1268; 0.2977; 2.0217; 0.0000; 25.2649
18.4826; -6.1839; 0.3795; 1.9291; 0.0000; 25.4182
18.3366; -6.2306; 0.3303; 1.9570; 0.0000; 25.5715
18.1744; -6.2664; 0.3718; 2.1154; 0.0000; 25.7376
17.9970; -6.2926; 0.4279; 1.5335; 0.0000; 25.9170
17.8124; -6.3114; 0.4323; 1.2611; 0.0000; 26.1025
17.6285; -6.3247; 0.4663; 1.0173; 0.0000; 26.2868
17.4491; -6.3331; 0.4667; 0.9191; 0.0000; 26.4664
17.2725; -6.3353; 0.5809; 0.7617; 0.0000; 26.6431
17.0964; -6.3298; 0.6386; 0.7130; 0.0000; 26.8192
16.9194; -6.3159; 0.6606; 0.6636; 0.0000; 26.9968
16.7413; -6.2951; 0.8304; 0.6306; 0.0000; 27.1761
16.5628; -6.2696; 0.8400; 0.6003; 0.0000; 27.3564
16.3842; -6.2416; 0.8979; 0.5884; 0.0000; 27.5372
16.2059; -6.2112; 0.9443; 0.5610; 0.0000; 27.7181
16.0281; -6.1773; 1.1490; 0.5169; 0.0000; 27.8991
15.8510; -6.1388; 1.2707; 0.5144; 0.0000; 28.0803
15.6744; -6.0952; 1.3343; 0.4942; 0.0000; 28.2622
15.4969; -6.0470; 1.5810; 0.4618; 0.0000; 28.4462
15.3172; -5.9951; 1.6988; 0.4372; 0.0000; 28.6332
15.1347; -5.9400; 1.7910; 0.4918; 0.0000; 28.8238
14.9533; -5.8817; 1.8276; 0.5317; 0.0000; 29.0143
14.7781; -5.8200; 1.2358; 0.5671; 0.0000; 29.2001
14.6141; -5.7547; 1.1114; 0.5654; 0.0000; 29.3766
14.4618; -5.6857; 1.0016; 0.5745; 0.0000; 29.5439
14.3175; -5.6132; 0.8005; 0.6356; 0.0000; 29.7053
14.1774; -5.5375; 0.7478; 0.6665; 0.0000; 29.8645
14.0374; -5.4590; 0.6652; 0.6722; 0.0000; 30.0251
13.8917; -5.3785; 0.5776; 0.6942; 0.0000; 30.1915
13.7348; -5.2971; 0.4853; 0.7243; 0.0000; 30.3682
13.5623; -5.2155; 0.4202; 0.7430; 0.0000; 30.5591
13.3803; -5.1333; 0.3948; 0.8063; 0.0000; 30.7588
13.1998; -5.0497; 0.3894; 0.8452; 0.0000; 30.9577
13.0317; -4.9636; 0.3597; 0.8659; 0.0000; 31.1466
12.8789; -4.8752; 0.3762; 0.8927; 0.0000; 31.3231
12.7351; -4.7855; 0.3937; 0.9665; 0.0000; 31.4926
12.5932; -4.6958; 0.4030; 0.9902; 0.0000; 31.6605
12.4479; -4.6068; 0.4185; 1.0330; 0.0000; 31.8308
12.2994; -4.5182; 0.4860; 1.1175; 0.0000; 32.0038
12.1490; -4.4291; 0.5021; 1.1392; 0.0000; 32.1786
11.9980; -4.3389; 0.5367; 1.1764; 0.0000; 32.3545
11.8481; -4.2473; 0.7204; 1.3499; 0.0000; 32.5302
11.7005; -4.1548; 0.7374; 1.4037; 0.0000; 32.7043
11.5568; -4.0616; 0.8140; 1.4637; 0.0000; 32.8756
11.4152; -3.9684; 0.8958; 1.5114; 0.0000; 33.0452
11.2691; -3.8761; 1.2234; 1.3226; 0.0000; 33.2179
11.1113; -3.7860; 1.3421; 1.4007; 0.0000; 33.3997
10.9370; -3.6988; 1.7726; 1.1718; 0.0000; 33.5946
10.7542; -3.6133; 1.6400; 0.8248; 0.0000; 33.7963
10.5748; -3.5279; 1.6225; 0.6607; 0.0000; 33.9951
10.4098; -3.4410; 1.6150; 0.5861; 0.0000; 34.1816
10.2599; -3.3533; 1.5512; 0.5614; 0.0000; 34.3553
10.1169; -3.2670; 1.4088; 0.4765; 0.0000; 34.5223
9.9721; -3.1849; 1.3587; 0.4468; 0.0000; 34.6887
9.8200; -3.1080; 1.3257; 0.4393; 0.0000; 34.8591
9.6618; -3.0348; 1.2001; 0.4180; 0.0000; 35.0334
9.4998; -2.9631; 1.1674; 0.4177; 0.0000; 35.2106
9.3361; -2.8912; 1.0846; 0.4110; 0.0000; 35.3894
9.1721; -2.8193; 1.0387; 0.5445; 0.0000; 35.5685
9.0093; -2.7484; 1.0488; 0.5781; 0.0000; 35.7460
8.8487; -2.6797; 0.9950; 0.6275; 0.0000; 35.9207
8.6884; -2.6141; 0.9621; 0.6596; 0.0000; 36.0939
8.5229; -2.5525; 0.9208; 1.0240; 0.0000; 36.2705
8.3464; -2.4960; 0.9069; 1.2550; 0.0000; 36.4559
8.1562; -2.4453; 0.8781; 1.3080; 0.0000; 36.6526
7.9597; -2.4005; 0.8167; 1.3155; 0.0000; 36.8542
7.7660; -2.3618; 0.8122; 1.3223; 0.0000; 37.0518
7.5834; -2.3289; 0.7502; 1.3065; 0.0000; 37.2373
7.4110; -2.2996; 0.7479; 1.4150; 0.0000; 37.4121
7.2425; -2.2704; 0.6895; 1.4509; 0.0000; 37.5832
7.0713; -2.2376; 0.7187; 1.4763; 0.0000; 37.7575
6.8946; -2.2008; 0.6967; 1.5003; 0.0000; 37.9380
6.7146; -2.1644; 0.6513; 1.5861; 0.0000; 38.1217
6.5340; -2.1333; 0.6186; 1.5876; 0.0000; 38.3049
6.3553; -2.1106; 0.5917; 1.6233; 0.0000; 38.4851
6.1784; -2.0924; 0.5371; 1.7088; 0.0000; 38.6629
6.0028; -2.0728; 0.5249; 1.7585; 0.0000; 38.8395
5.8282; -2.0461; 0.5222; 1.7766; 0.0000; 39.0162
5.6537; -2.0127; 0.4568; 1.8922; 0.0000; 39.1938
5.4788; -1.9777; 0.4373; 1.9191; 0.0000; 39.3722
5.3025; -1.9463; 0.4300; 1.9601; 0.0000; 39.5512
5.1243; -1.9217; 0.3978; 2.0159; 0.0000; 39.7312
4.9433; -1.9026; 0.4106; 1.9309; 0.0000; 39.9132
4.7586; -1.8872; 0.3986; 2.0088; 0.0000; 40.0985
4.5696; -1.8737; 0.3593; 1.8848; 0.0000; 40.2880
4.3764; -1.8605; 0.3787; 1.5401; 0.0000; 40.4816
4.1794; -1.8463; 0.3502; 1.4725; 0.0000; 40.6791
3.9790; -1.8297; 0.3809; 1.4112; 0.0000; 40.8802
3.7731; -1.8105; 0.4089; 1.2998; 0.0000; 41.0870
3.5573; -1.7901; 0.4012; 1.2759; 0.0000; 41.3038
3.3271; -1.7700; 0.4214; 1.1496; 0.0000; 41.5349
3.0809; -1.7505; 0.4178; 1.1085; 0.0000; 41.7818
2.8269; -1.7288; 0.4155; 1.0717; 0.0000; 42.0368
2.5747; -1.7014; 0.4527; 1.0083; 0.0000; 42.2905
2.3333; -1.6656; 0.4565; 0.9805; 0.0000; 42.5345
2.1047; -1.6258; 0.4783; 0.9894; 0.0000; 42.7666
1.8869; -1.5899; 0.4391; 0.9726; 0.0000; 42.9873
1.6781; -1.5662; 0.4946; 0.9899; 0.0000; 43.1975
1.4779; -1.5573; 0.5219; 0.9376; 0.0000; 43.3978
1.2882; -1.5585; 0.5189; 0.9425; 0.0000; 43.5875
1.1113; -1.5646; 0.5212; 0.9248; 0.0000; 43.7645
0.9482; -1.5708; 0.6371; 0.8835; 0.0000; 43.9277
0.7962; -1.5758; 0.6743; 0.8860; 0.0000; 44.0799
0.6513; -1.5789; 0.7058; 0.8483; 0.0000; 44.2247
0.5099; -1.5799; 0.7433; 0.8879; 0.0000; 44.3662
0.3685; -1.5842; 0.9056; 0.8045; 0.0000; 44.5076
0.2241; -1.6018; 0.9171; 0.7724; 0.0000; 44.6531
0.0737; -1.6426; 0.9640; 0.7931; 0.0000; 44.8089
-0.0829; -1.7110; 0.9826; 0.7553; 0.0000; 44.9798
-0.2405; -1.8012; 1.2354; 0.6511; 0.0000; 45.1614
-0.3931; -1.9059; 1.3212; 0.5962; 0.0000; 45.3464
-0.5353; -2.0188; 1.4306; 0.5762; 0.0000; 45.5280
-0.6652; -2.1396; 1.5324; 0.4823; 0.0000; 45.7054
-0.7819; -2.2703; 1.5975; 0.4228; 0.0000; 45.8806
-0.8845; -2.4128; 1.6632; 0.3674; 0.0000; 46.0562
-0.9712; -2.5670; 1.7269; 0.3476; 0.0000; 46.2331
-1.0389; -2.7309; 1.7303; 0.2766; 0.0000; 46.4104
-1.0845; -2.9024; 1.7276; 0.2918; 0.0000; 46.5879
-1.1061; -3.0791; 1.6807; 0.2766; 0.0000; 46.7659
-1.1040; -3.2583; 1.7188; 0.3475; 0.0000; 46.9451
-1.0793; -3.4370; 1.7182; 0.3771; 0.0000; 47.1255
-1.0332; -3.6121; 1.7808; 0.4345; 0.0000; 47.3066
-0.9689; -3.7806; 1.6461; 0.5155; 0.0000; 47.4869
-0.8904; -3.9390; 1.6002; 0.5547; 0.0000; 47.6637
-0.8019; -4.0841; 1.5717; 0.6091; 0.0000; 47.8337
-0.7029; -4.2154; 1.5214; 0.6407; 0.0000; 47.9982
-0.5867; -4.3358; 1.2207; 0.6964; 0.0000; 48.1654
-0.4465; -4.4484; 1.1065; 0.7267; 0.0000; 48.3453
-0.2788; -4.5553; 0.9588; 0.7554; 0.0000; 48.5442
-0.0933; -4.6539; 0.7852; 0.8164; 0.0000; 48.7543
0.0969; -4.7402; 0.7168; 0.8614; 0.0000; 48.9631
0.2800; -4.8108; 0.6417; 0.8598; 0.0000; 49.1594
0.4595; -4.8687; 0.5409; 0.9077; 0.0000; 49.3479
0.6493; -4.9209; 0.5098; 0.9170; 0.0000; 49.5448
0.8637; -4.9745; 0.5135; 0.9101; 0.0000; 49.7658
1.1070; -5.0319; 0.4336; 0.9026; 0.0000; 50.0158
1.3663; -5.0865; 0.3997; 0.8976; 0.0000; 50.2807
1.6263; -5.1308; 0.4282; 0.8903; 0.0000; 50.5445
1.8744; -5.1591; 0.4272; 0.8641; 0.0000; 50.7942
2.1104; -5.1743; 0.5280; 0.8364; 0.0000; 51.0307
2.3383; -5.1825; 0.5241; 0.8153; 0.0000; 51.2588
2.5624; -5.1895; 0.5657; 0.8366; 0.0000; 51.4830
2.7849; -5.1978; 0.6108; 0.7769; 0.0000; 51.7057
3.0070; -5.2062; 0.6317; 0.7915; 0.0000; 51.9279
3.2296; -5.2138; 0.6617; 0.7587; 0.0000; 52.1506
3.4537; -5.2199; 0.6592; 0.7908; 0.0000; 52.3748
3.6812; -5.2257; 0.6695; 0.7809; 0.0000; 52.6024
3.9136; -5.2324; 0.6244; 0.8392; 0.0000; 52.8349
4.1519; -5.2409; 0.6301; 0.8653; 0.0000; 53.0733
4.3893; -5.2499; 0.6283; 0.8589; 0.0000; 53.3109
4.6159; -5.2573; 0.5825; 0.9953; 0.0000; 53.5376
4.8219; -5.2609; 0.5404; 0.9970; 0.0000; 53.7436
5.0059; -5.2605; 0.5350; 1.0437; 0.0000; 53.9277
5.1776; -5.2593; 0.5039; 1.0537; 0.0000; 54.0993
5.3470; -5.2601; 0.4958; 1.0528; 0.0000; 54.2687
5.5217; -5.2656; 0.4480; 1.0686; 0.0000; 54.4435
5.7007; -5.2766; 0.4338; 1.1167; 0.0000; 54.6228
5.8807; -5.2932; 0.4372; 1.1306; 0.0000; 54.8036
6.0589; -5.3158; 0.4178; 1.1324; 0.0000; 54.9832
6.2345; -5.3448; 0.4427; 1.1577; 0.0000; 55.1613
6.4084; -5.3806; 0.4115; 1.2120; 0.0000; 55.3388
6.5813; -5.4235; 0.4337; 1.2131; 0.0000; 55.5170
6.7532; -5.4738; 0.4006; 1.2494; 0.0000; 55.6960
6.9226; -5.5311; 0.4251; 1.1793; 0.0000; 55.8748
7.0879; -5.5950; 0.4127; 1.1639; 0.0000; 56.0521
7.2482; -5.6652; 0.3910; 1.1298; 0.0000; 56.2270
7.4049; -5.7411; 0.4376; 0.9714; 0.0000; 56.4012
7.5604; -5.8223; 0.4895; 0.9127; 0.0000; 56.5766
7.7170; -5.9080; 0.4930; 0.8836; 0.0000; 56.7552
7.8749; -5.9969; 0.5119; 0.7969; 0.0000; 56.9364
8.0325; -6.0870; 0.6922; 0.6462; 0.0000; 57.1179
8.1882; -6.1761; 0.7314; 0.5579; 0.0000; 57.2972
8.3414; -6.2626; 0.8371; 0.5030; 0.0000; 57.4732
8.4944; -6.3459; 1.0032; 0.4090; 0.0000; 57.6474
8.6501; -6.4254; 1.0618; 0.3500; 0.0000; 57.8222
8.8105; -6.5007; 1.1377; 0.3249; 0.0000; 57.9995
8.9757; -6.5711; 1.2012; 0.4255; 0.0000; 58.1790
9.1444; -6.6361; 1.2679; 0.4429; 0.0000; 58.3598
9.3152; -6.6951; 1.3126; 0.4498; 0.0000; 58.5405
9.4873; -6.7476; 1.2485; 0.5213; 0.0000; 58.7204
9.6596; -6.7935; 0.9531; 0.6324; 0.0000; 58.8988
9.8316; -6.8324; 0.8681; 0.6253; 0.0000; 59.0751
10.0028; -6.8646; 0.7480; 0.6819; 0.0000; 59.2492
10.1741; -6.8912; 0.5755; 0.7097; 0.0000; 59.4226
10.3470; -6.9137; 0.5189; 0.6752; 0.0000; 59.5970
10.5224; -6.9337; 0.4826; 0.7062; 0.0000; 59.7735
10.7002; -6.9531; 0.4852; 0.6773; 0.0000; 59.9524
10.8791; -6.9739; 0.4449; 0.6583; 0.0000; 60.1325
11.0579; -6.9985; 0.4219; 0.6579; 0.0000; 60.3130
11.2361; -7.0278; 0.4508; 0.6225; 0.0000; 60.4936
11.4139; -7.0612; 0.5083; 0.5748; 0.0000; 60.6745
11.5916; -7.0982; 0.5069; 0.5745; 0.0000; 60.8560
11.7695; -7.1379; 0.5374; 0.5670; 0.0000; 61.0382
11.9475; -7.1794; 0.5650; 0.4921; 0.0000; 61.2210
12.1255; -7.2221; 0.5743; 0.4979; 0.0000; 61.4041
12.3033; -7.2649; 0.5682; 0.5003; 0.0000; 61.5870
12.4811; -7.3092; 0.5930; 0.4982; 0.0000; 61.7702
12.6590; -7.3574; 0.6672; 0.4503; 0.0000; 61.9545
12.8374; -7.4121; 0.6482; 0.4644; 0.0000; 62.1411
13.0160; -7.4745; 0.6497; 0.4435; 0.0000; 62.3303
13.1932; -7.5421; 0.6843; 0.4257; 0.0000; 62.5199
13.3675; -7.6120; 0.6787; 0.4107; 0.0000; 62.7077
13.5375; -7.6819; 0.6909; 0.4057; 0.0000; 62.8915
13.7044; -7.7526; 0.7392; 0.4181; 0.0000; 63.0728
13.8702; -7.8265; 0.7292; 0.4486; 0.0000; 63.2543
14.0368; -7.9057; 0.7371; 0.4270; 0.0000; 63.4388
14.2040; -7.9905; 0.7889; 0.4339; 0.0000; 63.6263
14.3692; -8.0789; 0.7834; 0.4299; 0.0000; 63.8136
14.5294; -8.1688; 0.7890; 0.4463; 0.0000; 63.9974
14.6836; -8.2586; 0.7716; 0.5154; 0.0000; 64.1758
14.8352; -8.3486; 0.7784; 0.5181; 0.0000; 64.3521
14.9886; -8.4395; 0.7784; 0.5380; 0.0000; 64.5305
15.1477; -8.5319; 0.7835; 0.5409; 0.0000; 64.7144
15.3090; -8.6254; 0.7117; 0.7743; 0.0000; 64.9009
15.4656; -8.7193; 0.7031; 0.8221; 0.0000; 65.0834
15.6102; -8.8127; 0.6880; 0.8560; 0.0000; 65.2555
15.7407; -8.9081; 0.5299; 1.1619; 0.0000; 65.4172
15.8619; -9.0125; 0.4686; 1.2264; 0.0000; 65.5772
15.9793; -9.1333; 0.4734; 1.2626; 0.0000; 65.7457
16.0970; -9.2762; 0.4845; 1.3386; 0.0000; 65.9308
16.2135; -9.4384; 0.4411; 1.3823; 0.0000; 66.1305
16.3257; -9.6152; 1.0082; 1.3752; 0.0000; 66.3398
16.4296; -9.8016; 0.9691; 1.3398; 0.0000; 66.5532
16.5079; -9.9902; 1.0258; 1.2467; 0.0000; 66.7575
16.5334; -10.1718; 1.0866; 1.2532; 0.0000; 66.9408
16.4784; -10.3372; 1.1500; 1.3092; 0.0000; 67.1151
16.3358; -10.4796; 1.4596; 1.4000; 0.0000; 67.3167
16.1394; -10.5974; 1.2478; 1.0249; 0.0000; 67.5457
15.9277; -10.6896; 1.0445; 0.4549; 0.0000; 67.7766
15.7338; -10.7551; 1.0697; 0.4433; 0.0000; 67.9812
15.5580; -10.7935; 0.9257; 0.5150; 0.0000; 68.1612
15.3879; -10.8047; 0.9064; 0.5167; 0.0000; 68.3317
15.2117; -10.7888; 0.8902; 0.5255; 0.0000; 68.5086
15.0263; -10.7509; 0.8751; 0.5408; 0.0000; 68.6978
14.8377; -10.7012; 0.8265; 0.4788; 0.0000; 68.8928
14.6523; -10.6501; 0.8249; 0.4862; 0.0000; 69.0852
14.4738; -10.6049; 0.8165; 0.4928; 0.0000; 69.2693
14.2990; -10.5633; 0.8281; 0.4543; 0.0000; 69.4489
14.1236; -10.5216; 0.8213; 0.4438; 0.0000; 69.6292
13.9437; -10.4765; 0.8106; 0.4592; 0.0000; 69.8147
13.7604; -10.4288; 0.8200; 0.5150; 0.0000; 70.0042
13.5773; -10.3814; 0.7957; 0.5107; 0.0000; 70.1933
13.3980; -10.3372; 0.8157; 0.5228; 0.0000; 70.3780
13.2226; -10.2964; 0.8105; 0.4871; 0.0000; 70.5580
13.0462; -10.2556; 0.8014; 0.4920; 0.0000; 70.7391
12.8636; -10.2112; 0.8068; 0.4913; 0.0000; 70.9270
12.6722; -10.1610; 0.7590; 0.5229; 0.0000; 71.1249
12.4792; -10.1093; 0.7725; 0.5090; 0.0000; 71.3247
12.2946; -10.0619; 0.7576; 0.5039; 0.0000; 71.5153
12.1270; -10.0239; 0.7713; 0.5007; 0.0000; 71.6872
11.9702; -9.9930; 0.7420; 0.4986; 0.0000; 71.8470
11.8077; -9.9614; 0.7366; 0.4985; 0.0000; 72.0125
11.6228; -9.9213; 0.7367; 0.4911; 0.0000; 72.2017
11.4099; -9.8692; 0.7606; 0.4458; 0.0000; 72.4209
11.1843; -9.8095; 0.7681; 0.4399; 0.0000; 72.6542
10.9636; -9.7473; 0.7649; 0.4215; 0.0000; 72.8836
10.7615; -9.6872; 0.7597; 0.4622; 0.0000; 73.0944
10.5708; -9.6303; 0.7371; 0.4752; 0.0000; 73.2933
10.3773; -9.5766; 0.7527; 0.4965; 0.0000; 73.4942
10.1672; -9.5258; 0.7398; 0.4949; 0.0000; 73.7104
9.9404; -9.4764; 0.7297; 0.5074; 0.0000; 73.9424
9.7100; -9.4259; 0.7510; 0.5228; 0.0000; 74.1783
9.4893; -9.3714; 0.7563; 0.5189; 0.0000; 74.4056
9.2871; -9.3124; 0.7600; 0.5193; 0.0000; 74.6164
9.0993; -9.2538; 0.7475; 0.4974; 0.0000; 74.8130
8.9203; -9.2016; 0.7364; 0.4979; 0.0000; 74.9995
8.7448; -9.1607; 0.7767; 0.5096; 0.0000; 75.1797
8.5712; -9.1283; 0.7806; 0.5571; 0.0000; 75.3563
8.4001; -9.0983; 0.7991; 0.5511; 0.0000; 75.5300
8.2318; -9.0644; 0.7908; 0.5367; 0.0000; 75.7017
8.0641; -9.0240; 0.8004; 0.5560; 0.0000; 75.8742
7.8916; -8.9794; 0.7877; 0.5610; 0.0000; 76.0523
7.7088; -8.9329; 0.7980; 0.5616; 0.0000; 76.2410
7.5100; -8.8856; 0.8050; 0.5532; 0.0000; 76.4453
7.2902; -8.8332; 0.8677; 0.5416; 0.0000; 76.6713
7.0443; -8.7704; 0.8771; 0.5143; 0.0000; 76.9251
6.7687; -8.6928; 0.9245; 0.5198; 0.0000; 77.2114
6.4764; -8.6044; 0.9247; 0.5075; 0.0000; 77.5168
6.1908; -8.5155; 1.0376; 0.4517; 0.0000; 77.8159
5.9356; -8.4359; 1.0779; 0.4631; 0.0000; 78.0832
5.7173; -8.3695; 1.1152; 0.4728; 0.0000; 78.3114
5.5121; -8.3084; 1.2583; 0.4858; 0.0000; 78.5255
5.2935; -8.2439; 1.3228; 0.4707; 0.0000; 78.7534
5.0383; -8.1688; 1.5809; 0.4737; 0.0000; 79.0194
4.7416; -8.0826; 1.6629; 0.4885; 0.0000; 79.3284
4.4039; -7.9876; 1.8898; 0.4777; 0.0000; 79.6792
4.0269; -7.8858; 1.8857; 0.5190; 0.0000; 80.0697
3.6286; -7.7819; 1.7390; 0.4609; 0.0000; 80.4814
3.2416; -7.6826; 1.5907; 0.4677; 0.0000; 80.8809
2.8990; -7.5946; 1.5888; 0.5056; 0.0000; 81.2346
2.6183; -7.5206; 1.5255; 0.4893; 0.0000; 81.5249
2.3796; -7.4543; 1.5259; 0.5019; 0.0000; 81.7726
2.1575; -7.3878; 1.4659; 0.5173; 0.0000; 82.0044
1.9297; -7.3144; 1.4225; 0.5252; 0.0000; 82.2437
1.6953; -7.2373; 1.4205; 0.5279; 0.0000; 82.4905
1.4630; -7.1634; 1.3590; 0.4849; 0.0000; 82.7343
1.2412; -7.0999; 1.3371; 0.4774; 0.0000; 82.9650
1.0285; -7.0462; 1.2727; 0.4767; 0.0000; 83.1844
0.8116; -6.9925; 1.2326; 0.4729; 0.0000; 83.4078
0.5766; -6.9287; 1.2291; 0.4792; 0.0000; 83.6513
0.3164; -6.8489; 1.1737; 0.5035; 0.0000; 83.9236
0.0466; -6.7610; 1.1563; 0.4812; 0.0000; 84.2073
-0.2122; -6.6761; 1.0814; 0.5015; 0.0000; 84.4797
-0.4413; -6.6041; 1.0014; 0.5610; 0.0000; 84.7198
-0.6396; -6.5453; 0.9409; 0.5706; 0.0000; 84.9266
-0.8171; -6.4939; 0.9336; 0.6061; 0.0000; 85.1114
-0.9836; -6.4443; 0.9089; 0.6096; 0.0000; 85.2851
-1.1459; -6.3922; 0.8689; 0.6492; 0.0000; 85.4556
-1.3055; -6.3362; 0.7547; 0.7662; 0.0000; 85.6247
-1.4633; -6.2753; 0.6834; 0.8007; 0.0000; 85.7939
-1.6202; -6.2082; 0.6363; 0.8240; 0.0000; 85.9645
-1.7751; -6.1334; 0.5338; 0.9881; 0.0000; 86.1366
-1.9268; -6.0492; 0.5241; 1.0270; 0.0000; 86.3101
-2.0738; -5.9539; 0.4810; 1.1182; 0.0000; 86.4853
-2.2159; -5.8482; 0.4600; 1.1777; 0.0000; 86.6623
-2.3534; -5.7346; 0.4397; 1.3633; 0.0000; 86.8407
-2.4867; -5.6155; 0.3939; 1.4351; 0.0000; 87.0194
-2.6161; -5.4926; 0.3825; 1.4904; 0.0000; 87.1979
-2.7408; -5.3653; 0.3409; 1.6835; 0.0000; 87.3761
-2.8604; -5.2329; 0.3446; 1.7669; 0.0000; 87.5545
-2.9740; -5.0948; 0.3362; 1.8688; 0.0000; 87.7334
-3.0809; -4.9510; 0.3466; 1.9661; 0.0000; 87.9125
-3.1800; -4.8023; 0.3496; 2.0411; 0.0000; 88.0912
-3.2704; -4.6491; 0.3623; 2.0935; 0.0000; 88.2691
-3.3515; -4.4918; 0.3363; 2.0827; 0.0000; 88.4461
-3.4231; -4.3305; 0.3806; 2.0535; 0.0000; 88.6226
-3.4851; -4.1653; 0.4093; 2.0545; 0.0000; 88.7990
-3.5373; -3.9966; 0.4217; 2.0660; 0.0000; 88.9756
-3.5797; -3.8246; 0.4804; 1.9809; 0.0000; 89.1527
-3.6125; -3.6500; 0.4725; 1.9777; 0.0000; 89.3304
-3.6355; -3.4732; 0.5070; 1.9261; 0.0000; 89.5088
-3.6490; -3.2950; 0.4976; 1.8489; 0.0000; 89.6874
-3.6527; -3.1166; 0.4892; 1.8247; 0.0000; 89.8659
-3.6469; -2.9389; 0.5004; 1.8455; 0.0000; 90.0436
-3.6314; -2.7627; 0.4929; 1.8219; 0.0000; 90.2205
-3.6062; -2.5880; 0.4461; 1.8209; 0.0000; 90.3971
-3.5711; -2.4147; 0.4205; 1.8246; 0.0000; 90.5739
-3.5261; -2.2429; 0.4033; 1.8365; 0.0000; 90.7514
-3.4716; -2.0731; 0.4184; 1.8964; 0.0000; 90.9298
-3.4079; -1.9059; 0.3954; 1.8814; 0.0000; 91.1088
-3.3354; -1.7417; 0.3943; 1.9041; 0.0000; 91.2882
-3.2543; -1.5813; 0.4048; 1.9518; 0.0000; 91.4679
-3.1647; -1.4259; 0.4120; 2.0484; 0.0000; 91.6473
-3.0668; -1.2762; 0.4061; 2.0834; 0.0000; 91.8262
-2.9608; -1.1328; 0.4200; 2.1184; 0.0000; 92.0045
-2.8474; -0.9954; 0.4756; 2.1253; 0.0000; 92.1827
-2.7275; -0.8633; 0.4933; 2.1516; 0.0000; 92.3610
-2.6019; -0.7363; 0.4782; 2.1508; 0.0000; 92.5397
-2.4718; -0.6145; 0.5384; 2.0597; 0.0000; 92.7179
-2.3389; -0.4983; 0.5425; 2.0047; 0.0000; 92.8944
-2.2045; -0.3882; 0.5578; 1.9311; 0.0000; 93.0682
-2.0667; -0.2842; 0.6314; 1.8968; 0.0000; 93.2408
-1.9206; -0.1855; 0.6995; 1.7402; 0.0000; 93.4172
-1.7608; -0.0914; 0.7228; 1.6336; 0.0000; 93.6026
-1.5879; -0.0021; 0.7479; 1.5710; 0.0000; 93.7972
-1.4183; 0.0807; 0.8058; 1.4175; 0.0000; 93.9859
-1.2716; 0.1547; 0.8244; 1.3507; 0.0000; 94.1502
-1.1613; 0.2184; 0.8131; 1.3367; 0.0000; 94.2776
-1.0479; 0.2769; 0.8251; 1.2895; 0.0000; 94.4052
-0.8644; 0.3391; 0.8939; 1.1633; 0.0000; 94.5990
-0.5454; 0.4134; 0.9552; 1.0882; 0.0000; 94.9265
-0.1183; 0.4953; 0.9555; 1.0546; 0.0000; 95.3614
0.2602; 0.5620; 1.1232; 0.8307; 0.0000; 95.7457
0.4233; 0.5896; 1.1538; 0.8221; 0.0000; 95.9112
