timestamp_s,odom_x,odom_y,odom_vx,motor_rpm,cmd_speed,phase
5.197609907000015,0.0,0.0,0.0,0.0,10.0,run_0
5.199644173000024,0.0,0.0,0.0,0.0,10.0,run_0
5.201480233999973,0.0,0.0,0.0,0.0,10.0,run_0
5.204574511999908,0.0,0.0,0.0,0.0,10.0,run_0
5.205835223999884,0.0,0.0,0.0,0.0,10.0,run_0
5.20705027300005,0.0,0.0,0.0,0.0,10.0,run_0
5.209436308000022,0.0,0.0,0.0,0.0,10.0,run_0
5.210529950999899,0.0,0.0,0.0,0.0,10.0,run_0
5.211579212000061,0.0,0.0,0.0,0.0,10.0,run_0
5.213845665000008,0.0,0.0,0.0,0.0,10.0,run_0
5.214790414999925,0.0,0.0,0.0,0.0,10.0,run_0
5.216475342999956,0.0,0.0,0.0,0.0,10.0,run_0
5.218972352000037,0.0,0.0,0.0,0.0,10.0,run_0
5.220031435999999,0.0,0.0,0.0,0.0,10.0,run_0
5.220990618000087,0.0,0.0,0.0,0.0,10.0,run_0
5.223137584999904,0.0,0.0,0.0,0.0,10.0,run_0
5.224118078999936,0.0,0.0,0.0,0.0,10.0,run_0
5.225051468999936,0.0,0.0,0.0,0.0,10.0,run_0
5.2270943109999735,0.0,0.0,0.0,0.0,10.0,run_0
5.228116403000058,0.0,0.0,0.0,0.0,10.0,run_0
5.229085600999952,0.0,0.0,0.0,0.0,10.0,run_0
5.231068604000029,0.0,0.0,0.0,0.0,10.0,run_0
5.231992713999944,0.0,0.0,0.0,0.0,10.0,run_0
5.233012406999933,0.0,0.0,0.0,0.0,10.0,run_0
5.2349897449998934,0.0,0.0,0.0,0.0,10.0,run_0
5.23603676599987,0.0,0.0,0.0,0.0,10.0,run_0
5.236921260999907,0.0,0.0,0.0,0.0,10.0,run_0
5.2387527779999346,0.0,0.0,0.0,0.0,10.0,run_0
5.2396690489999855,0.0,0.0,0.0,0.0,10.0,run_0
5.240556040000001,0.0,0.0,0.0,0.0,10.0,run_0
5.242311015000041,0.0,0.0,0.0,0.0,10.0,run_0
5.243123896000043,0.0,0.0,0.0,0.0,10.0,run_0
5.244038694999972,0.0,0.0,0.0,-1.0,10.0,run_0
5.245922402999895,0.0,0.0,0.0,-1.0,10.0,run_0
5.246788818999903,0.0,0.0,0.0,-1.0,10.0,run_0
5.247576292000076,0.0,0.0,0.0,-5.0,10.0,run_0
5.249252035999916,0.0,0.0,0.0,-5.0,10.0,run_0
5.25001650199988,0.0,0.0,0.0,-5.0,10.0,run_0
5.25080087099991,0.0,0.0,0.0,11.0,10.0,run_0
5.252483399000084,0.0,0.0,0.0,11.0,10.0,run_0
5.253272087999903,0.0,0.0,0.0,11.0,10.0,run_0
5.253982346999919,0.0,0.0,0.0,15.0,10.0,run_0
5.255498446000047,0.0,0.0,0.0,15.0,10.0,run_0
5.256332286000088,0.0,0.0,0.0,15.0,10.0,run_0
5.257038672999897,0.0,0.0,0.0,19.0,10.0,run_0
5.2586387070000455,0.0,0.0,0.0,19.0,10.0,run_0
5.259332134000033,0.0,0.0,0.0,19.0,10.0,run_0
5.260105751000083,0.0,0.0,0.0,24.0,10.0,run_0
5.26163583399989,0.0,0.0,0.0,24.0,10.0,run_0
5.262392716000022,0.0,0.0,0.0,24.0,10.0,run_0
5.263117885999918,0.0,0.0,0.0,27.0,10.0,run_0
5.264630593999982,0.0,0.0,0.0,27.0,10.0,run_0
5.265300692999972,0.0,0.0,0.0,27.0,10.0,run_0
5.266000807999944,0.0,0.0,0.0,30.0,10.0,run_0
5.267549706999944,0.0,0.0,0.0,30.0,10.0,run_0
5.2683251159999145,0.0,0.0,0.0,30.0,10.0,run_0
5.268955856000048,0.0,0.0,0.0,35.0,10.0,run_0
5.270159353000054,0.0,0.0,0.0,35.0,10.0,run_0
5.2707115030000296,0.0,0.0,0.0,35.0,10.0,run_0
5.27122746100008,0.0,0.0,0.0,39.0,10.0,run_0
5.272428750000017,0.0,0.0,0.0,39.0,10.0,run_0
5.272994211999958,0.0,0.0,0.0,39.0,10.0,run_0
5.2735344899999745,0.0,0.0,0.0,44.0,10.0,run_0
5.274682916000074,0.0,0.0,0.0,44.0,10.0,run_0
5.275194937999913,0.0,0.0,0.0,44.0,10.0,run_0
5.275682641000003,0.0,0.0,0.0,49.0,10.0,run_0
5.276741117000029,0.0,0.0,0.0,49.0,10.0,run_0
5.277214259999937,0.0,0.0,0.0,49.0,10.0,run_0
5.277727945999914,0.0,0.0,0.0,54.0,10.0,run_0
5.278839828999935,0.0,0.0,0.0,54.0,10.0,run_0
5.279348364000043,0.0,0.0,0.0,54.0,10.0,run_0
5.279825411000047,0.0,0.0,0.0,57.0,10.0,run_0
5.280907053999954,0.0,0.0,0.0,57.0,10.0,run_0
5.281386852999958,0.0,0.0,0.0,57.0,10.0,run_0
5.281855612000072,0.0,0.0,0.0,59.0,10.0,run_0
5.282857609000075,0.0,0.0,0.0,59.0,10.0,run_0
5.283810230999961,0.0,0.0,0.0,59.0,10.0,run_0
5.284378956999944,0.0,0.0,0.0,63.0,10.0,run_0
5.285461879999957,0.0,0.0,0.0,63.0,10.0,run_0
5.286015789999965,0.0,0.0,0.0,68.0,10.0,run_0
5.287127736999992,0.0,0.0,0.0,68.0,10.0,run_0
5.289013684999873,0.0,0.0,0.0,68.0,10.0,run_0
5.290144992000023,0.0,0.0,0.0,68.0,10.0,run_0
5.290673206000065,0.0,0.0,0.0,68.0,10.0,run_0
5.291188811999973,0.0,0.0,0.0,73.0,10.0,run_0
5.294814535999876,0.0,0.0,0.0,77.0,10.0,run_0
5.296464105000041,0.0,0.0,0.0,77.0,10.0,run_0
5.299089367000079,0.0,0.0,0.0,77.0,10.0,run_0
5.300833622000027,0.0,0.0,0.0,174.0,10.0,run_0
5.302361336999866,0.0,0.0,0.0,174.0,10.0,run_0
5.3031398819998685,0.0,0.0,0.0,174.0,10.0,run_0
5.306446955999945,0.0,0.0,0.0,251.0,10.0,run_0
5.308001934999993,0.0003855143504233423,-2.1921037933497674e-05,0.06275,251.0,10.0,run_0
5.308655778000002,0.0003855143504233423,-2.1921037933497674e-05,0.06275,251.0,10.0,run_0
5.311839014000043,0.0003855143504233423,-2.1921037933497674e-05,0.06275,312.0,10.0,run_0
5.313286762999951,0.0008148576193469409,-4.635034520020233e-05,0.078,312.0,10.0,run_0
5.313974493999922,0.0008148576193469409,-4.635034520020233e-05,0.078,312.0,10.0,run_0
5.317531483000039,0.0008148576193469409,-4.635034520020233e-05,0.078,369.0,10.0,run_0
5.319314457000019,0.0013228194636517813,-7.528586845478811e-05,0.09225,369.0,10.0,run_0
5.320232487999874,0.0013228194636517813,-7.528586845478811e-05,0.09225,369.0,10.0,run_0
5.3231494569999995,0.0013228194636517813,-7.528586845478811e-05,0.09225,424.0,10.0,run_0
5.324996558000066,0.0019087910028640113,-0.00010864263171186451,0.106,424.0,10.0,run_0
5.325853278000068,0.0019087910028640113,-0.00010864263171186451,0.106,424.0,10.0,run_0
5.329312443999925,0.0019087910028640113,-0.00010864263171186451,0.106,424.0,10.0,run_0
5.330344776999937,0.0019087910028640113,-0.00010864263171186451,0.106,477.0,10.0,run_0
5.331992522000064,0.002571972494479021,-0.0001463047205122073,0.11925,477.0,10.0,run_0
5.334284221999951,0.002571972494479021,-0.0001463047205122073,0.11925,526.0,10.0,run_0
5.335736866999923,0.0033301861095541277,-0.0001893211924448526,0.1315,526.0,10.0,run_0
5.33649246899995,0.0033301861095541277,-0.0001893211924448526,0.1315,526.0,10.0,run_0
5.3371497999999065,0.0033301861095541277,-0.0001893211924448526,0.1315,573.0,10.0,run_0
5.338471407000043,0.0033730683313271054,-0.00019175731681161714,0.14325,573.0,10.0,run_0
5.339091395999958,0.0033730683313271054,-0.00019175731681161714,0.14325,573.0,10.0,run_0
5.340316075999908,0.0033730683313271054,-0.00019175731681161714,0.14325,573.0,10.0,run_0
5.340991487999872,0.0033730683313271054,-0.00019175731681161714,0.14325,619.0,10.0,run_0
5.342372134000016,0.004202605067364985,-0.00023890219737498903,0.15475,619.0,10.0,run_0
5.345425867999893,0.004202605067364985,-0.00023890219737498903,0.15475,650.0,10.0,run_0
5.347025389999999,0.005094814481664612,-0.00028943842510068966,0.1625,650.0,10.0,run_0
5.347824095000078,0.005094814481664612,-0.00028943842510068966,0.1625,650.0,10.0,run_0
5.351013537999961,0.005094814481664612,-0.00028943842510068966,0.1625,691.0,10.0,run_0
5.352691427000082,0.0060400534823590556,-0.0003426419990569603,0.17275,691.0,10.0,run_0
5.3534813960000065,0.0060400534823590556,-0.0003426419990569603,0.17275,691.0,10.0,run_0
5.356535162,0.0060400534823590556,-0.0003426419990569603,0.17275,732.0,10.0,run_0
5.358170555000015,0.0070489582402807624,-0.00039905347261758755,0.183,732.0,10.0,run_0
5.358934541000053,0.0070489582402807624,-0.00039905347261758755,0.183,732.0,10.0,run_0
5.362276430000065,0.0070489582402807624,-0.00039905347261758755,0.183,768.0,10.0,run_0
5.363986124999883,0.008136666150572817,-0.0004596850857990095,0.192,768.0,10.0,run_0
5.3647866539999995,0.008136666150572817,-0.0004596850857990095,0.192,768.0,10.0,run_0
5.367717479000021,0.008136666150572817,-0.0004596850857990095,0.192,803.0,10.0,run_0
5.3694147589999375,0.0092487555453282,-0.0005218160735153867,0.20075,803.0,10.0,run_0
5.370219991999875,0.0092487555453282,-0.0005218160735153867,0.20075,803.0,10.0,run_0
5.373690837999902,0.0092487555453282,-0.0005218160735153867,0.20075,837.0,10.0,run_0
5.375354646999995,0.010495757117229734,-0.0005917519107109198,0.20925,837.0,10.0,run_0
5.376255237999885,0.010495757117229734,-0.0005917519107109198,0.20925,837.0,10.0,run_0
5.376992823999899,0.010495757117229734,-0.0005917519107109198,0.20925,868.0,10.0,run_0
5.378582970000025,0.01056435160351986,-0.0005956052688738287,0.217,868.0,10.0,run_0
5.380039262000082,0.01056435160351986,-0.0005956052688738287,0.217,868.0,10.0,run_0
5.380831375000071,0.01056435160351986,-0.0005956052688738287,0.217,899.0,10.0,run_0
5.382361713999899,0.011810766068294733,-0.0006658539093167828,0.22475,899.0,10.0,run_0
5.383037029999969,0.011810766068294733,-0.0006658539093167828,0.22475,899.0,10.0,run_0
5.384936385999936,0.011810766068294733,-0.0006658539093167828,0.22475,927.0,10.0,run_0
5.386461444999895,0.01306912510610427,-0.0007371512912763822,0.23175,927.0,10.0,run_0
5.38718840699994,0.01306912510610427,-0.0007371512912763822,0.23175,927.0,10.0,run_0
5.390502297000012,0.01306912510610427,-0.0007371512912763822,0.23175,956.0,10.0,run_0
5.39207327500003,0.014386235505450793,-0.0008120776883023123,0.239,956.0,10.0,run_0
5.392804524999974,0.014386235505450793,-0.0008120776883023123,0.239,956.0,10.0,run_0
5.397316983999872,0.015733543372775827,-0.0008889957443549118,0.2455,956.0,10.0,run_0
5.39811405699993,0.015733543372775827,-0.0008889957443549118,0.2455,956.0,10.0,run_0
5.398779163999961,0.015733543372775827,-0.0008889957443549118,0.2455,982.0,10.0,run_0
5.401434569999992,0.015733543372775827,-0.0008889957443549118,0.2455,1008.0,10.0,run_0
5.402985805000071,0.017108123596017395,-0.0009676633500881218,0.252,1008.0,10.0,run_0
5.403728734999959,0.017108123596017395,-0.0009676633500881218,0.252,1008.0,10.0,run_0
5.407165022000072,0.017108123596017395,-0.0009676633500881218,0.252,1120.0,10.0,run_0
5.409035258999893,0.018643933582834043,-0.001055700637205513,0.28,1120.0,10.0,run_0
5.409839594999994,0.018643933582834043,-0.001055700637205513,0.28,1120.0,10.0,run_0
5.412504920999936,0.018643933582834043,-0.001055700637205513,0.28,1448.0,10.0,run_0
5.414138906000062,0.020624363696568903,-0.0011693425959515074,0.362,1448.0,10.0,run_0
5.414848556999914,0.020624363696568903,-0.0011693425959515074,0.362,1448.0,10.0,run_0
5.418217836999929,0.020624363696568903,-0.0011693425959515074,0.362,1596.0,10.0,run_0
5.419591539000066,0.022837548839119745,-0.0012963713906022757,0.399,1596.0,10.0,run_0
5.420396867999898,0.022837548839119745,-0.0012963713906022757,0.399,1596.0,10.0,run_0
5.423552775999951,0.022837548839119745,-0.0012963713906022757,0.399,1690.0,10.0,run_0
5.424983724999947,0.025215804247946262,-0.0014327993731982987,0.4225,1690.0,10.0,run_0
5.425642849000042,0.025215804247946262,-0.0014327993731982987,0.4225,1690.0,10.0,run_0
5.426287092999928,0.025215804247946262,-0.0014327993731982987,0.4225,1654.0,10.0,run_0
5.427565948999927,0.02547404805371762,-0.0014476040219254347,0.4135,1654.0,10.0,run_0
5.428236623999965,0.02547404805371762,-0.0014476040219254347,0.4135,1654.0,10.0,run_0
5.42970037200007,0.02547404805371762,-0.0014476040219254347,0.4135,1654.0,10.0,run_0
5.430454597999869,0.02547404805371762,-0.0014476040219254347,0.4135,1633.0,10.0,run_0
5.431846347999908,0.02764666135961893,-0.0015722514826583534,0.40825,1633.0,10.0,run_0
5.435928318999913,0.029867544988030077,-0.001699967367397093,0.4105,1633.0,10.0,run_0
5.436797582000054,0.029867544988030077,-0.001699967367397093,0.4105,1633.0,10.0,run_0
5.437547488000064,0.029867544988030077,-0.001699967367397093,0.4105,1642.0,10.0,run_0
5.440903360999982,0.029867544988030077,-0.001699967367397093,0.4105,1642.0,10.0,run_0
5.441605940000045,0.029867544988030077,-0.001699967367397093,0.4105,1591.0,10.0,run_0
5.443436848999909,0.032018572651328146,-0.0018238674376363424,0.39775,1591.0,10.0,run_0
5.446156541999926,0.032018572651328146,-0.0018238674376363424,0.39775,1591.0,10.0,run_0
5.446848433000014,0.032018572651328146,-0.0018238674376363424,0.39775,1530.0,10.0,run_0
5.4482123109999065,0.034061138643360335,-0.0019415061830972435,0.3825,1530.0,10.0,run_0
5.4516255260000435,0.036039059112198124,-0.002055401846717721,0.37025,1530.0,10.0,run_0
5.452321032999862,0.036039059112198124,-0.002055401846717721,0.37025,1530.0,10.0,run_0
5.45293583800003,0.036039059112198124,-0.002055401846717721,0.37025,1481.0,10.0,run_0
5.456809459999931,0.036039059112198124,-0.002055401846717721,0.37025,1436.0,10.0,run_0
5.45817445900002,0.03794917669320728,-0.0021655442910318446,0.359,1436.0,10.0,run_0
5.458806671000048,0.03794917669320728,-0.0021655442910318446,0.359,1436.0,10.0,run_0
5.462384714999871,0.039805696552295114,-0.0022730375208176857,0.347,1436.0,10.0,run_0
5.463107292999894,0.039805696552295114,-0.0022730375208176857,0.347,1436.0,10.0,run_0
5.46371621000003,0.039805696552295114,-0.0022730375208176857,0.347,1388.0,10.0,run_0
5.4671355049999875,0.039805696552295114,-0.0022730375208176857,0.347,873.0,10.0,run_0
5.468579606000048,0.04099865208955245,-0.0023424777507432405,0.21825,873.0,10.0,run_0
5.469258120999939,0.04099865208955245,-0.0023424777507432405,0.21825,873.0,10.0,run_0
5.473397723000062,0.04157331629988369,-0.002376019239991625,0.107,873.0,10.0,run_0
5.474111757999935,0.04157331629988369,-0.002376019239991625,0.107,873.0,10.0,run_0
5.474860287999945,0.04157331629988369,-0.002376019239991625,0.107,428.0,10.0,run_0
5.478472698999894,0.04157331629988369,-0.002376019239991625,0.107,420.0,10.0,run_0
5.480202970999926,0.0421606091969752,-0.0024102799268369383,0.105,420.0,10.0,run_0
5.480961420000085,0.0421606091969752,-0.0024102799268369383,0.105,420.0,10.0,run_0
5.484143855999946,0.0421606091969752,-0.0024102799268369383,0.105,296.0,10.0,run_0
5.48562334799999,0.04257578946889859,-0.0024344621160277153,0.074,296.0,10.0,run_0
5.486351781999929,0.04257578946889859,-0.0024344621160277153,0.074,296.0,10.0,run_0
5.487036058000058,0.04257578946889859,-0.0024344621160277153,0.074,239.0,10.0,run_0
5.488404255999967,0.04259404273683369,-0.002435524479445812,0.05975,239.0,10.0,run_0
5.48906728299994,0.04259404273683369,-0.002435524479445812,0.05975,239.0,10.0,run_0
5.490408409999873,0.04291595344213134,-0.0024542832327001086,0.06075,239.0,10.0,run_0
5.491031342000042,0.04291595344213134,-0.0024542832327001086,0.06075,239.0,10.0,run_0
5.491671905999965,0.04291595344213134,-0.0024542832327001086,0.06075,243.0,10.0,run_0
5.4959998239999095,0.04325468744320855,-0.0024741077474762555,0.0625,243.0,10.0,run_0
5.496893599000032,0.04325468744320855,-0.0024741077474762555,0.0625,243.0,10.0,run_0
5.497667025000055,0.04325468744320855,-0.0024741077474762555,0.0625,250.0,10.0,run_0
5.500484251999978,0.04325468744320855,-0.0024741077474762555,0.0625,257.0,10.0,run_0
5.501997695,0.04360454182686147,-0.0024947571717866047,0.06425,257.0,10.0,run_0
5.502637074999939,0.04360454182686147,-0.0024947571717866047,0.06425,257.0,10.0,run_0
5.505693689000054,0.04360454182686147,-0.0024947571717866047,0.06425,265.0,10.0,run_0
5.507057182999915,0.04396360214052553,-0.0025161273312536815,0.06625,265.0,10.0,run_0
5.507700818999865,0.04396360214052553,-0.0025161273312536815,0.06625,265.0,10.0,run_0
5.511624809000068,0.04396360214052553,-0.0025161273312536815,0.06625,280.0,10.0,run_0
5.5130561099999795,0.044372208474247485,-0.002540454882133326,0.07,280.0,10.0,run_0
5.513717538000037,0.044372208474247485,-0.002540454882133326,0.07,280.0,10.0,run_0
5.517327357999875,0.044372208474247485,-0.002540454882133326,0.07,271.0,10.0,run_0
5.518681667999999,0.04476008244270662,-0.0025634073219255138,0.06775,271.0,10.0,run_0
5.519319320000022,0.04476008244270662,-0.0025634073219255138,0.06775,271.0,10.0,run_0
5.524234778999926,0.04514378253989964,-0.002585992800899017,0.065,271.0,10.0,run_0
5.524935661999962,0.04514378253989964,-0.002585992800899017,0.065,260.0,10.0,run_0
5.525971609999942,0.04514378253989964,-0.002585992800899017,0.065,260.0,10.0,run_0
5.529129407000028,0.04514378253989964,-0.002585992800899017,0.065,259.0,10.0,run_0
5.530461092999985,0.04553364269435675,-0.002608881360946984,0.06475,259.0,10.0,run_0
5.532133125999962,0.04553364269435675,-0.002608881360946984,0.06475,259.0,10.0,run_0
5.532757881999942,0.04553364269435675,-0.002608881360946984,0.06475,254.0,10.0,run_0
5.534093857000016,0.045548872450352905,-0.0026097747767591137,0.0635,254.0,10.0,run_0
5.534704053000041,0.045548872450352905,-0.0026097747767591137,0.0635,254.0,10.0,run_0
5.535979580999992,0.04587644349809465,-0.002629026592707509,0.06175,254.0,10.0,run_0
5.536552337999865,0.04587644349809465,-0.002629026592707509,0.06175,254.0,10.0,run_0
5.537139431000014,0.04587644349809465,-0.002629026592707509,0.06175,247.0,10.0,run_0
5.540719875999912,0.04587644349809465,-0.002629026592707509,0.06175,240.0,10.0,run_0
5.542515169999888,0.046207045256815515,-0.0026485288386806126,0.06,240.0,10.0,run_0
5.5431856529999095,0.046207045256815515,-0.0026485288386806126,0.06,240.0,10.0,run_0
5.545762884999931,0.046207045256815515,-0.0026485288386806126,0.06,234.0,10.0,run_0
5.5471360110000205,0.046525486406224136,-0.002667364950266059,0.0585,234.0,10.0,run_0
5.547936443000026,0.046525486406224136,-0.002667364950266059,0.0585,234.0,10.0,run_0
5.551403162000042,0.046525486406224136,-0.002667364950266059,0.0585,347.0,10.0,run_0
5.5528950059999715,0.04699982726601172,-0.0026954234490517972,0.08675,347.0,10.0,run_0
5.553620079999973,0.04699982726601172,-0.0026954234490517972,0.08675,347.0,10.0,run_0
5.557087439000043,0.04699982726601172,-0.0026954234490517972,0.08675,404.0,10.0,run_0
5.558626353999898,0.04758023634969146,-0.0027296848885347614,0.101,404.0,10.0,run_0
5.559356131999948,0.04758023634969146,-0.0027296848885347614,0.101,404.0,10.0,run_0
5.564352869000004,0.048210681246013215,-0.002766861357650554,0.11425,404.0,10.0,run_0
5.566249217999939,0.048210681246013215,-0.002766861357650554,0.11425,404.0,10.0,run_0
5.567229710999982,0.048210681246013215,-0.002766861357650554,0.11425,457.0,10.0,run_0
5.569673344999956,0.04891466435712012,-0.002808416585832729,0.127,457.0,10.0,run_0
5.5705410410000695,0.04891466435712012,-0.002808416585832729,0.127,457.0,10.0,run_0
5.571291041999984,0.04891466435712012,-0.002808416585832729,0.127,508.0,10.0,run_0
5.574641763000045,0.04891466435712012,-0.002808416585832729,0.127,556.0,10.0,run_0
5.576247588999877,0.0497845205137046,-0.0028598171588343105,0.139,556.0,10.0,run_0
5.577109844999995,0.0497845205137046,-0.0028598171588343105,0.139,556.0,10.0,run_0
5.577868134000028,0.0497845205137046,-0.0028598171588343105,0.139,602.0,10.0,run_0
5.579440328999908,0.04983118708089183,-0.002862575392403846,0.1505,602.0,10.0,run_0
5.580282808999982,0.04983118708089183,-0.002862575392403846,0.1505,602.0,10.0,run_0
5.581799547999935,0.050685407859463384,-0.0029129155104134336,0.16125,602.0,10.0,run_0
5.582482191000054,0.050685407859463384,-0.0029129155104134336,0.16125,602.0,10.0,run_0
5.583325790999879,0.050685407859463384,-0.0029129155104134336,0.16125,645.0,10.0,run_0
5.586004780999929,0.050685407859463384,-0.0029129155104134336,0.16125,645.0,10.0,run_0
5.5869376589998865,0.050685407859463384,-0.0029129155104134336,0.16125,684.0,10.0,run_0
5.588680985999872,0.0516157019510649,-0.002967546857611871,0.171,684.0,10.0,run_0
5.591435238000031,0.0516157019510649,-0.002967546857611871,0.171,725.0,10.0,run_0
5.594143154999983,0.052623497336506155,-0.003026584855067869,0.18125,725.0,10.0,run_0
5.594933699999956,0.052623497336506155,-0.003026584855067869,0.18125,725.0,10.0,run_0
5.596703041999945,0.052623497336506155,-0.003026584855067869,0.18125,762.0,10.0,run_0
5.5991380689999914,0.05367950893475022,-0.003088288862400061,0.1905,762.0,10.0,run_0
5.599818312000025,0.05367950893475022,-0.003088288862400061,0.1905,762.0,10.0,run_0
5.601949470999898,0.05367950893475022,-0.003088288862400061,0.1905,797.0,10.0,run_0
5.604078903000072,0.05476382893965604,-0.0031515351670232438,0.19925,797.0,10.0,run_0
5.6047295789999225,0.05476382893965604,-0.0031515351670232438,0.19925,797.0,10.0,run_0
5.6076073489998635,0.05476382893965604,-0.0031515351670232438,0.19925,831.0,10.0,run_0
5.610148612999865,0.05587752674106414,-0.003216194769661504,0.20775,831.0,10.0,run_0
5.610818103999918,0.05587752674106414,-0.003216194769661504,0.20775,831.0,10.0,run_0
5.613354983999898,0.05703467081727306,-0.00328301876360557,0.216,831.0,10.0,run_0
5.613971195999966,0.05703467081727306,-0.00328301876360557,0.216,831.0,10.0,run_0
5.614823147999914,0.05703467081727306,-0.00328301876360557,0.216,864.0,10.0,run_0
5.618231691999881,0.05703467081727306,-0.00328301876360557,0.216,894.0,10.0,run_0
5.620069065000052,0.05822914835467656,-0.003351937473706025,0.2235,894.0,10.0,run_0
5.620685405999893,0.05822914835467656,-0.003351937473706025,0.2235,894.0,10.0,run_0
5.623491817000058,0.05822914835467656,-0.003351937473706025,0.2235,923.0,10.0,run_0
5.625488770999937,0.059468907040144514,-0.0034236769843026676,0.23075,923.0,10.0,run_0
5.626554798999905,0.059468907040144514,-0.0034236769843026676,0.23075,923.0,10.0,run_0
5.627758584000048,0.059468907040144514,-0.0034236769843026676,0.23075,951.0,10.0,run_0
5.629260764000037,0.059523538443255745,-0.0034268445566560464,0.23775,951.0,10.0,run_0
5.629930574999889,0.059523538443255745,-0.0034268445566560464,0.23775,951.0,10.0,run_0
5.631341236000026,0.06083401856775232,-0.0035030846636268146,0.24425,951.0,10.0,run_0
5.631983464000086,0.06083401856775232,-0.0035030846636268146,0.24425,951.0,10.0,run_0
5.633603338000057,0.06083401856775232,-0.0035030846636268146,0.24425,977.0,10.0,run_0
5.6357906559999265,0.06216402672464479,-0.0035807116308549827,0.25075,977.0,10.0,run_0
5.636435731999882,0.06216402672464479,-0.0035807116308549827,0.25075,977.0,10.0,run_0
5.63718896599994,0.06216402672464479,-0.0035807116308549827,0.25075,1003.0,10.0,run_0
5.639635991999967,0.06216402672464479,-0.0035807116308549827,0.25075,1027.0,10.0,run_0
5.640977278000037,0.06353497589280203,-0.0036606624200076843,0.25675,1027.0,10.0,run_0
5.641536244000008,0.06353497589280203,-0.0036606624200076843,0.25675,1027.0,10.0,run_0
5.645311661000051,0.06353497589280203,-0.0036606624200076843,0.25675,1050.0,10.0,run_0
5.646980332999874,0.06493206224654462,-0.0037422076346856517,0.2625,1050.0,10.0,run_0
5.648031320999962,0.06493206224654462,-0.0037422076346856517,0.2625,1050.0,10.0,run_0
5.650352876999932,0.06493206224654462,-0.0037422076346856517,0.2625,1128.0,10.0,run_0
5.651852849000079,0.06643795525785731,-0.0038304719796155785,0.282,1128.0,10.0,run_0
5.653238455000064,0.06643795525785731,-0.0038304719796155785,0.282,1128.0,10.0,run_0
5.655708391999951,0.06643795525785731,-0.0038304719796155785,0.282,1206.0,10.0,run_0
5.657023822999918,0.06804853297888588,-0.003925283552623115,0.3015,1206.0,10.0,run_0
5.657923773999983,0.06804853297888588,-0.003925283552623115,0.3015,1206.0,10.0,run_0
5.661005667999916,0.06804853297888588,-0.003925283552623115,0.3015,1279.0,10.0,run_0
5.6625540869999895,0.06975221157086113,-0.004025861209981782,0.31975,1279.0,10.0,run_0
5.663190363000012,0.06975221157086113,-0.004025861209981782,0.31975,1279.0,10.0,run_0
5.66644604499993,0.06975221157086113,-0.004025861209981782,0.31975,1367.0,10.0,run_0
5.66802995099988,0.07157515711327066,-0.004133748798456251,0.34175,1367.0,10.0,run_0
5.668625556000052,0.07157515711327066,-0.004133748798456251,0.34175,1367.0,10.0,run_0
5.67171647400005,0.07157515711327066,-0.004133748798456251,0.34175,1448.0,10.0,run_0
5.673283996000009,0.07351651289597848,-0.004248875913458447,0.362,1448.0,10.0,run_0
5.673862160999988,0.07351651289597848,-0.004248875913458447,0.362,1448.0,10.0,run_0
5.677925732999938,0.07351651289597848,-0.004248875913458447,0.362,1448.0,10.0,run_0
5.6787795400000505,0.07351651289597848,-0.004248875913458447,0.362,1524.0,10.0,run_0
5.680637265000087,0.07555168956126056,-0.004369634200579721,0.381,1524.0,10.0,run_0
5.682648298999993,0.07555168956126056,-0.004369634200579721,0.381,1605.0,10.0,run_0
5.6840660650000245,0.07771335536800023,-0.004498050899395364,0.40125,1605.0,10.0,run_0
5.684694180999941,0.07771335536800023,-0.004498050899395364,0.40125,1605.0,10.0,run_0
5.689020050999943,0.08008609218884796,-0.004639495455610984,0.43425,1605.0,10.0,run_0
5.689938786000084,0.08008609218884796,-0.004639495455610984,0.43425,1605.0,10.0,run_0
5.690785490000053,0.08008609218884796,-0.004639495455610984,0.43425,1737.0,10.0,run_0
5.693735609999976,0.08008609218884796,-0.004639495455610984,0.43425,1911.0,10.0,run_0
5.696543268999903,0.08267840529023751,-0.004794688671326235,0.47775,1911.0,10.0,run_0
5.697239639999907,0.08267840529023751,-0.004794688671326235,0.47775,1911.0,10.0,run_0
5.697859595999944,0.08267840529023751,-0.004794688671326235,0.47775,2050.0,10.0,run_0
5.699139732000049,0.08283318594516056,-0.0048039740945124846,0.5125,2050.0,10.0,run_0
5.7004343959999915,0.08574543643164129,-0.0049790629030514524,0.52375,2050.0,10.0,run_0
5.701012209000055,0.08574543643164129,-0.0049790629030514524,0.52375,2050.0,10.0,run_0
5.70159085399996,0.08574543643164129,-0.0049790629030514524,0.52375,2095.0,10.0,run_0
5.702623954000046,0.08574543643164129,-0.0049790629030514524,0.52375,2095.0,10.0,run_0
5.704632715999878,0.08574543643164129,-0.0049790629030514524,0.52375,2139.0,10.0,run_0
5.7067239089999475,0.0886392464484445,-0.005153738107387577,0.53475,2139.0,10.0,run_0
5.707368217000067,0.0886392464484445,-0.005153738107387577,0.53475,2139.0,10.0,run_0
5.710178148000068,0.0886392464484445,-0.005153738107387577,0.53475,2164.0,10.0,run_0
5.7117253819999405,0.09160318368819459,-0.005333240025520906,0.541,2164.0,10.0,run_0
5.712340539000024,0.09160318368819459,-0.005333240025520906,0.541,2164.0,10.0,run_0
5.715662075999944,0.09160318368819459,-0.005333240025520906,0.541,2381.0,10.0,run_0
5.716869861000077,0.09484483792519668,-0.005530355671981887,0.59525,2381.0,10.0,run_0
5.717445945999998,0.09484483792519668,-0.005530355671981887,0.59525,2381.0,10.0,run_0
5.721512652999991,0.09484483792519668,-0.005530355671981887,0.59525,2509.0,10.0,run_0
5.722725878999881,0.09826721808927597,-0.005739328394810787,0.62725,2509.0,10.0,run_0
5.723303691999945,0.09826721808927597,-0.005739328394810787,0.62725,2509.0,10.0,run_0
5.7266403329999775,0.09826721808927597,-0.005739328394810787,0.62725,2594.0,10.0,run_0
5.728292173,0.10177599912317013,-0.005954365015214399,0.6485,2594.0,10.0,run_0
5.728891490000024,0.10177599912317013,-0.005954365015214399,0.6485,2594.0,10.0,run_0
5.732103396999946,0.10177599912317013,-0.005954365015214399,0.6485,2597.0,10.0,run_0
5.7334727800000564,0.10529651406829868,-0.006171074030597769,0.64925,2597.0,10.0,run_0
5.73407487999998,0.10529651406829868,-0.006171074030597769,0.64925,2597.0,10.0,run_0
5.737617692999947,0.10529651406829868,-0.006171074030597769,0.64925,2597.0,10.0,run_0
5.738217169999871,0.10529651406829868,-0.006171074030597769,0.64925,2617.0,10.0,run_0
5.739452698999912,0.10884614445072678,-0.006389971997160457,0.65425,2617.0,10.0,run_0
5.742916664999939,0.10884614445072678,-0.006389971997160457,0.65425,2632.0,10.0,run_0
5.744376158000023,0.11244994721006502,-0.006611652624212151,0.658,2632.0,10.0,run_0
5.745723364000014,0.11244994721006502,-0.006611652624212151,0.658,2632.0,10.0,run_0
5.748465584000087,0.11244994721006502,-0.006611652624212151,0.658,2847.0,10.0,run_0
5.749717944999929,0.11633544973623648,-0.00685028210466799,0.71175,2847.0,10.0,run_0
5.750358540999969,0.11633544973623648,-0.00685028210466799,0.71175,2847.0,10.0,run_0
5.751023999999916,0.11633544973623648,-0.00685028210466799,0.71175,2968.0,10.0,run_0
5.752331430999902,0.11664173372712353,-0.0068690998989865215,0.742,2968.0,10.0,run_0
5.754483838999931,0.11664173372712353,-0.0068690998989865215,0.742,2968.0,10.0,run_0
5.755767239000079,0.1208016306262392,-0.007125418389509611,0.76425,2968.0,10.0,run_0
5.756412473999944,0.1208016306262392,-0.007125418389509611,0.76425,2968.0,10.0,run_0
5.757041742999945,0.1208016306262392,-0.007125418389509611,0.76425,3057.0,10.0,run_0
5.759571742999924,0.1208016306262392,-0.007125418389509611,0.76425,3133.0,10.0,run_0
5.760874214000069,0.12498623139558442,-0.007384311774013103,0.78325,3133.0,10.0,run_0
5.761490137999999,0.12498623139558442,-0.007384311774013103,0.78325,3133.0,10.0,run_0
5.765153012999917,0.12498623139558442,-0.007384311774013103,0.78325,3220.0,10.0,run_0
5.766521722999869,0.1293491903753159,-0.007654831688957507,0.805,3220.0,10.0,run_0
5.767161806999866,0.1293491903753159,-0.007654831688957507,0.805,3220.0,10.0,run_0
5.770603533999974,0.1293491903753159,-0.007654831688957507,0.805,3336.0,10.0,run_0
5.771944501000007,0.1339596622869905,-0.007940914276613973,0.834,3336.0,10.0,run_0
5.7729854730000625,0.1339596622869905,-0.007940914276613973,0.834,3336.0,10.0,run_0
5.776135077999925,0.1339596622869905,-0.007940914276613973,0.834,3488.0,10.0,run_0
5.7773989259999325,0.13877401387890595,-0.008239746642678916,0.872,3488.0,10.0,run_0
5.777994339000088,0.13877401387890595,-0.008239746642678916,0.872,3488.0,10.0,run_0
5.781655294000075,0.13877401387890595,-0.008239746642678916,0.872,3625.0,10.0,run_0
5.783097058000067,0.14370659629363314,-0.008546565493452318,0.90625,3625.0,10.0,run_0
5.783786644999964,0.14370659629363314,-0.008546565493452318,0.90625,3625.0,10.0,run_0
5.7884211180000875,0.14889793567147316,-0.00887029705994268,0.94225,3625.0,10.0,run_0
5.790052638999896,0.14889793567147316,-0.00887029705994268,0.94225,3625.0,10.0,run_0
5.790825297000083,0.14889793567147316,-0.00887029705994268,0.94225,3769.0,10.0,run_0
5.793761432999872,0.15440850702167908,-0.009214600857017096,0.985,3769.0,10.0,run_0
5.795294075999891,0.15440850702167908,-0.009214600857017096,0.985,3769.0,10.0,run_0
5.796171051999863,0.15440850702167908,-0.009214600857017096,0.985,3940.0,10.0,run_0
5.798684379999941,0.15440850702167908,-0.009214600857017096,0.985,4137.0,10.0,run_0
5.80103611200002,0.1602886500692034,-0.009583003748728941,1.03425,4137.0,10.0,run_0
5.801791296999909,0.1602886500692034,-0.009583003748728941,1.03425,4137.0,10.0,run_0
5.802451925000014,0.1602886500692034,-0.009583003748728941,1.03425,4308.0,10.0,run_0
5.8039595440000085,0.16071185375522373,-0.009609565800356875,1.077,4308.0,10.0,run_0
5.805366077999906,0.16693497803459917,-0.010001112909531394,1.1265,4308.0,10.0,run_0
5.806001553999977,0.16693497803459917,-0.010001112909531394,1.1265,4308.0,10.0,run_0
5.806655110000065,0.16693497803459917,-0.010001112909531394,1.1265,4506.0,10.0,run_0
5.807824943000014,0.16693497803459917,-0.010001112909531394,1.1265,4506.0,10.0,run_0
5.810035045999939,0.16693497803459917,-0.010001112909531394,1.1265,4506.0,10.0,run_0
5.810687673000075,0.16693497803459917,-0.010001112909531394,1.1265,4728.0,10.0,run_0
5.812070143000028,0.17333106972947993,-0.010405341421790903,1.182,4728.0,10.0,run_0
5.81526701100006,0.17333106972947993,-0.010405341421790903,1.182,4934.0,10.0,run_0
5.8166647450000255,0.18009189471881387,-0.010834816643042817,1.2335,4934.0,10.0,run_0
5.817317307999929,0.18009189471881387,-0.010834816643042817,1.2335,4934.0,10.0,run_0
5.820808826000075,0.18009189471881387,-0.010834816643042817,1.2335,5147.0,10.0,run_0
5.822237374999986,0.18716144933241488,-0.011286841700199952,1.28675,5147.0,10.0,run_0
5.822917554000014,0.18716144933241488,-0.011286841700199952,1.28675,5147.0,10.0,run_0
5.82622837200006,0.18716144933241488,-0.011286841700199952,1.28675,5372.0,10.0,run_0
5.827683256,0.19450745067719238,-0.01175926280686053,1.343,5372.0,10.0,run_0
5.828447273999927,0.19450745067719238,-0.01175926280686053,1.343,5372.0,10.0,run_0
5.8324038069999915,0.19450745067719238,-0.01175926280686053,1.343,5579.0,10.0,run_0
5.834188765999897,0.2020828851335238,-0.012248623211754083,1.39475,5579.0,10.0,run_0
5.83494289500004,0.2020828851335238,-0.012248623211754083,1.39475,5579.0,10.0,run_0
5.83737625699996,0.2020828851335238,-0.012248623211754083,1.39475,5804.0,10.0,run_0
5.838867684999968,0.21007787975771716,-0.01276702125767806,1.451,5804.0,10.0,run_0
5.839585464000038,0.21007787975771716,-0.01276702125767806,1.451,5804.0,10.0,run_0
5.842880185000013,0.21007787975771716,-0.01276702125767806,1.451,6019.0,10.0,run_0
5.844603160999895,0.21825002309350633,-0.01329827096586137,1.50475,6019.0,10.0,run_0
5.8453600109999115,0.21825002309350633,-0.01329827096586137,1.50475,6019.0,10.0,run_0
5.848939302999952,0.21825002309350633,-0.01329827096586137,1.50475,6233.0,10.0,run_0
5.8533665469999505,0.22676033267994852,-0.013853133068746607,1.55825,6233.0,10.0,run_0
5.855004020000024,0.22676033267994852,-0.013853133068746607,1.55825,6233.0,10.0,run_0
5.85789369400004,0.23583687377945425,-0.014448508818374868,1.61275,6233.0,10.0,run_0
5.858781997000051,0.23583687377945425,-0.014448508818374868,1.61275,6233.0,10.0,run_0
5.86028984099994,0.23583687377945425,-0.014448508818374868,1.61275,6451.0,10.0,run_0
5.861851891000015,0.23712657225664072,-0.0145334497331196,1.66,6451.0,10.0,run_0
5.8627866899998935,0.23712657225664072,-0.0145334497331196,1.66,6451.0,10.0,run_0
5.8637251999998625,0.23712657225664072,-0.0145334497331196,1.66,6640.0,10.0,run_0
5.865585965000037,0.24639206075810627,-0.015148638292634149,1.71175,6640.0,10.0,run_0
5.8662397440000404,0.24639206075810627,-0.015148638292634149,1.71175,6640.0,10.0,run_0
5.867577383000025,0.24639206075810627,-0.015148638292634149,1.71175,6847.0,10.0,run_0
5.869019148000007,0.25603599754770345,-0.015795240951875855,1.76025,6847.0,10.0,run_0
5.86954819399989,0.25603599754770345,-0.015795240951875855,1.76025,6847.0,10.0,run_0
5.870175446000076,0.25603599754770345,-0.015795240951875855,1.76025,7041.0,10.0,run_0
5.871558428000071,0.2659662063087953,-0.01646323455600656,1.812,7041.0,10.0,run_0
5.872220207000055,0.2659662063087953,-0.01646323455600656,1.812,7041.0,10.0,run_0
5.873044288000074,0.2659662063087953,-0.01646323455600656,1.812,7248.0,10.0,run_0
5.876839031999907,0.2659662063087953,-0.01646323455600656,1.812,7458.0,10.0,run_0
5.878324763999899,0.27612342204366597,-0.017148951501938316,1.8645,7458.0,10.0,run_0
5.878904944999931,0.27612342204366597,-0.017148951501938316,1.8645,7458.0,10.0,run_0
5.882490092999888,0.27612342204366597,-0.017148951501938316,1.8645,7680.0,10.0,run_0
5.884400009000046,0.28661265595213153,-0.01785975610307016,1.92,7680.0,10.0,run_0
5.885339543999862,0.28661265595213153,-0.01785975610307016,1.92,7680.0,10.0,run_0
5.887635499999988,0.28661265595213153,-0.01785975610307016,1.92,7896.0,10.0,run_0
5.889216686000054,0.29746073970889153,-0.018597714331699794,1.974,7896.0,10.0,run_0
5.889860929999941,0.29746073970889153,-0.018597714331699794,1.974,7896.0,10.0,run_0
5.8929330639998625,0.29746073970889153,-0.018597714331699794,1.974,8133.0,10.0,run_0
5.894365676999996,0.30858204384490895,-0.01935908600152295,2.03325,8133.0,10.0,run_0
5.895020576999968,0.30858204384490895,-0.01935908600152295,2.03325,8133.0,10.0,run_0
5.8987896260000525,0.30858204384490895,-0.01935908600152295,2.03325,8133.0,10.0,run_0
5.8994766850000815,0.30858204384490895,-0.01935908600152295,2.03325,8374.0,10.0,run_0
5.900825970999904,0.3199938796030083,-0.02014793357077768,2.0935,8374.0,10.0,run_0
5.901428967999891,0.3199938796030083,-0.02014793357077768,2.0935,8593.0,10.0,run_0
5.902635536999924,0.32062918078772756,-0.020192087098268342,2.14825,8593.0,10.0,run_0
5.904037558000027,0.32062918078772756,-0.020192087098268342,2.14825,8593.0,10.0,run_0
5.904631115000029,0.32062918078772756,-0.020192087098268342,2.14825,8819.0,10.0,run_0
5.905805300999873,0.3325460125933308,-0.02102424125008203,2.20475,8819.0,10.0,run_0
5.90636666599994,0.3325460125933308,-0.02102424125008203,2.20475,8819.0,10.0,run_0
5.9093844980000085,0.3325460125933308,-0.02102424125008203,2.20475,9041.0,10.0,run_0
5.911559431999876,0.3446691461983343,-0.021879437056300684,2.26025,9041.0,10.0,run_0
5.91222751600003,0.3446691461983343,-0.021879437056300684,2.26025,9041.0,10.0,run_0
5.9147768119999,0.3446691461983343,-0.021879437056300684,2.26025,9250.0,10.0,run_0
5.916005075999919,0.35719482601848906,-0.02277161524476075,2.3125,9250.0,10.0,run_0
5.916596456999969,0.35719482601848906,-0.02277161524476075,2.3125,9250.0,10.0,run_0
5.920202052999912,0.35719482601848906,-0.02277161524476075,2.3125,9448.0,10.0,run_0
5.9213538070000595,0.3699575667423202,-0.023689104418397076,2.362,9448.0,10.0,run_0
5.921914756999968,0.3699575667423202,-0.023689104418397076,2.362,9448.0,10.0,run_0
5.925606974999937,0.3699575667423202,-0.023689104418397076,2.362,9637.0,10.0,run_0
5.92685597600007,0.3829500290074322,-0.024631400599208784,2.40925,9637.0,10.0,run_0
5.927444508000008,0.3829500290074322,-0.024631400599208784,2.40925,9637.0,10.0,run_0
5.931020057000069,0.3829500290074322,-0.024631400599208784,2.40925,9822.0,10.0,run_0
5.932302401000015,0.3962335181736215,-0.025601327450706493,2.4555,9822.0,10.0,run_0
5.932910068999945,0.3962335181736215,-0.025601327450706493,2.4555,9822.0,10.0,run_0
5.93649620899987,0.3962335181736215,-0.025601327450706493,2.4555,10024.0,10.0,run_0
5.937718873999984,0.4097847840721832,-0.026594811265691982,2.506,10024.0,10.0,run_0
5.938315406999891,0.4097847840721832,-0.026594811265691982,2.506,10024.0,10.0,run_0
5.9419331940000575,0.4097847840721832,-0.026594811265691982,2.506,10213.0,10.0,run_0
5.9432042739999815,0.4236888351200857,-0.027615467949834296,2.55325,10213.0,10.0,run_0
5.943816039000012,0.4236888351200857,-0.027615467949834296,2.55325,10213.0,10.0,run_0
5.948101813999983,0.4236888351200857,-0.027615467949834296,2.55325,10213.0,10.0,run_0
5.9491285139999945,0.4236888351200857,-0.027615467949834296,2.55325,10421.0,10.0,run_0
5.95087692900006,0.4376608806441818,-0.028644571091280033,2.60525,10421.0,10.0,run_0
5.953250900000057,0.4376608806441818,-0.028644571091280033,2.60525,10632.0,10.0,run_0
5.954881525000019,0.45209987273454233,-0.02971760801225205,2.658,10632.0,10.0,run_0
5.955633766999881,0.45209987273454233,-0.02971760801225205,2.658,10632.0,10.0,run_0
5.958824138999944,0.45209987273454233,-0.02971760801225205,2.658,10858.0,10.0,run_0
5.960220559999925,0.46688120842703695,-0.030826682083068664,2.7145,10858.0,10.0,run_0
5.960881252000036,0.46688120842703695,-0.030826682083068664,2.7145,10858.0,10.0,run_0
5.961491415999944,0.46688120842703695,-0.030826682083068664,2.7145,11077.0,10.0,run_0
5.962803007000048,0.46768337803688065,-0.030887107019970515,2.76925,11077.0,10.0,run_0
5.964179621000085,0.46768337803688065,-0.030887107019970515,2.76925,11077.0,10.0,run_0
5.964831897000067,0.46768337803688065,-0.030887107019970515,2.76925,11274.0,10.0,run_0
5.96612259199992,0.4829272034770865,-0.032034991493515984,2.8185,11274.0,10.0,run_0
5.96682037100004,0.4829272034770865,-0.032034991493515984,2.8185,11274.0,10.0,run_0
5.969575550999934,0.4829272034770865,-0.032034991493515984,2.8185,11490.0,10.0,run_0
5.970986756000002,0.4984252751949988,-0.033202699941173044,2.8725,11490.0,10.0,run_0
5.971617336000008,0.4984252751949988,-0.033202699941173044,2.8725,11490.0,10.0,run_0
5.975137172999894,0.4984252751949988,-0.033202699941173044,2.8725,11701.0,10.0,run_0
5.976548378999951,0.5145840519311058,-0.03442600576456265,2.92525,11701.0,10.0,run_0
5.977227950000042,0.5145840519311058,-0.03442600576456265,2.92525,11701.0,10.0,run_0
5.981336767999892,0.5308512388851945,-0.03566827537176562,2.97475,11701.0,10.0,run_0
5.982337004999863,0.5308512388851945,-0.03566827537176562,2.97475,11701.0,10.0,run_0
5.983045759999868,0.5308512388851945,-0.03566827537176562,2.97475,11899.0,10.0,run_0
5.985902665999902,0.5308512388851945,-0.03566827537176562,2.97475,12106.0,10.0,run_0
5.987474027999951,0.5472539656693609,-0.036929725245068504,3.0265,12106.0,10.0,run_0
5.988309756000035,0.5472539656693609,-0.036929725245068504,3.0265,12106.0,10.0,run_0
5.991623484999991,0.5472539656693609,-0.036929725245068504,3.0265,12305.0,10.0,run_0
5.9933799959999305,0.5639817936229509,-0.038218491947901424,3.07625,12305.0,10.0,run_0
5.994144844999937,0.5639817936229509,-0.038218491947901424,3.07625,12305.0,10.0,run_0
5.997076822000054,0.5639817936229509,-0.038218491947901424,3.07625,12496.0,10.0,run_0
5.998686871000018,0.5812211322960077,-0.039545545214574616,3.124,12496.0,10.0,run_0
5.999440169000081,0.5812211322960077,-0.039545545214574616,3.124,12496.0,10.0,run_0
6.002376752999908,0.5812211322960077,-0.039545545214574616,3.124,12695.0,10.0,run_0
6.003633721999904,0.5986745834798987,-0.04089133173829253,3.17375,12695.0,10.0,run_0
6.004318284999954,0.5986745834798987,-0.04089133173829253,3.17375,12695.0,10.0,run_0
6.007836170000019,0.5986745834798987,-0.04089133173829253,3.17375,12883.0,10.0,run_0
6.009293006000007,0.6160782204722562,-0.04224277362033476,3.22075,12883.0,10.0,run_0
6.0099352019999515,0.6160782204722562,-0.04224277362033476,3.22075,12883.0,10.0,run_0
6.013331778000065,0.6160782204722562,-0.04224277362033476,3.22075,13059.0,10.0,run_0
6.014657672999874,0.633719389106786,-0.043627698938295795,3.26475,13059.0,10.0,run_0
6.015343388000019,0.633719389106786,-0.043627698938295795,3.26475,13059.0,10.0,run_0
6.0188886329999605,0.633719389106786,-0.043627698938295795,3.26475,13251.0,10.0,run_0
6.020532473999992,0.651882158314707,-0.04506790870543612,3.31275,13251.0,10.0,run_0
6.021317194999938,0.651882158314707,-0.04506790870543612,3.31275,13251.0,10.0,run_0
6.022025116999885,0.651882158314707,-0.04506790870543612,3.31275,13419.0,10.0,run_0
6.023523232999878,0.6530510453388855,-0.04516092826738802,3.35475,13419.0,10.0,run_0
6.024232690999952,0.6530510453388855,-0.04516092826738802,3.35475,13419.0,10.0,run_0
6.025549659000035,0.6717442384364392,-0.046643974806596836,3.3955,13419.0,10.0,run_0
6.026152558999911,0.6717442384364392,-0.046643974806596836,3.3955,13419.0,10.0,run_0
6.026802371000031,0.6717442384364392,-0.046643974806596836,3.3955,13582.0,10.0,run_0
6.030089955999983,0.6717442384364392,-0.046643974806596836,3.3955,13769.0,10.0,run_0
6.03147953000007,0.6906196042718017,-0.04813710057983194,3.44225,13769.0,10.0,run_0
6.032162941000024,0.6906196042718017,-0.04813710057983194,3.44225,13769.0,10.0,run_0
6.035606524000059,0.6906196042718017,-0.04813710057983194,3.44225,13952.0,10.0,run_0
6.037221949000013,0.709513711916764,-0.049634828581539836,3.488,13952.0,10.0,run_0
6.037966095000002,0.709513711916764,-0.049634828581539836,3.488,13952.0,10.0,run_0
6.04115048299991,0.709513711916764,-0.049634828581539836,3.488,14144.0,10.0,run_0
6.042716053000049,0.7287611248035587,-0.051171838428251695,3.536,14144.0,10.0,run_0
6.043396263999966,0.7287611248035587,-0.051171838428251695,3.536,14144.0,10.0,run_0
6.0464087509999445,0.7287611248035587,-0.051171838428251695,3.536,14347.0,10.0,run_0
6.0477254299999,0.7482889652890272,-0.05274619737523441,3.58675,14347.0,10.0,run_0
6.048374953999883,0.7482889652890272,-0.05274619737523441,3.58675,14347.0,10.0,run_0
6.051751914000079,0.7482889652890272,-0.05274619737523441,3.58675,14519.0,10.0,run_0
6.053064432999918,0.7678008887016216,-0.05432740873323979,3.62975,14519.0,10.0,run_0
6.053689093000003,0.7678008887016216,-0.05432740873323979,3.62975,14519.0,10.0,run_0
6.057252002000041,0.7678008887016216,-0.05432740873323979,3.62975,14688.0,10.0,run_0
6.058675271000084,0.7875305461253627,-0.05592206157046052,3.672,14688.0,10.0,run_0
6.059406777000049,0.7875305461253627,-0.05592206157046052,3.672,14688.0,10.0,run_0
6.062645724000049,0.7875305461253627,-0.05592206157046052,3.672,14897.0,10.0,run_0
6.064135231999899,0.8076568543454538,-0.05753866769567763,3.72425,14897.0,10.0,run_0
6.064848817999973,0.8076568543454538,-0.05753866769567763,3.72425,14897.0,10.0,run_0
6.068231506000075,0.8076568543454538,-0.05753866769567763,3.72425,15092.0,10.0,run_0
6.069655158999922,0.8283103480828561,-0.059192401226806454,3.773,15092.0,10.0,run_0
6.070350442000063,0.8283103480828561,-0.059192401226806454,3.773,15092.0,10.0,run_0
6.073609196000007,0.8283103480828561,-0.059192401226806454,3.773,15272.0,10.0,run_0
6.075009809999983,0.849132575175453,-0.06086147277144892,3.818,15272.0,10.0,run_0
6.07571497999993,0.849132575175453,-0.06086147277144892,3.818,15272.0,10.0,run_0
6.076457301999881,0.849132575175453,-0.06086147277144892,3.818,15469.0,10.0,run_0
6.077899003000084,0.8501756447224498,-0.060945189542999774,3.86725,15469.0,10.0,run_0
6.078572045999863,0.8501756447224498,-0.060945189542999774,3.86725,15469.0,10.0,run_0
6.080078354000079,0.8710075685917834,-0.06262008236960467,3.91525,15469.0,10.0,run_0
6.080773539999882,0.8710075685917834,-0.06262008236960467,3.91525,15469.0,10.0,run_0
6.081464854999922,0.8710075685917834,-0.06262008236960467,3.91525,15661.0,10.0,run_0
6.084667642999875,0.8710075685917834,-0.06262008236960467,3.91525,15847.0,10.0,run_0
6.086061439999867,0.8925084496670321,-0.06435207711957301,3.96175,15847.0,10.0,run_0
6.08672168399994,0.8925084496670321,-0.06435207711957301,3.96175,15847.0,10.0,run_0
6.090085331999944,0.8925084496670321,-0.06435207711957301,3.96175,16020.0,10.0,run_0
6.0913991630000055,0.9141793390511971,-0.06610029687328411,4.005,16020.0,10.0,run_0
6.092044462999866,0.9141793390511971,-0.06610029687328411,4.005,16020.0,10.0,run_0
6.095528396999953,0.9141793390511971,-0.06610029687328411,4.005,16186.0,10.0,run_0
6.096898835000047,0.9362784569849015,-0.0678910518917666,4.0465,16186.0,10.0,run_0
6.097542119000082,0.9362784569849015,-0.0678910518917666,4.0465,16186.0,10.0,run_0
6.101476635999916,0.9362784569849015,-0.0678910518917666,4.0465,16361.0,10.0,run_0
6.10343045500008,0.9585471009951791,-0.06970841710823626,4.09025,16361.0,10.0,run_0
6.1046238409999205,0.9585471009951791,-0.06970841710823626,4.09025,16361.0,10.0,run_0
6.106596826999976,0.9585471009951791,-0.06970841710823626,4.09025,16523.0,10.0,run_0
6.108139645999927,0.981076312556798,-0.0715613506540959,4.13075,16523.0,10.0,run_0
6.108892592000075,0.981076312556798,-0.0715613506540959,4.13075,16523.0,10.0,run_0
6.112080786999968,0.981076312556798,-0.0715613506540959,4.13075,16686.0,10.0,run_0
6.113545175999889,1.0037310863858122,-0.07343242596754514,4.1715,16686.0,10.0,run_0
6.1142607459999,1.0037310863858122,-0.07343242596754514,4.1715,16686.0,10.0,run_0
6.117621321999877,1.0037310863858122,-0.07343242596754514,4.1715,16858.0,10.0,run_0
6.1192650349998985,1.0266442198602477,-0.075321948161208,4.2145,16858.0,10.0,run_0
6.120076636000022,1.0266442198602477,-0.075321948161208,4.2145,16858.0,10.0,run_0
6.123147073999917,1.0266442198602477,-0.075321948161208,4.2145,17029.0,10.0,run_0
6.124615142000039,1.050456476004088,-0.07728133805932214,4.25725,17029.0,10.0,run_0
6.125301304999994,1.050456476004088,-0.07728133805932214,4.25725,17029.0,10.0,run_0
6.129880673999878,1.050456476004088,-0.07728133805932214,4.25725,17029.0,10.0,run_0
6.131583137999996,1.050456476004088,-0.07728133805932214,4.25725,17184.0,10.0,run_0
6.133111364999877,1.0747581208726822,-0.07928425479027487,4.296,17184.0,10.0,run_0
6.13372351299995,1.0747581208726822,-0.07928425479027487,4.296,17184.0,10.0,run_0
6.134487722999893,1.0747581208726822,-0.07928425479027487,4.296,17325.0,10.0,run_0
6.135867664999978,1.0759182518782984,-0.0793800551014272,4.33125,17325.0,10.0,run_0
6.136531652000031,1.0759182518782984,-0.0793800551014272,4.33125,17325.0,10.0,run_0
6.137116184999968,1.0759182518782984,-0.0793800551014272,4.33125,17489.0,10.0,run_0
6.138392385000088,1.099067841209281,-0.08129755558427583,4.37225,17489.0,10.0,run_0
6.139671944999918,1.099067841209281,-0.08129755558427583,4.37225,17660.0,10.0,run_0
6.14134058500008,1.1231299229864127,-0.08329691099073186,4.415,17660.0,10.0,run_0
6.141961788999879,1.1231299229864127,-0.08329691099073186,4.415,17660.0,10.0,run_0
6.1451700160000655,1.1231299229864127,-0.08329691099073186,4.415,17817.0,10.0,run_0
6.147071388000086,1.14729561395434,-0.08530237814494249,4.45425,17817.0,10.0,run_0
6.147916427999917,1.14729561395434,-0.08530237814494249,4.45425,17817.0,10.0,run_0
6.150652120999894,1.14729561395434,-0.08530237814494249,4.45425,17975.0,10.0,run_0
6.152117852999936,1.1716164515478669,-0.08731509873547043,4.49375,17975.0,10.0,run_0
6.152804207999907,1.1716164515478669,-0.08731509873547043,4.49375,17975.0,10.0,run_0
6.156105169000057,1.1716164515478669,-0.08731509873547043,4.49375,18141.0,10.0,run_0
6.157525845999999,1.1961924104314314,-0.08934717882257451,4.53525,18141.0,10.0,run_0
6.158207466000022,1.1961924104314314,-0.08934717882257451,4.53525,18141.0,10.0,run_0
6.161453323999922,1.1961924104314314,-0.08934717882257451,4.53525,18300.0,10.0,run_0
6.162857648999989,1.2207881035093722,-0.09138817602309951,4.575,18300.0,10.0,run_0
6.163535333000027,1.2207881035093722,-0.09138817602309951,4.575,18300.0,10.0,run_0
6.166898853000021,1.2207881035093722,-0.09138817602309951,4.575,18459.0,10.0,run_0
6.168322378000084,1.2457579323501753,-0.09347410601806563,4.61475,18459.0,10.0,run_0
6.1690573719999975,1.2457579323501753,-0.09347410601806563,4.61475,18459.0,10.0,run_0
6.172348637999903,1.2457579323501753,-0.09347410601806563,4.61475,18627.0,10.0,run_0
6.173738531000026,1.2710320725326834,-0.0955998696006721,4.65675,18627.0,10.0,run_0
6.174407447000021,1.2710320725326834,-0.0955998696006721,4.65675,18627.0,10.0,run_0
6.178068560999918,1.2710320725326834,-0.0955998696006721,4.65675,18788.0,10.0,run_0
6.179450614999951,1.2969827301477341,-0.09779438638192357,4.697,18788.0,10.0,run_0
6.180194409000023,1.2969827301477341,-0.09779438638192357,4.697,18788.0,10.0,run_0
6.183784197000023,1.2969827301477341,-0.09779438638192357,4.697,18950.0,10.0,run_0
6.185351078999929,1.3242496810164284,-0.10010824523605079,4.7375,18950.0,10.0,run_0
6.186094040999933,1.3242496810164284,-0.10010824523605079,4.7375,18950.0,10.0,run_0
6.186789291999958,1.3242496810164284,-0.10010824523605079,4.7375,19131.0,10.0,run_0
6.188305166999953,1.325896632885825,-0.10024816700395504,4.78275,19131.0,10.0,run_0
6.189011361999974,1.325896632885825,-0.10024816700395504,4.78275,19131.0,10.0,run_0
6.190425127000026,1.3515835815335147,-0.10243178306673736,4.8225,19131.0,10.0,run_0
6.191189177000069,1.3515835815335147,-0.10243178306673736,4.8225,19131.0,10.0,run_0
6.192788730000075,1.3515835815335147,-0.10243178306673736,4.8225,19290.0,10.0,run_0
6.194838035999965,1.3515835815335147,-0.10243178306673736,4.8225,19433.0,10.0,run_0
6.1964063579998765,1.3780206361554124,-0.1046844130232333,4.85825,19433.0,10.0,run_0
6.197095560999969,1.3780206361554124,-0.1046844130232333,4.85825,19433.0,10.0,run_0
6.200388329999896,1.3780206361554124,-0.1046844130232333,4.85825,19606.0,10.0,run_0
6.201872461999983,1.4047143239562108,-0.10696592331999484,4.9015,19606.0,10.0,run_0
6.202564545000087,1.4047143239562108,-0.10696592331999484,4.9015,19606.0,10.0,run_0
6.205808003999891,1.4047143239562108,-0.10696592331999484,4.9015,19780.0,10.0,run_0
6.2072917200000575,1.43158824352804,-0.10926556050845748,4.945,19780.0,10.0,run_0
6.208061272999885,1.43158824352804,-0.10926556050845748,4.945,19780.0,10.0,run_0
6.2111629099999845,1.43158824352804,-0.10926556050845748,4.945,19942.0,10.0,run_0
6.212653057999887,1.458470929668535,-0.11156129318792904,4.9855,19942.0,10.0,run_0
6.2133820359999845,1.458470929668535,-0.11156129318792904,4.9855,19942.0,10.0,run_0
6.2166199589999,1.458470929668535,-0.11156129318792904,4.9855,20096.0,10.0,run_0
6.218060347999881,1.4856187954432818,-0.11387127924494371,5.024,20096.0,10.0,run_0
6.218753230999937,1.4856187954432818,-0.11387127924494371,5.024,20096.0,10.0,run_0
6.2222467639999195,1.4856187954432818,-0.11387127924494371,5.024,20254.0,10.0,run_0
6.224728701000004,1.5133790896882124,-0.11623074841348152,5.0635,20254.0,10.0,run_0
6.225453968000011,1.5133790896882124,-0.11623074841348152,5.0635,20254.0,10.0,run_0
6.227943423999932,1.5133790896882124,-0.11623074841348152,5.0635,20254.0,10.0,run_0
6.2295062109999435,1.5133790896882124,-0.11623074841348152,5.0635,20405.0,10.0,run_0
6.231031013999882,1.5410447317815894,-0.11859062815381391,5.10125,20405.0,10.0,run_0
6.233069631000035,1.5410447317815894,-0.11859062815381391,5.10125,20560.0,10.0,run_0
6.234468836999895,1.5694521058367552,-0.12102791418374406,5.14,20560.0,10.0,run_0
6.235161944000083,1.5694521058367552,-0.12102791418374406,5.14,20560.0,10.0,run_0
6.238627989999941,1.5694521058367552,-0.12102791418374406,5.14,20716.0,10.0,run_0
6.241123431000005,1.5975952935365607,-0.12345485746646853,5.179,20716.0,10.0,run_0
6.241860504999977,1.5975952935365607,-0.12345485746646853,5.179,20716.0,10.0,run_0
6.242548012000043,1.5975952935365607,-0.12345485746646853,5.179,20864.0,10.0,run_0
6.244046926999999,1.5993059091215027,-0.12360269990639171,5.216,20864.0,10.0,run_0
6.244768097999895,1.5993059091215027,-0.12360269990639171,5.216,20864.0,10.0,run_0
6.246136263999915,1.6273266690299162,-0.12602900748239776,5.2535,20864.0,10.0,run_0
6.246764188000043,1.6273266690299162,-0.12602900748239776,5.2535,20864.0,10.0,run_0
6.247426287000053,1.6273266690299162,-0.12602900748239776,5.2535,21014.0,10.0,run_0
6.250945324999975,1.6562470408037329,-0.1285362408445289,5.29375,21014.0,10.0,run_0
6.252600012999892,1.6562470408037329,-0.1285362408445289,5.29375,21014.0,10.0,run_0
6.253368254999941,1.6562470408037329,-0.1285362408445289,5.29375,21175.0,10.0,run_0
6.256105642999955,1.6852162963980166,-0.13104337703317004,5.3275,21175.0,10.0,run_0
6.257762795999952,1.6852162963980166,-0.13104337703317004,5.3275,21175.0,10.0,run_0
6.258554332999893,1.6852162963980166,-0.13104337703317004,5.3275,21310.0,10.0,run_0
6.261424933999933,1.7143499077176467,-0.13356065424676244,5.36625,21310.0,10.0,run_0
6.2630102480000005,1.7143499077176467,-0.13356065424676244,5.36625,21310.0,10.0,run_0
6.263778649999949,1.7143499077176467,-0.13356065424676244,5.36625,21465.0,10.0,run_0
6.266248139000027,1.7143499077176467,-0.13356065424676244,5.36625,21649.0,10.0,run_0
6.268365571000004,1.7440107534053428,-0.13612296505135998,5.41225,21649.0,10.0,run_0
6.269152211999881,1.7440107534053428,-0.13612296505135998,5.41225,21649.0,10.0,run_0
6.271782657999893,1.7440107534053428,-0.13612296505135998,5.41225,21816.0,10.0,run_0
6.273344548000068,1.7738090172963592,-0.1386982876374534,5.454,21816.0,10.0,run_0
6.274890278999919,1.7738090172963592,-0.1386982876374534,5.454,21816.0,10.0,run_0
6.277018110999961,1.7738090172963592,-0.1386982876374534,5.454,21966.0,10.0,run_0
6.27839139699995,1.803682241772729,-0.14127824559538033,5.4915,21966.0,10.0,run_0
6.279065687999946,1.803682241772729,-0.14127824559538033,5.4915,21966.0,10.0,run_0
6.282629301000043,1.803682241772729,-0.14127824559538033,5.4915,22136.0,10.0,run_0
6.284863593999944,1.8336007393491376,-0.143859701404746,5.534,22136.0,10.0,run_0
6.285614460000033,1.8336007393491376,-0.143859701404746,5.534,22136.0,10.0,run_0
6.288133003999974,1.8336007393491376,-0.143859701404746,5.534,22304.0,10.0,run_0
6.290648444999988,1.8639928681023532,-0.14648412995463544,5.576,22304.0,10.0,run_0
6.291411341999947,1.8639928681023532,-0.14648412995463544,5.576,22304.0,10.0,run_0
6.2944961480000075,1.8945408735999278,-0.14912832427291217,5.61725,22304.0,10.0,run_0
6.295243494000033,1.8945408735999278,-0.14912832427291217,5.61725,22304.0,10.0,run_0
6.2961002770000505,1.8945408735999278,-0.14912832427291217,5.61725,22469.0,10.0,run_0
6.298986334999881,1.8945408735999278,-0.14912832427291217,5.61725,22629.0,10.0,run_0
6.300568320999901,1.9257190578863168,-0.1518376490833581,5.65725,22629.0,10.0,run_0
6.301291379000077,1.9257190578863168,-0.1518376490833581,5.65725,22629.0,10.0,run_0
6.301949702999991,1.9257190578863168,-0.1518376490833581,5.65725,22780.0,10.0,run_0
6.303395402999968,1.9278079605378897,-0.15201961853287108,5.695,22780.0,10.0,run_0
6.304151932999957,1.9278079605378897,-0.15201961853287108,5.695,22780.0,10.0,run_0
6.30564454499995,1.9588330641914213,-0.15473081663224086,5.73325,22780.0,10.0,run_0
6.306347922999976,1.9588330641914213,-0.15473081663224086,5.73325,22780.0,10.0,run_0
6.307055078000076,1.9588330641914213,-0.15473081663224086,5.73325,22933.0,10.0,run_0
6.310206249999965,1.9588330641914213,-0.15473081663224086,5.73325,23066.0,10.0,run_0
6.31156372800001,1.9902999732790838,-0.1574941536404817,5.7665,23066.0,10.0,run_0
6.3122620829999505,1.9902999732790838,-0.1574941536404817,5.7665,23066.0,10.0,run_0
6.315742337000074,1.9902999732790838,-0.1574941536404817,5.7665,23201.0,10.0,run_0
6.318084917000078,2.021882390966635,-0.16027471932538792,5.80025,23201.0,10.0,run_0
6.3187529039998935,2.021882390966635,-0.16027471932538792,5.80025,23201.0,10.0,run_0
6.321267736999971,2.021882390966635,-0.16027471932538792,5.80025,23358.0,10.0,run_0
6.32271794899998,2.053746867686718,-0.16307773636021639,5.8395,23358.0,10.0,run_0
6.324252096000009,2.053746867686718,-0.16307773636021639,5.8395,23358.0,10.0,run_0
6.3267151210000065,2.053746867686718,-0.16307773636021639,5.8395,23500.0,10.0,run_0
6.328778633999946,2.0858045135972367,-0.16588888070616004,5.875,23500.0,10.0,run_0
6.329531899999893,2.0858045135972367,-0.16588888070616004,5.875,23500.0,10.0,run_0
6.332181450000007,2.0858045135972367,-0.16588888070616004,5.875,23625.0,10.0,run_0
6.334150276999935,2.1179481958545026,-0.16870045516636342,5.90625,23625.0,10.0,run_0
6.334841847000007,2.1179481958545026,-0.16870045516636342,5.90625,23625.0,10.0,run_0
6.337650177999876,2.1179481958545026,-0.16870045516636342,5.90625,23766.0,10.0,run_0
6.339110534999918,2.1503706116157044,-0.17153481440234483,5.9415,23766.0,10.0,run_0
6.339834457000052,2.1503706116157044,-0.17153481440234483,5.9415,23766.0,10.0,run_0
6.343018621000056,2.1503706116157044,-0.17153481440234483,5.9415,23929.0,10.0,run_0
6.344478912999875,2.1829368726249534,-0.17438993681518508,5.98225,23929.0,10.0,run_0
6.345192275000045,2.1829368726249534,-0.17438993681518508,5.98225,23929.0,10.0,run_0
6.349419106999903,2.2154494440485917,-0.17725611199923277,6.01175,23929.0,10.0,run_0
6.350186005000069,2.2154494440485917,-0.17725611199923277,6.01175,23929.0,10.0,run_0
6.351686199999904,2.2154494440485917,-0.17725611199923277,6.01175,24047.0,10.0,run_0
6.353212474999964,2.217514787814318,-0.17743874754755504,6.046,24047.0,10.0,run_0
6.353903565999872,2.217514787814318,-0.17743874754755504,6.046,24184.0,10.0,run_0
6.355334995000021,2.250431557677374,-0.1803553273809436,6.08325,24184.0,10.0,run_0
6.356078820999983,2.250431557677374,-0.1803553273809436,6.08325,24184.0,10.0,run_0
6.356761975999916,2.250431557677374,-0.1803553273809436,6.08325,24333.0,10.0,run_0
6.358017087999997,2.250431557677374,-0.1803553273809436,6.08325,24333.0,10.0,run_0
6.3606947660000515,2.283293134477216,-0.18326829909666306,6.1195,24333.0,10.0,run_0
6.361428032000049,2.283293134477216,-0.18326829909666306,6.1195,24333.0,10.0,run_0
6.362133937999943,2.283293134477216,-0.18326829909666306,6.1195,24478.0,10.0,run_0
6.365049850999867,2.283293134477216,-0.18326829909666306,6.1195,24616.0,10.0,run_0
6.366403810000065,2.316875468689307,-0.18624079151034076,6.154,24616.0,10.0,run_0
6.3671532349999325,2.316875468689307,-0.18624079151034076,6.154,24616.0,10.0,run_0
6.371404707000011,2.316875468689307,-0.18624079151034076,6.154,24752.0,10.0,run_0
6.372894854999913,2.3505956270309802,-0.18922525979765997,6.188,24752.0,10.0,run_0
6.373566841999946,2.3505956270309802,-0.18922525979765997,6.188,24752.0,10.0,run_0
6.3761930000000575,2.3505956270309802,-0.18922525979765997,6.188,24918.0,10.0,run_0
6.378364287000068,2.3844301798893643,-0.1922149068589442,6.2295,24918.0,10.0,run_0
6.3791350879998845,2.3844301798893643,-0.1922149068589442,6.2295,24918.0,10.0,run_0
6.381585825999991,2.3844301798893643,-0.1922149068589442,6.2295,25063.0,10.0,run_0
6.38375672899997,2.4186106723394603,-0.19522526107419527,6.26575,25063.0,10.0,run_0
6.384496234999915,2.4186106723394603,-0.19522526107419527,6.26575,25063.0,10.0,run_0
6.387042138999959,2.4186106723394603,-0.19522526107419527,6.26575,25201.0,10.0,run_0
6.388532477999888,2.4531433584800997,-0.19825381276402687,6.30025,25201.0,10.0,run_0
6.389249488999894,2.4531433584800997,-0.19825381276402687,6.30025,25201.0,10.0,run_0
6.392670576,2.4531433584800997,-0.19825381276402687,6.30025,25351.0,10.0,run_0
6.394240946000082,2.487601672472998,-0.20126544890767478,6.33775,25351.0,10.0,run_0
6.395003588000009,2.487601672472998,-0.20126544890767478,6.33775,25351.0,10.0,run_0
6.398137224000038,2.487601672472998,-0.20126544890767478,6.33775,25501.0,10.0,run_0
6.399665514999924,2.522782028207025,-0.20434576436493201,6.37525,25501.0,10.0,run_0
6.400489308000033,2.522782028207025,-0.20434576436493201,6.37525,25501.0,10.0,run_0
6.404521231999979,2.522782028207025,-0.20434576436493201,6.37525,25636.0,10.0,run_0
6.40613944100005,2.5581205104802245,-0.20746243901748992,6.409,25636.0,10.0,run_0
6.407768562000001,2.5581205104802245,-0.20746243901748992,6.409,25636.0,10.0,run_0
6.408558594999931,2.5581205104802245,-0.20746243901748992,6.409,25779.0,10.0,run_0
6.410257506999869,2.5603364120376764,-0.20765874008566115,6.44475,25779.0,10.0,run_0
6.4109741649999705,2.5603364120376764,-0.20765874008566115,6.44475,25779.0,10.0,run_0
6.41164301699996,2.5603364120376764,-0.20765874008566115,6.44475,25925.0,10.0,run_0
6.413163019999956,2.5949991507062182,-0.21072811232964112,6.48125,25925.0,10.0,run_0
6.413852095000038,2.5949991507062182,-0.21072811232964112,6.48125,25925.0,10.0,run_0
6.416145459000063,2.6306710941697737,-0.213883986374242,6.5085,25925.0,10.0,run_0
6.4168071110000255,2.6306710941697737,-0.213883986374242,6.5085,25925.0,10.0,run_0
6.417479321999963,2.6306710941697737,-0.213883986374242,6.5085,26034.0,10.0,run_0
6.420433858000024,2.6306710941697737,-0.213883986374242,6.5085,26147.0,10.0,run_0
6.42180650399996,2.6669090313234913,-0.21708922922321192,6.53675,26147.0,10.0,run_0
6.422453372000064,2.6669090313234913,-0.21708922922321192,6.53675,26147.0,10.0,run_0
6.425928057999954,2.6669090313234913,-0.21708922922321192,6.53675,26302.0,10.0,run_0
6.428198094999971,2.7031192037554566,-0.22028574844663373,6.5755,26302.0,10.0,run_0
6.428890786000011,2.7031192037554566,-0.22028574844663373,6.5755,26302.0,10.0,run_0
6.431388690999938,2.7031192037554566,-0.22028574844663373,6.5755,26436.0,10.0,run_0
6.43359098499991,2.7390247065237103,-0.22344078137527684,6.609,26436.0,10.0,run_0
6.4343276429999605,2.7390247065237103,-0.22344078137527684,6.609,26436.0,10.0,run_0
6.436835562999931,2.7390247065237103,-0.22344078137527684,6.609,26546.0,10.0,run_0
6.438252465000005,2.7751914729035994,-0.22660712381349005,6.6365,26546.0,10.0,run_0
6.438961219000021,2.7751914729035994,-0.22660712381349005,6.6365,26546.0,10.0,run_0
6.442239236999967,2.7751914729035994,-0.22660712381349005,6.6365,26670.0,10.0,run_0
6.4436168429999725,2.8115797453620597,-0.22978726655147746,6.6675,26670.0,10.0,run_0
6.444363548999945,2.8115797453620597,-0.22978726655147746,6.6675,26670.0,10.0,run_0
6.4477120290000585,2.8115797453620597,-0.22978726655147746,6.6675,26811.0,10.0,run_0
6.44912761899991,2.8481210794675107,-0.23298072480518472,6.70275,26811.0,10.0,run_0
6.449831285000073,2.8481210794675107,-0.23298072480518472,6.70275,26811.0,10.0,run_0
6.45316139800002,2.8481210794675107,-0.23298072480518472,6.70275,26947.0,10.0,run_0
6.454519004000076,2.884715817632023,-0.2361849387548488,6.73675,26947.0,10.0,run_0
6.455219342999953,2.884715817632023,-0.2361849387548488,6.73675,26947.0,10.0,run_0
6.45873265299997,2.884715817632023,-0.2361849387548488,6.73675,27083.0,10.0,run_0
6.460213840000051,2.921742706419058,-0.23943806584303606,6.77075,27083.0,10.0,run_0
6.460935651,2.921742706419058,-0.23943806584303606,6.77075,27083.0,10.0,run_0
6.461590709999882,2.921742706419058,-0.23943806584303606,6.77075,27219.0,10.0,run_0
6.462955836999981,2.923861473240135,-0.2396245839632053,6.80475,27219.0,10.0,run_0
6.463807595999924,2.923861473240135,-0.2396245839632053,6.80475,27219.0,10.0,run_0
6.466879953999978,2.9604378817273207,-0.24284483239665763,6.834,27219.0,10.0,run_0
6.467707266999923,2.9604378817273207,-0.24284483239665763,6.834,27219.0,10.0,run_0
6.468590898000002,2.9604378817273207,-0.24284483239665763,6.834,27336.0,10.0,run_0
6.470735336999951,2.9604378817273207,-0.24284483239665763,6.834,27475.0,10.0,run_0
6.472266859999991,2.9980338716283876,-0.24615422177945304,6.86875,27475.0,10.0,run_0
6.4729617269999835,2.9980338716283876,-0.24615422177945304,6.86875,27475.0,10.0,run_0
6.47555918199987,2.9980338716283876,-0.24615422177945304,6.86875,27637.0,10.0,run_0
6.477029873999982,3.0356833878638505,-0.24945940454998902,6.90925,27637.0,10.0,run_0
6.477780963999976,3.0356833878638505,-0.24945940454998902,6.90925,27637.0,10.0,run_0
6.480910887999926,3.0356833878638505,-0.24945940454998902,6.90925,27760.0,10.0,run_0
6.482370060999983,3.0733302985299606,-0.25274453695385324,6.94,27760.0,10.0,run_0
6.483121246999872,3.0733302985299606,-0.25274453695385324,6.94,27760.0,10.0,run_0
6.486118885999986,3.0733302985299606,-0.25274453695385324,6.94,27874.0,10.0,run_0
6.487128019000011,3.0733302985299606,-0.25274453695385324,6.94,27874.0,10.0,run_0
6.488282237000021,3.110821094522446,-0.2559947511607132,6.9685,27874.0,10.0,run_0
6.491652412999883,3.110821094522446,-0.2559947511607132,6.9685,28019.0,10.0,run_0
6.492930916999967,3.149226237229978,-0.25931591122382813,7.00475,28019.0,10.0,run_0
6.493512986000042,3.149226237229978,-0.25931591122382813,7.00475,28019.0,10.0,run_0
6.497392208000065,3.149226237229978,-0.25931591122382813,7.00475,28183.0,10.0,run_0
6.498814068999991,3.1876720743741864,-0.262652697294919,7.04575,28183.0,10.0,run_0
6.499350667000044,3.1876720743741864,-0.262652697294919,7.04575,28183.0,10.0,run_0
6.502970407000021,3.1876720743741864,-0.262652697294919,7.04575,28295.0,10.0,run_0
6.504980032000049,3.226010522811641,-0.2660028608677948,7.07375,28295.0,10.0,run_0
6.505691795000075,3.226010522811641,-0.2660028608677948,7.07375,28295.0,10.0,run_0
6.50791268099988,3.226010522811641,-0.2660028608677948,7.07375,28444.0,10.0,run_0
6.509238544000027,3.2641448152670174,-0.2693462387360807,7.111,28444.0,10.0,run_0
6.509861060000048,3.2641448152670174,-0.2693462387360807,7.111,28444.0,10.0,run_0
6.513834713000051,3.2641448152670174,-0.2693462387360807,7.111,28548.0,10.0,run_0
6.515190367000059,3.3025735114383417,-0.272707053434681,7.137,28548.0,10.0,run_0
6.516512934000048,3.3025735114383417,-0.272707053434681,7.137,28548.0,10.0,run_0
6.51725688800002,3.3025735114383417,-0.272707053434681,7.137,28663.0,10.0,run_0
6.518709660000013,3.304323065881751,-0.2728598119849607,7.16575,28663.0,10.0,run_0
6.520810452999967,3.343059217977949,-0.27624401999128967,7.203,28663.0,10.0,run_0
6.521552935000045,3.343059217977949,-0.27624401999128967,7.203,28663.0,10.0,run_0
6.522407638000004,3.343059217977949,-0.27624401999128967,7.203,28812.0,10.0,run_0
6.523578111999996,3.343059217977949,-0.27624401999128967,7.203,28812.0,10.0,run_0
6.540151206000019,3.445273748907717,-0.28515095593686035,7.262,28812.0,10.0,run_0
6.541751047999924,3.445273748907717,-0.28515095593686035,7.262,28812.0,10.0,run_0
6.542510298000025,3.445273748907717,-0.28515095593686035,7.262,29048.0,10.0,run_0
6.545374883000022,3.4506942769185893,-0.2856220737473928,7.267,29048.0,10.0,run_0
6.546045910999965,3.4506942769185893,-0.2856220737473928,7.267,29048.0,10.0,run_0
6.546667050999986,3.4506942769185893,-0.2856220737473928,7.267,29068.0,10.0,run_0
6.548448968999992,3.4915013285596803,-0.289147843013957,7.2965,29068.0,10.0,run_0
6.549036189999924,3.4915013285596803,-0.289147843013957,7.2965,29068.0,10.0,run_0
6.549542164000059,3.4915013285596803,-0.289147843013957,7.2965,29186.0,10.0,run_0
6.55057740899997,3.4957530618379082,-0.28951301744438895,7.33625,29186.0,10.0,run_0
6.551663307999888,3.4957530618379082,-0.28951301744438895,7.33625,29186.0,10.0,run_0
6.552289695999889,3.4957530618379082,-0.28951301744438895,7.33625,29345.0,10.0,run_0
6.553611111000009,3.53485965853615,-0.29290697697593704,7.368,29345.0,10.0,run_0
6.554222748000029,3.53485965853615,-0.29290697697593704,7.368,29345.0,10.0,run_0
6.554797936999876,3.53485965853615,-0.29290697697593704,7.368,29472.0,10.0,run_0
6.556036761000087,3.5747593923576324,-0.2964131731470339,7.4,29472.0,10.0,run_0
6.556646766000085,3.5747593923576324,-0.2964131731470339,7.4,29472.0,10.0,run_0
6.557216355000037,3.5747593923576324,-0.2964131731470339,7.4,29600.0,10.0,run_0
6.558413036000047,3.6145127498275795,-0.29990978849056416,7.43475,29600.0,10.0,run_0
6.558980353999914,3.6145127498275795,-0.29990978849056416,7.43475,29600.0,10.0,run_0
6.559572981999963,3.6145127498275795,-0.29990978849056416,7.43475,29739.0,10.0,run_0
6.561359187999869,3.6145127498275795,-0.29990978849056416,7.43475,29842.0,10.0,run_0
6.562509503000001,3.654229336781664,-0.3034020704314263,7.4605,29842.0,10.0,run_0
6.563518475999899,3.654229336781664,-0.3034020704314263,7.4605,29842.0,10.0,run_0
6.567672924999897,3.6939333838619315,-0.30690331467334386,7.50125,29842.0,10.0,run_0
6.568345103999945,3.6939333838619315,-0.30690331467334386,7.50125,29842.0,10.0,run_0
6.568882981999877,3.6939333838619315,-0.30690331467334386,7.50125,30005.0,10.0,run_0
6.572475905999909,3.6939333838619315,-0.30690331467334386,7.50125,30162.0,10.0,run_0
6.573717578000014,3.733708001158794,-0.3104100932492848,7.5405,30162.0,10.0,run_0
6.5747969819999525,3.733708001158794,-0.3104100932492848,7.5405,30162.0,10.0,run_0
6.577797501000077,3.733708001158794,-0.3104100932492848,7.5405,30162.0,10.0,run_0
6.5785361109999485,3.733708001158794,-0.3104100932492848,7.5405,30291.0,10.0,run_0
6.579851574000031,3.773785082238166,-0.3139149403332741,7.57275,30291.0,10.0,run_0
6.582723424000051,3.773785082238166,-0.3139149403332741,7.57275,30405.0,10.0,run_0
6.584101830000009,3.8141316518455746,-0.31741058689886276,7.60125,30405.0,10.0,run_0
6.5847184579999976,3.8141316518455746,-0.31741058689886276,7.60125,30405.0,10.0,run_0
6.58819627999992,3.8141316518455746,-0.31741058689886276,7.60125,30567.0,10.0,run_0
6.589468895999971,3.8549054311481408,-0.3209427313804852,7.64175,30567.0,10.0,run_0
6.590135346999887,3.8549054311481408,-0.3209427313804852,7.64175,30567.0,10.0,run_0
6.594474304999949,3.8958943940922146,-0.32453314321705856,7.68075,30567.0,10.0,run_0
6.595309649000001,3.8958943940922146,-0.32453314321705856,7.68075,30567.0,10.0,run_0
6.597445801000049,3.8958943940922146,-0.32453314321705856,7.68075,30723.0,10.0,run_0
6.600292115000002,3.897739434330999,-0.32469602899389777,7.7105,30723.0,10.0,run_0
6.600993413999959,3.897739434330999,-0.32469602899389777,7.7105,30723.0,10.0,run_0
6.601655064999932,3.897739434330999,-0.32469602899389777,7.7105,30842.0,10.0,run_0
6.6029535049999595,3.9397521294994045,-0.32840259397231364,7.738,30842.0,10.0,run_0
6.603530933999991,3.9397521294994045,-0.32840259397231364,7.738,30842.0,10.0,run_0
6.604146762000028,3.9397521294994045,-0.32840259397231364,7.738,30952.0,10.0,run_0
6.605231732999982,3.9397521294994045,-0.32840259397231364,7.738,30952.0,10.0,run_0
6.6058283939999,3.9397521294994045,-0.32840259397231364,7.738,31081.0,10.0,run_0
6.607005427999866,3.9829202035131264,-0.33220585197359437,7.77025,31081.0,10.0,run_0
6.610275638000076,3.9829202035131264,-0.33220585197359437,7.77025,31224.0,10.0,run_0
6.612072723999972,4.025434120142791,-0.335960571388949,7.806,31224.0,10.0,run_0
6.612705159999905,4.025434120142791,-0.335960571388949,7.806,31224.0,10.0,run_0
6.6156314719999045,4.025434120142791,-0.335960571388949,7.806,31349.0,10.0,run_0
6.616995062999877,4.067683751590718,-0.33970404437461094,7.83725,31349.0,10.0,run_0
6.617629867000005,4.067683751590718,-0.33970404437461094,7.83725,31349.0,10.0,run_0
6.621172583000089,4.067683751590718,-0.33970404437461094,7.83725,31454.0,10.0,run_0
6.6226229879998755,4.110687837806777,-0.3434958259543382,7.8635,31454.0,10.0,run_0
6.623288767000076,4.110687837806777,-0.3434958259543382,7.8635,31454.0,10.0,run_0
6.626673599000014,4.110687837806777,-0.3434958259543382,7.8635,31572.0,10.0,run_0
6.628476764999959,4.154009934767783,-0.34728456612167313,7.893,31572.0,10.0,run_0
6.629222766999874,4.154009934767783,-0.34728456612167313,7.893,31572.0,10.0,run_0
6.632230358000015,4.154009934767783,-0.34728456612167313,7.893,31707.0,10.0,run_0
6.6338758310000685,4.197385783122834,-0.3510820595732926,7.92675,31707.0,10.0,run_0
6.634652263999897,4.197385783122834,-0.3510820595732926,7.92675,31707.0,10.0,run_0
6.638346850000062,4.197385783122834,-0.3510820595732926,7.92675,31707.0,10.0,run_0
6.639118579000069,4.197385783122834,-0.3510820595732926,7.92675,31828.0,10.0,run_0
6.640524185000004,4.240643926487361,-0.35491177417933784,7.957,31828.0,10.0,run_0
6.642989546000081,4.240643926487361,-0.35491177417933784,7.957,31928.0,10.0,run_0
6.644238705999896,4.284216804943283,-0.3588014815068969,7.982,31928.0,10.0,run_0
6.644828103000009,4.284216804943283,-0.3588014815068969,7.982,31928.0,10.0,run_0
6.648532640999974,4.284216804943283,-0.3588014815068969,7.982,32024.0,10.0,run_0
6.649832199999992,4.327824550230813,-0.36268799531988055,8.006,32024.0,10.0,run_0
6.650460636999924,4.327824550230813,-0.36268799531988055,8.006,32024.0,10.0,run_0
6.651068785000007,4.327824550230813,-0.36268799531988055,8.006,32157.0,10.0,run_0
6.652349529000048,4.330239624806987,-0.36290258643757917,8.03925,32157.0,10.0,run_0
6.654034648999868,4.330239624806987,-0.36290258643757917,8.03925,32157.0,10.0,run_0
6.6556078989999605,4.373732707579585,-0.36677620549845685,8.069,32157.0,10.0,run_0
6.656325100999993,4.373732707579585,-0.36677620549845685,8.069,32157.0,10.0,run_0
6.656973153000081,4.373732707579585,-0.36677620549845685,8.069,32276.0,10.0,run_0
6.659589935999975,4.373732707579585,-0.36677620549845685,8.069,32381.0,10.0,run_0
6.660996149000084,4.417067030026527,-0.3706348323416453,8.09525,32381.0,10.0,run_0
6.661674984000001,4.417067030026527,-0.3706348323416453,8.09525,32381.0,10.0,run_0
6.665048999999954,4.417067030026527,-0.3706348323416453,8.09525,32483.0,10.0,run_0
6.666408686000068,4.4613333387018645,-0.37454596854802896,8.12075,32483.0,10.0,run_0
6.667051522000065,4.4613333387018645,-0.37454596854802896,8.12075,32483.0,10.0,run_0
6.670528800000056,4.4613333387018645,-0.37454596854802896,8.12075,32616.0,10.0,run_0
6.671913797999878,4.505645947516118,-0.37844702455943535,8.154,32616.0,10.0,run_0
6.672573690000036,4.505645947516118,-0.37844702455943535,8.154,32616.0,10.0,run_0
6.67692023099994,4.505645947516118,-0.37844702455943535,8.154,32739.0,10.0,run_0
6.678564263999988,4.550425801016843,-0.38242957586683546,8.18475,32739.0,10.0,run_0
6.679261275000044,4.550425801016843,-0.38242957586683546,8.18475,32739.0,10.0,run_0
6.681716364000067,4.550425801016843,-0.38242957586683546,8.18475,32841.0,10.0,run_0
6.683065458999863,4.5951046804383955,-0.3864590240282589,8.21025,32841.0,10.0,run_0
6.683706663000066,4.5951046804383955,-0.3864590240282589,8.21025,32841.0,10.0,run_0
6.686954888999935,4.5951046804383955,-0.3864590240282589,8.21025,32941.0,10.0,run_0
6.688323534999881,4.64025580918397,-0.3905487756850521,8.23525,32941.0,10.0,run_0
6.689019649999864,4.64025580918397,-0.3905487756850521,8.23525,32941.0,10.0,run_0
6.692467808999936,4.64025580918397,-0.3905487756850521,8.23525,33080.0,10.0,run_0
6.693800519999968,4.685174421691229,-0.3946118573098641,8.27,33080.0,10.0,run_0
6.6944383949999064,4.685174421691229,-0.3946118573098641,8.27,33080.0,10.0,run_0
6.699346654999999,4.730970471827038,-0.39876539865450145,8.30575,33080.0,10.0,run_0
6.700180623000051,4.730970471827038,-0.39876539865450145,8.30575,33080.0,10.0,run_0
6.700976287999993,4.730970471827038,-0.39876539865450145,8.30575,33223.0,10.0,run_0
6.705145521000077,4.7769313367210575,-0.40294386759649614,8.33075,33223.0,10.0,run_0
6.706039136000072,4.7769313367210575,-0.40294386759649614,8.33075,33223.0,10.0,run_0
6.7067753139999695,4.7769313367210575,-0.40294386759649614,8.33075,33323.0,10.0,run_0
6.709281153999882,4.7800187563568155,-0.4032243955278027,8.35975,33323.0,10.0,run_0
6.710043251999878,4.7800187563568155,-0.4032243955278027,8.35975,33323.0,10.0,run_0
6.711607189999995,4.7800187563568155,-0.4032243955278027,8.35975,33439.0,10.0,run_0
6.7132979099999375,4.824911404740644,-0.4072811202104555,8.39875,33439.0,10.0,run_0
6.71397280899987,4.824911404740644,-0.4072811202104555,8.39875,33439.0,10.0,run_0
6.714653085000009,4.824911404740644,-0.4072811202104555,8.39875,33595.0,10.0,run_0
6.717047374999993,4.871530350812714,-0.41151011479579896,8.43575,33595.0,10.0,run_0
6.717800064999892,4.871530350812714,-0.41151011479579896,8.43575,33595.0,10.0,run_0
6.718458708000071,4.871530350812714,-0.41151011479579896,8.43575,33743.0,10.0,run_0
6.720766920999949,4.871530350812714,-0.41151011479579896,8.43575,33743.0,10.0,run_0
6.721476794999944,4.871530350812714,-0.41151011479579896,8.43575,33848.0,10.0,run_0
6.722779395000089,4.918376940296945,-0.4158392377212566,8.462,33848.0,10.0,run_0
6.725894951999862,4.918376940296945,-0.4158392377212566,8.462,33956.0,10.0,run_0
6.727211342999908,4.9654759813565725,-0.4202280150504873,8.489,33956.0,10.0,run_0
6.727852899000027,4.9654759813565725,-0.4202280150504873,8.489,33956.0,10.0,run_0
6.731311936999873,4.9654759813565725,-0.4202280150504873,8.489,34119.0,10.0,run_0
6.732600392999984,5.0115428025833255,-0.42450303398127454,8.52975,34119.0,10.0,run_0
