QP_MUL,46
P_QP_MUL,53
MG_QP_MUL,46
MG_K_MUL,36
K_QP_MUL,42
FN_MUL,41
SUM2_QP_RAW,28
SUM4_QP_RAW,22
SUM8_QP_RAW,21
SUM6_QP_tree,44
SUM6_QP_ACC,44
SUM2_P_RAW,36
SUM6_P_QP,52
SUM2_P_QP,44
SUM4_P_QP,46
SUM2_P_MIX,52
SUM4_P_MIX,52
SUM8_P_MIX,52
SUM8_P_MIX_pupdate,52
SUM2_MG_RAW,22
SUM6_MG_QP,39
SUM2_MG_QP,30
SUM4_MG_QP,32
SUM2_QP_MG,45
SUM2_MG_K,37
SUM2_K_QP,39
SUM4_K_QP,40
SUM8_K_QP,40
QP_RECIP_SHIFT,21
FN_RECIP_SHIFT,23
QP_DET_MUL,44
QP_ITEM,44
P_QP_ITEM,52
P_MIX_ITEM,51
MG_QP_ITEM,39
K_QP_ITEM,38
QP_STORE,26
FN_STORE,21
P_STORE,34
MG_STORE,21
K_STORE,17
